CUSTID,SDATE,店舗,商品,数量,単価,小計
100619,2024-01-01,店舗1,商品12,5,194,970
100973,2024-01-01,店舗1,商品12,4,194,776
101179,2024-01-01,店舗1,商品12,8,194,1552
101179,2024-01-01,店舗1,商品12,4,194,776
101301,2024-01-01,店舗1,商品12,5,194,970
101380,2024-01-01,店舗1,商品07,4,172,688
101380,2024-01-01,店舗1,商品07,4,172,688
101380,2024-01-01,店舗1,商品07,3,172,516
101380,2024-01-01,店舗1,商品11,2,594,1188
101501,2024-01-01,店舗1,商品12,9,194,1746
101789,2024-01-01,店舗1,商品12,11,194,2134
101867,2024-01-01,店舗1,商品12,5,194,970
102112,2024-01-01,店舗1,商品12,5,194,970
102112,2024-01-01,店舗1,商品12,7,194,1358
102371,2024-01-01,店舗1,商品12,8,194,1552
102437,2024-01-01,店舗1,商品12,6,194,1164
102437,2024-01-01,店舗1,商品12,7,194,1358
102879,2024-01-01,店舗1,商品09,4,172,688
102931,2024-01-01,店舗1,商品12,5,194,970
102931,2024-01-01,店舗1,商品12,10,194,1940
103214,2024-01-01,店舗1,商品12,5,194,970
103214,2024-01-01,店舗1,商品12,4,194,776
103215,2024-01-01,店舗1,商品12,4,194,776
103449,2024-01-01,店舗1,商品12,3,194,582
103722,2024-01-01,店舗1,商品12,7,194,1358
103993,2024-01-01,店舗1,商品12,6,194,1164
105038,2024-01-01,店舗1,商品12,2,194,388
105334,2024-01-01,店舗1,商品12,5,194,970
105725,2024-01-01,店舗1,商品12,5,194,970
105725,2024-01-01,店舗1,商品12,5,194,970
101084,2024-01-01,店舗2,商品09,2,172,344
104665,2024-01-01,店舗2,商品03,1,421,421
104665,2024-01-01,店舗2,商品03,1,421,421
104665,2024-01-01,店舗2,商品03,1,421,421
104665,2024-01-01,店舗2,商品03,1,421,421
104665,2024-01-01,店舗2,商品03,1,421,421
105244,2024-01-01,店舗2,商品04,2,194,388
105566,2024-01-01,店舗2,商品10,1,194,194
105863,2024-01-01,店舗2,商品08,1,194,194
100067,2024-01-02,店舗1,商品12,3,194,582
100122,2024-01-02,店舗1,商品12,9,194,1746
101349,2024-01-02,店舗1,商品12,5,194,970
101731,2024-01-02,店舗1,商品12,11,194,2134
102397,2024-01-02,店舗1,商品07,6,172,1032
103369,2024-01-02,店舗1,商品10,5,194,970
103613,2024-01-02,店舗1,商品11,2,594,1188
104026,2024-01-02,店舗1,商品12,6,194,1164
105816,2024-01-02,店舗1,商品12,5,194,970
101229,2024-01-02,店舗2,商品09,3,172,516
101229,2024-01-02,店舗2,商品09,3,172,516
101850,2024-01-02,店舗2,商品07,2,172,344
102291,2024-01-02,店舗2,商品05,2,194,388
102291,2024-01-02,店舗2,商品06,2,194,388
103455,2024-01-02,店舗2,商品06,2,194,388
104373,2024-01-02,店舗2,商品06,1,194,194
104420,2024-01-02,店舗2,商品05,3,194,582
104420,2024-01-02,店舗2,商品05,2,194,388
104420,2024-01-02,店舗2,商品05,1,194,194
104531,2024-01-02,店舗2,商品04,1,194,194
104939,2024-01-02,店舗2,商品06,2,194,388
105287,2024-01-02,店舗2,商品05,2,194,388
105938,2024-01-02,店舗2,商品07,3,172,516
100418,2024-01-03,店舗1,商品12,3,194,582
100706,2024-01-03,店舗1,商品12,10,194,1940
101959,2024-01-03,店舗1,商品12,7,194,1358
103037,2024-01-03,店舗1,商品12,4,194,776
103121,2024-01-03,店舗1,商品12,10,194,1940
103168,2024-01-03,店舗1,商品12,5,194,970
104339,2024-01-03,店舗1,商品12,2,194,388
105598,2024-01-03,店舗1,商品12,8,194,1552
105768,2024-01-03,店舗1,商品12,4,194,776
105809,2024-01-03,店舗1,商品12,5,194,970
101427,2024-01-03,店舗2,商品07,3,172,516
101427,2024-01-03,店舗2,商品08,2,194,388
102103,2024-01-03,店舗2,商品09,2,172,344
102825,2024-01-03,店舗2,商品07,2,172,344
103049,2024-01-03,店舗2,商品04,3,194,582
103350,2024-01-03,店舗2,商品08,2,194,388
104343,2024-01-03,店舗2,商品09,3,172,516
104343,2024-01-03,店舗2,商品09,4,172,688
104941,2024-01-03,店舗2,商品09,2,172,344
105763,2024-01-03,店舗2,商品08,2,194,388
105763,2024-01-03,店舗2,商品08,2,194,388
101450,2024-01-04,店舗1,商品12,4,194,776
103412,2024-01-04,店舗1,商品12,4,194,776
103993,2024-01-04,店舗1,商品12,4,194,776
104852,2024-01-04,店舗1,商品03,2,421,842
104954,2024-01-04,店舗1,商品12,3,194,582
104954,2024-01-04,店舗1,商品12,7,194,1358
105232,2024-01-04,店舗1,商品12,7,194,1358
105232,2024-01-04,店舗1,商品12,4,194,776
105778,2024-01-04,店舗1,商品12,3,194,582
105851,2024-01-04,店舗1,商品12,5,194,970
100311,2024-01-04,店舗2,商品01,2,172,344
101633,2024-01-04,店舗2,商品05,3,194,582
101633,2024-01-04,店舗2,商品05,2,194,388
102157,2024-01-04,店舗2,商品05,2,194,388
102157,2024-01-04,店舗2,商品05,1,194,194
102157,2024-01-04,店舗2,商品05,1,194,194
102529,2024-01-04,店舗2,商品08,2,194,388
103168,2024-01-04,店舗2,商品07,5,172,860
103168,2024-01-04,店舗2,商品09,3,172,516
103461,2024-01-04,店舗2,商品07,3,172,516
104114,2024-01-04,店舗2,商品09,2,172,344
104169,2024-01-04,店舗2,商品07,3,172,516
104880,2024-01-04,店舗2,商品08,4,194,776
104880,2024-01-04,店舗2,商品09,3,172,516
105006,2024-01-04,店舗2,商品09,3,172,516
105462,2024-01-04,店舗2,商品08,1,194,194
100243,2024-01-05,店舗1,商品12,4,194,776
100585,2024-01-05,店舗1,商品12,2,194,388
101266,2024-01-05,店舗1,商品12,5,194,970
101999,2024-01-05,店舗1,商品12,3,194,582
102045,2024-01-05,店舗1,商品12,3,194,582
102122,2024-01-05,店舗1,商品12,3,194,582
103025,2024-01-05,店舗1,商品12,4,194,776
103418,2024-01-05,店舗1,商品12,5,194,970
104117,2024-01-05,店舗1,商品12,8,194,1552
104120,2024-01-05,店舗1,商品07,3,172,516
104120,2024-01-05,店舗1,商品07,4,172,688
104120,2024-01-05,店舗1,商品07,8,172,1376
104120,2024-01-05,店舗1,商品07,9,172,1548
104258,2024-01-05,店舗1,商品11,1,594,594
104258,2024-01-05,店舗1,商品11,1,594,594
100230,2024-01-05,店舗2,商品07,2,172,344
100640,2024-01-05,店舗2,商品08,4,194,776
101194,2024-01-05,店舗2,商品07,4,172,688
101263,2024-01-05,店舗2,商品05,3,194,582
101263,2024-01-05,店舗2,商品05,3,194,582
101328,2024-01-05,店舗2,商品07,2,172,344
101328,2024-01-05,店舗2,商品09,2,172,344
101559,2024-01-05,店舗2,商品01,3,172,516
101618,2024-01-05,店舗2,商品10,2,194,388
101973,2024-01-05,店舗2,商品08,4,194,776
103060,2024-01-05,店舗2,商品09,2,172,344
104589,2024-01-05,店舗2,商品07,3,172,516
104862,2024-01-05,店舗2,商品09,3,172,516
104867,2024-01-05,店舗2,商品09,3,172,516
105581,2024-01-05,店舗2,商品01,2,172,344
105581,2024-01-05,店舗2,商品01,2,172,344
100005,2024-01-06,店舗1,商品12,9,194,1746
100008,2024-01-06,店舗1,商品12,7,194,1358
100334,2024-01-06,店舗1,商品12,7,194,1358
100334,2024-01-06,店舗1,商品12,7,194,1358
100878,2024-01-06,店舗1,商品12,4,194,776
100977,2024-01-06,店舗1,商品12,3,194,582
101688,2024-01-06,店舗1,商品12,5,194,970
103004,2024-01-06,店舗1,商品12,4,194,776
103025,2024-01-06,店舗1,商品12,6,194,1164
103123,2024-01-06,店舗1,商品12,10,194,1940
103230,2024-01-06,店舗1,商品12,7,194,1358
103230,2024-01-06,店舗1,商品12,5,194,970
103484,2024-01-06,店舗1,商品12,7,194,1358
104581,2024-01-06,店舗1,商品12,7,194,1358
104581,2024-01-06,店舗1,商品12,3,194,582
104581,2024-01-06,店舗1,商品12,8,194,1552
104587,2024-01-06,店舗1,商品12,6,194,1164
104640,2024-01-06,店舗1,商品12,8,194,1552
104707,2024-01-06,店舗1,商品12,4,194,776
104882,2024-01-06,店舗1,商品12,2,194,388
105068,2024-01-06,店舗1,商品12,7,194,1358
105068,2024-01-06,店舗1,商品12,2,194,388
105521,2024-01-06,店舗1,商品12,6,194,1164
105656,2024-01-06,店舗1,商品12,9,194,1746
105716,2024-01-06,店舗1,商品12,6,194,1164
105768,2024-01-06,店舗1,商品12,5,194,970
105816,2024-01-06,店舗1,商品12,6,194,1164
100101,2024-01-06,店舗2,商品05,1,194,194
102627,2024-01-06,店舗2,商品07,2,172,344
103264,2024-01-06,店舗2,商品04,2,194,388
104443,2024-01-06,店舗2,商品08,1,194,194
104443,2024-01-06,店舗2,商品08,1,194,194
104443,2024-01-06,店舗2,商品08,2,194,388
104443,2024-01-06,店舗2,商品08,1,194,194
100058,2024-01-07,店舗1,商品12,5,194,970
100831,2024-01-07,店舗1,商品12,8,194,1552
100831,2024-01-07,店舗1,商品12,5,194,970
100853,2024-01-07,店舗1,商品12,6,194,1164
100892,2024-01-07,店舗1,商品12,5,194,970
101455,2024-01-07,店舗1,商品12,3,194,582
101748,2024-01-07,店舗1,商品12,4,194,776
101997,2024-01-07,店舗1,商品12,6,194,1164
101997,2024-01-07,店舗1,商品12,9,194,1746
102063,2024-01-07,店舗1,商品12,9,194,1746
102437,2024-01-07,店舗1,商品12,7,194,1358
103193,2024-01-07,店舗1,商品12,13,194,2522
103353,2024-01-07,店舗1,商品12,5,194,970
103394,2024-01-07,店舗1,商品12,9,194,1746
103762,2024-01-07,店舗1,商品12,4,194,776
103775,2024-01-07,店舗1,商品12,8,194,1552
104515,2024-01-07,店舗1,商品12,4,194,776
104826,2024-01-07,店舗1,商品12,9,194,1746
104942,2024-01-07,店舗1,商品12,6,194,1164
104976,2024-01-07,店舗1,商品12,5,194,970
104976,2024-01-07,店舗1,商品12,5,194,970
105010,2024-01-07,店舗1,商品11,1,594,594
105625,2024-01-07,店舗1,商品12,6,194,1164
105629,2024-01-07,店舗1,商品12,7,194,1358
100780,2024-01-07,店舗2,商品09,2,172,344
102306,2024-01-07,店舗2,商品09,1,172,172
102529,2024-01-07,店舗2,商品08,1,194,194
102529,2024-01-07,店舗2,商品08,2,194,388
102529,2024-01-07,店舗2,商品08,1,194,194
100382,2024-01-08,店舗1,商品12,3,194,582
100408,2024-01-08,店舗1,商品12,4,194,776
101105,2024-01-08,店舗1,商品12,7,194,1358
101105,2024-01-08,店舗1,商品12,2,194,388
101375,2024-01-08,店舗1,商品12,6,194,1164
101386,2024-01-08,店舗1,商品12,4,194,776
101427,2024-01-08,店舗1,商品12,5,194,970
101427,2024-01-08,店舗1,商品12,6,194,1164
101731,2024-01-08,店舗1,商品07,5,172,860
101731,2024-01-08,店舗1,商品07,4,172,688
101731,2024-01-08,店舗1,商品07,4,172,688
101755,2024-01-08,店舗1,商品12,4,194,776
101755,2024-01-08,店舗1,商品12,3,194,582
102045,2024-01-08,店舗1,商品12,4,194,776
102869,2024-01-08,店舗1,商品10,4,194,776
102869,2024-01-08,店舗1,商品10,4,194,776
102920,2024-01-08,店舗1,商品12,3,194,582
102920,2024-01-08,店舗1,商品12,6,194,1164
103031,2024-01-08,店舗1,商品12,6,194,1164
103433,2024-01-08,店舗1,商品01,4,172,688
103626,2024-01-08,店舗1,商品12,6,194,1164
104454,2024-01-08,店舗1,商品12,4,194,776
105068,2024-01-08,店舗1,商品12,3,194,582
105068,2024-01-08,店舗1,商品12,3,194,582
105068,2024-01-08,店舗1,商品12,7,194,1358
105307,2024-01-08,店舗1,商品12,4,194,776
105307,2024-01-08,店舗1,商品12,6,194,1164
105748,2024-01-08,店舗1,商品12,6,194,1164
101043,2024-01-08,店舗2,商品08,1,194,194
102279,2024-01-08,店舗2,商品05,1,194,194
102279,2024-01-08,店舗2,商品06,1,194,194
102738,2024-01-08,店舗2,商品06,1,194,194
104120,2024-01-08,店舗2,商品07,1,172,172
104120,2024-01-08,店舗2,商品07,1,172,172
104120,2024-01-08,店舗2,商品07,1,172,172
104120,2024-01-08,店舗2,商品07,1,172,172
104120,2024-01-08,店舗2,商品07,1,172,172
104120,2024-01-08,店舗2,商品07,1,172,172
104120,2024-01-08,店舗2,商品07,1,172,172
104120,2024-01-08,店舗2,商品07,1,172,172
104725,2024-01-08,店舗2,商品04,1,194,194
104725,2024-01-08,店舗2,商品04,1,194,194
105667,2024-01-08,店舗2,商品06,1,194,194
105667,2024-01-08,店舗2,商品09,1,172,172
101897,2024-01-09,店舗1,商品12,3,194,582
101897,2024-01-09,店舗1,商品12,3,194,582
102600,2024-01-09,店舗1,商品12,3,194,582
102997,2024-01-09,店舗1,商品12,4,194,776
103613,2024-01-09,店舗1,商品07,4,172,688
104515,2024-01-09,店舗1,商品12,5,194,970
104515,2024-01-09,店舗1,商品12,3,194,582
105755,2024-01-09,店舗1,商品12,4,194,776
105755,2024-01-09,店舗1,商品12,6,194,1164
105907,2024-01-09,店舗1,商品12,3,194,582
100198,2024-01-09,店舗2,商品08,4,194,776
100985,2024-01-09,店舗2,商品09,4,172,688
101169,2024-01-09,店舗2,商品08,4,194,776
102038,2024-01-09,店舗2,商品08,3,194,582
102103,2024-01-09,店舗2,商品09,3,172,516
102586,2024-01-09,店舗2,商品07,3,172,516
103560,2024-01-09,店舗2,商品04,2,194,388
103898,2024-01-09,店舗2,商品04,2,194,388
104036,2024-01-09,店舗2,商品04,3,194,582
104604,2024-01-09,店舗2,商品08,2,194,388
104942,2024-01-09,店舗2,商品09,2,172,344
104942,2024-01-09,店舗2,商品09,3,172,516
105677,2024-01-09,店舗2,商品06,3,194,582
100949,2024-01-10,店舗1,商品12,4,194,776
101209,2024-01-10,店舗1,商品12,3,194,582
101564,2024-01-10,店舗1,商品11,1,594,594
101564,2024-01-10,店舗1,商品11,2,594,1188
102941,2024-01-10,店舗1,商品10,8,194,1552
103443,2024-01-10,店舗1,商品12,6,194,1164
103705,2024-01-10,店舗1,商品12,4,194,776
103995,2024-01-10,店舗1,商品12,5,194,970
104091,2024-01-10,店舗1,商品12,9,194,1746
100532,2024-01-10,店舗2,商品07,2,172,344
101028,2024-01-10,店舗2,商品08,4,194,776
101405,2024-01-10,店舗2,商品09,2,172,344
101841,2024-01-10,店舗2,商品09,2,172,344
102052,2024-01-10,店舗2,商品09,4,172,688
102697,2024-01-10,店舗2,商品09,3,172,516
103563,2024-01-10,店舗2,商品05,2,194,388
103702,2024-01-10,店舗2,商品09,3,172,516
103702,2024-01-10,店舗2,商品09,2,172,344
103702,2024-01-10,店舗2,商品09,3,172,516
104834,2024-01-10,店舗2,商品01,3,172,516
105477,2024-01-10,店舗2,商品09,3,172,516
105749,2024-01-10,店舗2,商品09,3,172,516
105780,2024-01-10,店舗2,商品07,1,172,172
100422,2024-01-11,店舗1,商品12,3,194,582
100422,2024-01-11,店舗1,商品12,5,194,970
101175,2024-01-11,店舗1,商品12,1,194,194
101389,2024-01-11,店舗1,商品12,3,194,582
102757,2024-01-11,店舗1,商品12,4,194,776
102757,2024-01-11,店舗1,商品12,6,194,1164
104087,2024-01-11,店舗1,商品12,3,194,582
104087,2024-01-11,店舗1,商品12,3,194,582
104253,2024-01-11,店舗1,商品12,2,194,388
104253,2024-01-11,店舗1,商品12,4,194,776
104867,2024-01-11,店舗1,商品12,3,194,582
105231,2024-01-11,店舗1,商品12,1,194,194
100587,2024-01-11,店舗2,商品09,2,172,344
100750,2024-01-11,店舗2,商品07,3,172,516
101225,2024-01-11,店舗2,商品09,2,172,344
101403,2024-01-11,店舗2,商品09,2,172,344
101403,2024-01-11,店舗2,商品09,2,172,344
101726,2024-01-11,店舗2,商品07,3,172,516
103049,2024-01-11,店舗2,商品04,1,194,194
103157,2024-01-11,店舗2,商品06,2,194,388
103980,2024-01-11,店舗2,商品09,2,172,344
103980,2024-01-11,店舗2,商品10,2,194,388
104087,2024-01-11,店舗2,商品06,2,194,388
104087,2024-01-11,店舗2,商品06,3,194,582
104120,2024-01-11,店舗2,商品04,2,194,388
104120,2024-01-11,店舗2,商品07,4,172,688
104229,2024-01-11,店舗2,商品07,4,172,688
101936,2024-01-12,店舗1,商品12,5,194,970
102410,2024-01-12,店舗1,商品12,6,194,1164
102552,2024-01-12,店舗1,商品12,4,194,776
102641,2024-01-12,店舗1,商品12,9,194,1746
102642,2024-01-12,店舗1,商品12,4,194,776
104114,2024-01-12,店舗1,商品05,4,194,776
104596,2024-01-12,店舗1,商品12,7,194,1358
105005,2024-01-12,店舗1,商品12,6,194,1164
105194,2024-01-12,店舗1,商品12,7,194,1358
105667,2024-01-12,店舗1,商品12,7,194,1358
100921,2024-01-12,店舗2,商品08,2,194,388
102207,2024-01-12,店舗2,商品07,4,172,688
102217,2024-01-12,店舗2,商品09,1,172,172
103800,2024-01-12,店舗2,商品04,2,194,388
103800,2024-01-12,店舗2,商品04,3,194,582
104574,2024-01-12,店舗2,商品07,2,172,344
104623,2024-01-12,店舗2,商品04,3,194,582
104761,2024-01-12,店舗2,商品05,2,194,388
104867,2024-01-12,店舗2,商品01,4,172,688
105360,2024-01-12,店舗2,商品08,4,194,776
105682,2024-01-12,店舗2,商品06,5,194,970
105708,2024-01-12,店舗2,商品07,2,172,344
105708,2024-01-12,店舗2,商品07,2,172,344
105768,2024-01-12,店舗2,商品09,3,172,516
100331,2024-01-13,店舗1,商品12,9,194,1746
100511,2024-01-13,店舗1,商品12,5,194,970
100511,2024-01-13,店舗1,商品12,6,194,1164
101349,2024-01-13,店舗1,商品12,5,194,970
101427,2024-01-13,店舗1,商品12,8,194,1552
101450,2024-01-13,店舗1,商品12,4,194,776
101560,2024-01-13,店舗1,商品12,10,194,1940
101781,2024-01-13,店舗1,商品12,4,194,776
101888,2024-01-13,店舗1,商品12,7,194,1358
101888,2024-01-13,店舗1,商品12,6,194,1164
101992,2024-01-13,店舗1,商品12,6,194,1164
102143,2024-01-13,店舗1,商品12,8,194,1552
102217,2024-01-13,店舗1,商品12,9,194,1746
102561,2024-01-13,店舗1,商品12,8,194,1552
102913,2024-01-13,店舗1,商品12,7,194,1358
103308,2024-01-13,店舗1,商品12,5,194,970
103730,2024-01-13,店舗1,商品12,5,194,970
103939,2024-01-13,店舗1,商品12,5,194,970
103939,2024-01-13,店舗1,商品12,7,194,1358
104256,2024-01-13,店舗1,商品12,6,194,1164
104337,2024-01-13,店舗1,商品12,4,194,776
104769,2024-01-13,店舗1,商品12,6,194,1164
104867,2024-01-13,店舗1,商品10,10,194,1940
104948,2024-01-13,店舗1,商品12,13,194,2522
105325,2024-01-13,店舗1,商品12,6,194,1164
101634,2024-01-13,店舗2,商品08,4,194,776
102149,2024-01-13,店舗2,商品07,2,172,344
104373,2024-01-13,店舗2,商品05,2,194,388
104640,2024-01-13,店舗2,商品08,2,194,388
100464,2024-01-14,店舗1,商品12,6,194,1164
100534,2024-01-14,店舗1,商品12,9,194,1746
100575,2024-01-14,店舗1,商品12,5,194,970
100685,2024-01-14,店舗1,商品07,6,172,1032
100685,2024-01-14,店舗1,商品07,4,172,688
101375,2024-01-14,店舗1,商品12,6,194,1164
101475,2024-01-14,店舗1,商品12,6,194,1164
101475,2024-01-14,店舗1,商品12,10,194,1940
102771,2024-01-14,店舗1,商品12,5,194,970
102771,2024-01-14,店舗1,商品12,5,194,970
103285,2024-01-14,店舗1,商品12,4,194,776
103412,2024-01-14,店舗1,商品12,11,194,2134
103797,2024-01-14,店舗1,商品01,5,172,860
103881,2024-01-14,店舗1,商品12,4,194,776
104075,2024-01-14,店舗1,商品12,7,194,1358
104295,2024-01-14,店舗1,商品12,4,194,776
104379,2024-01-14,店舗1,商品12,8,194,1552
104751,2024-01-14,店舗1,商品12,7,194,1358
104913,2024-01-14,店舗1,商品12,4,194,776
105214,2024-01-14,店舗1,商品12,6,194,1164
105740,2024-01-14,店舗1,商品10,4,194,776
105740,2024-01-14,店舗1,商品10,16,194,3104
105964,2024-01-14,店舗1,商品01,6,172,1032
105967,2024-01-14,店舗1,商品12,8,194,1552
102865,2024-01-14,店舗2,商品04,1,194,194
103123,2024-01-14,店舗2,商品08,2,194,388
104225,2024-01-14,店舗2,商品08,3,194,582
101216,2024-01-15,店舗1,商品12,2,194,388
103098,2024-01-15,店舗1,商品12,2,194,388
103563,2024-01-15,店舗1,商品12,3,194,582
103892,2024-01-15,店舗1,商品12,4,194,776
104026,2024-01-15,店舗1,商品12,2,194,388
104026,2024-01-15,店舗1,商品12,2,194,388
104026,2024-01-15,店舗1,商品12,4,194,776
105041,2024-01-15,店舗1,商品12,4,194,776
105104,2024-01-15,店舗1,商品12,3,194,582
105104,2024-01-15,店舗1,商品12,4,194,776
105104,2024-01-15,店舗1,商品12,3,194,582
105104,2024-01-15,店舗1,商品12,2,194,388
100074,2024-01-15,店舗2,商品08,3,194,582
100074,2024-01-15,店舗2,商品08,2,194,388
101304,2024-01-15,店舗2,商品07,3,172,516
101304,2024-01-15,店舗2,商品07,3,172,516
101781,2024-01-15,店舗2,商品10,2,194,388
101925,2024-01-15,店舗2,商品08,3,194,582
102485,2024-01-15,店舗2,商品04,4,194,776
102485,2024-01-15,店舗2,商品06,3,194,582
102551,2024-01-15,店舗2,商品07,2,172,344
103084,2024-01-15,店舗2,商品06,3,194,582
103373,2024-01-15,店舗2,商品09,2,172,344
104029,2024-01-15,店舗2,商品08,3,194,582
105598,2024-01-15,店舗2,商品01,2,172,344
105755,2024-01-15,店舗2,商品03,1,421,421
105948,2024-01-15,店舗2,商品10,1,194,194
100067,2024-01-16,店舗1,商品12,2,194,388
100720,2024-01-16,店舗1,商品12,2,194,388
101213,2024-01-16,店舗1,商品12,3,194,582
101213,2024-01-16,店舗1,商品12,5,194,970
101213,2024-01-16,店舗1,商品12,4,194,776
103097,2024-01-16,店舗1,商品12,2,194,388
103980,2024-01-16,店舗1,商品05,3,194,582
103980,2024-01-16,店舗1,商品05,3,194,582
103980,2024-01-16,店舗1,商品05,6,194,1164
104790,2024-01-16,店舗1,商品12,3,194,582
105322,2024-01-16,店舗1,商品12,3,194,582
100244,2024-01-16,店舗2,商品08,2,194,388
101043,2024-01-16,店舗2,商品04,1,194,194
102155,2024-01-16,店舗2,商品05,2,194,388
102288,2024-01-16,店舗2,商品09,4,172,688
102288,2024-01-16,店舗2,商品09,3,172,516
102757,2024-01-16,店舗2,商品07,3,172,516
102839,2024-01-16,店舗2,商品04,2,194,388
102839,2024-01-16,店舗2,商品04,4,194,776
103049,2024-01-16,店舗2,商品04,3,194,582
103564,2024-01-16,店舗2,商品08,2,194,388
104030,2024-01-16,店舗2,商品07,2,172,344
104030,2024-01-16,店舗2,商品09,3,172,516
104258,2024-01-16,店舗2,商品10,3,194,582
104373,2024-01-16,店舗2,商品05,1,194,194
105206,2024-01-16,店舗2,商品09,2,172,344
100120,2024-01-17,店舗1,商品12,2,194,388
100234,2024-01-17,店舗1,商品12,1,194,194
101558,2024-01-17,店舗1,商品12,1,194,194
101579,2024-01-17,店舗1,商品12,1,194,194
101579,2024-01-17,店舗1,商品12,1,194,194
101579,2024-01-17,店舗1,商品12,2,194,388
101579,2024-01-17,店舗1,商品12,3,194,582
101579,2024-01-17,店舗1,商品12,1,194,194
101579,2024-01-17,店舗1,商品12,1,194,194
101579,2024-01-17,店舗1,商品12,1,194,194
101579,2024-01-17,店舗1,商品12,2,194,388
101579,2024-01-17,店舗1,商品12,1,194,194
101579,2024-01-17,店舗1,商品12,2,194,388
101579,2024-01-17,店舗1,商品12,2,194,388
101579,2024-01-17,店舗1,商品12,1,194,194
101579,2024-01-17,店舗1,商品12,1,194,194
101579,2024-01-17,店舗1,商品12,1,194,194
101579,2024-01-17,店舗1,商品12,2,194,388
101579,2024-01-17,店舗1,商品12,2,194,388
101579,2024-01-17,店舗1,商品12,3,194,582
101579,2024-01-17,店舗1,商品12,2,194,388
101579,2024-01-17,店舗1,商品12,1,194,194
101579,2024-01-17,店舗1,商品12,1,194,194
103001,2024-01-17,店舗1,商品12,1,194,194
104149,2024-01-17,店舗1,商品12,2,194,388
104285,2024-01-17,店舗1,商品12,1,194,194
105141,2024-01-17,店舗1,商品12,1,194,194
100297,2024-01-17,店舗2,商品07,3,172,516
100713,2024-01-17,店舗2,商品09,2,172,344
101355,2024-01-17,店舗2,商品08,2,194,388
101482,2024-01-17,店舗2,商品04,1,194,194
103156,2024-01-17,店舗2,商品04,3,194,582
103166,2024-01-17,店舗2,商品09,1,172,172
104075,2024-01-17,店舗2,商品09,5,172,860
104087,2024-01-17,店舗2,商品04,1,194,194
104120,2024-01-17,店舗2,商品05,2,194,388
104300,2024-01-17,店舗2,商品06,3,194,582
104300,2024-01-17,店舗2,商品06,2,194,388
104300,2024-01-17,店舗2,商品09,2,172,344
104300,2024-01-17,店舗2,商品09,2,172,344
105228,2024-01-17,店舗2,商品02,1,297,297
105611,2024-01-17,店舗2,商品04,4,194,776
105611,2024-01-17,店舗2,商品06,3,194,582
105611,2024-01-17,店舗2,商品09,1,172,172
100154,2024-01-18,店舗1,商品07,10,172,1720
100585,2024-01-18,店舗1,商品12,5,194,970
100774,2024-01-18,店舗1,商品12,5,194,970
102826,2024-01-18,店舗1,商品12,5,194,970
103037,2024-01-18,店舗1,商品12,3,194,582
103361,2024-01-18,店舗1,商品12,7,194,1358
103768,2024-01-18,店舗1,商品12,3,194,582
105068,2024-01-18,店舗1,商品12,4,194,776
100046,2024-01-18,店舗2,商品01,2,172,344
101005,2024-01-18,店舗2,商品01,3,172,516
101564,2024-01-18,店舗2,商品05,3,194,582
101780,2024-01-18,店舗2,商品03,1,421,421
102728,2024-01-18,店舗2,商品07,3,172,516
102728,2024-01-18,店舗2,商品07,3,172,516
103034,2024-01-18,店舗2,商品09,4,172,688
103034,2024-01-18,店舗2,商品09,3,172,516
103560,2024-01-18,店舗2,商品01,3,172,516
103657,2024-01-18,店舗2,商品03,1,421,421
104474,2024-01-18,店舗2,商品07,4,172,688
104623,2024-01-18,店舗2,商品04,2,194,388
105423,2024-01-18,店舗2,商品04,4,194,776
105658,2024-01-18,店舗2,商品01,2,172,344
100177,2024-01-19,店舗1,商品12,6,194,1164
100177,2024-01-19,店舗1,商品12,2,194,388
100501,2024-01-19,店舗1,商品12,2,194,388
101009,2024-01-19,店舗1,商品12,4,194,776
101375,2024-01-19,店舗1,商品12,4,194,776
102437,2024-01-19,店舗1,商品12,5,194,970
104085,2024-01-19,店舗1,商品12,5,194,970
104356,2024-01-19,店舗1,商品12,4,194,776
104356,2024-01-19,店舗1,商品12,4,194,776
105939,2024-01-19,店舗1,商品12,5,194,970
105941,2024-01-19,店舗1,商品12,4,194,776
105941,2024-01-19,店舗1,商品12,7,194,1358
100008,2024-01-19,店舗2,商品09,3,172,516
100564,2024-01-19,店舗2,商品08,3,194,582
100564,2024-01-19,店舗2,商品09,3,172,516
102845,2024-01-19,店舗2,商品09,3,172,516
103014,2024-01-19,店舗2,商品08,2,194,388
103214,2024-01-19,店舗2,商品03,1,421,421
103511,2024-01-19,店舗2,商品07,4,172,688
103724,2024-01-19,店舗2,商品08,2,194,388
103797,2024-01-19,店舗2,商品07,2,172,344
103912,2024-01-19,店舗2,商品01,2,172,344
104571,2024-01-19,店舗2,商品08,5,194,970
105498,2024-01-19,店舗2,商品04,4,194,776
105809,2024-01-19,店舗2,商品09,5,172,860
100484,2024-01-20,店舗1,商品12,4,194,776
100484,2024-01-20,店舗1,商品12,7,194,1358
100484,2024-01-20,店舗1,商品12,9,194,1746
100484,2024-01-20,店舗1,商品12,5,194,970
100513,2024-01-20,店舗1,商品12,5,194,970
100570,2024-01-20,店舗1,商品12,7,194,1358
100682,2024-01-20,店舗1,商品12,5,194,970
100682,2024-01-20,店舗1,商品12,7,194,1358
100938,2024-01-20,店舗1,商品12,6,194,1164
101065,2024-01-20,店舗1,商品12,4,194,776
101163,2024-01-20,店舗1,商品12,5,194,970
102063,2024-01-20,店舗1,商品01,8,172,1376
102063,2024-01-20,店舗1,商品12,4,194,776
102437,2024-01-20,店舗1,商品12,3,194,582
102664,2024-01-20,店舗1,商品12,5,194,970
102806,2024-01-20,店舗1,商品01,5,172,860
103173,2024-01-20,店舗1,商品09,6,172,1032
103193,2024-01-20,店舗1,商品12,5,194,970
103317,2024-01-20,店舗1,商品12,7,194,1358
103339,2024-01-20,店舗1,商品12,10,194,1940
103339,2024-01-20,店舗1,商品12,7,194,1358
103394,2024-01-20,店舗1,商品12,9,194,1746
103699,2024-01-20,店舗1,商品12,6,194,1164
103839,2024-01-20,店舗1,商品12,4,194,776
103915,2024-01-20,店舗1,商品12,3,194,582
104852,2024-01-20,店舗1,商品02,1,297,297
105000,2024-01-20,店舗1,商品12,3,194,582
105873,2024-01-20,店舗1,商品06,9,194,1746
100012,2024-01-20,店舗2,商品09,3,172,516
105020,2024-01-20,店舗2,商品05,1,194,194
105020,2024-01-20,店舗2,商品06,2,194,388
105156,2024-01-20,店舗2,商品08,2,194,388
105584,2024-01-20,店舗2,商品07,1,172,172
100038,2024-01-21,店舗1,商品12,6,194,1164
100170,2024-01-21,店舗1,商品01,11,172,1892
100416,2024-01-21,店舗1,商品12,6,194,1164
100876,2024-01-21,店舗1,商品12,5,194,970
101037,2024-01-21,店舗1,商品12,4,194,776
101074,2024-01-21,店舗1,商品12,5,194,970
101831,2024-01-21,店舗1,商品12,9,194,1746
102393,2024-01-21,店舗1,商品12,14,194,2716
102833,2024-01-21,店舗1,商品12,15,194,2910
103120,2024-01-21,店舗1,商品12,7,194,1358
103559,2024-01-21,店舗1,商品12,6,194,1164
104295,2024-01-21,店舗1,商品12,3,194,582
104477,2024-01-21,店舗1,商品12,8,194,1552
104604,2024-01-21,店舗1,商品12,5,194,970
104845,2024-01-21,店舗1,商品12,8,194,1552
105048,2024-01-21,店舗1,商品10,6,194,1164
105068,2024-01-21,店舗1,商品12,6,194,1164
105245,2024-01-21,店舗1,商品12,6,194,1164
105355,2024-01-21,店舗1,商品10,7,194,1358
105596,2024-01-21,店舗1,商品12,7,194,1358
100883,2024-01-21,店舗2,商品08,2,194,388
101731,2024-01-21,店舗2,商品07,1,172,172
101731,2024-01-21,店舗2,商品07,1,172,172
101731,2024-01-21,店舗2,商品07,2,172,344
100570,2024-01-22,店舗1,商品12,3,194,582
100852,2024-01-22,店舗1,商品12,5,194,970
101135,2024-01-22,店舗1,商品12,2,194,388
101135,2024-01-22,店舗1,商品12,5,194,970
101461,2024-01-22,店舗1,商品12,2,194,388
102374,2024-01-22,店舗1,商品12,4,194,776
103082,2024-01-22,店舗1,商品12,3,194,582
103082,2024-01-22,店舗1,商品12,4,194,776
103082,2024-01-22,店舗1,商品12,4,194,776
103084,2024-01-22,店舗1,商品12,3,194,582
101171,2024-01-22,店舗2,商品09,1,172,172
101171,2024-01-22,店舗2,商品09,3,172,516
102126,2024-01-22,店舗2,商品07,2,172,344
102345,2024-01-22,店舗2,商品09,1,172,172
103082,2024-01-22,店舗2,商品04,1,194,194
103082,2024-01-22,店舗2,商品04,2,194,388
103082,2024-01-22,店舗2,商品08,1,194,194
103173,2024-01-22,店舗2,商品05,2,194,388
103339,2024-01-22,店舗2,商品09,2,172,344
103339,2024-01-22,店舗2,商品09,2,172,344
103339,2024-01-22,店舗2,商品09,2,172,344
104510,2024-01-22,店舗2,商品04,3,194,582
104826,2024-01-22,店舗2,商品04,2,194,388
104914,2024-01-22,店舗2,商品07,2,172,344
105376,2024-01-22,店舗2,商品05,2,194,388
105376,2024-01-22,店舗2,商品08,2,194,388
105910,2024-01-22,店舗2,商品04,3,194,582
105910,2024-01-22,店舗2,商品04,3,194,582
100074,2024-01-23,店舗1,商品12,4,194,776
100393,2024-01-23,店舗1,商品12,3,194,582
101121,2024-01-23,店舗1,商品12,7,194,1358
102866,2024-01-23,店舗1,商品12,5,194,970
103564,2024-01-23,店舗1,商品12,5,194,970
104234,2024-01-23,店舗1,商品12,8,194,1552
105010,2024-01-23,店舗1,商品11,3,594,1782
102869,2024-01-23,店舗2,商品05,6,194,1164
102899,2024-01-23,店舗2,商品09,3,172,516
102928,2024-01-23,店舗2,商品08,1,194,194
103174,2024-01-23,店舗2,商品09,3,172,516
103199,2024-01-23,店舗2,商品09,2,172,344
103682,2024-01-23,店舗2,商品09,3,172,516
103682,2024-01-23,店舗2,商品09,2,172,344
103682,2024-01-23,店舗2,商品09,3,172,516
103793,2024-01-23,店舗2,商品07,2,172,344
104029,2024-01-23,店舗2,商品08,2,194,388
104383,2024-01-23,店舗2,商品08,3,194,582
104548,2024-01-23,店舗2,商品07,3,172,516
105587,2024-01-23,店舗2,商品01,3,172,516
100165,2024-01-24,店舗1,商品09,2,172,344
100532,2024-01-24,店舗1,商品12,3,194,582
100585,2024-01-24,店舗1,商品12,5,194,970
101175,2024-01-24,店舗1,商品12,2,194,388
101175,2024-01-24,店舗1,商品12,8,194,1552
104545,2024-01-24,店舗1,商品12,3,194,582
104571,2024-01-24,店舗1,商品12,4,194,776
104717,2024-01-24,店舗1,商品12,6,194,1164
105468,2024-01-24,店舗1,商品12,5,194,970
100322,2024-01-24,店舗2,商品07,2,172,344
101246,2024-01-24,店舗2,商品09,2,172,344
101365,2024-01-24,店舗2,商品09,2,172,344
101751,2024-01-24,店舗2,商品08,2,194,388
102786,2024-01-24,店舗2,商品08,4,194,776
103166,2024-01-24,店舗2,商品09,2,172,344
103352,2024-01-24,店舗2,商品06,2,194,388
103352,2024-01-24,店舗2,商品07,2,172,344
103601,2024-01-24,店舗2,商品09,4,172,688
104978,2024-01-24,店舗2,商品09,1,172,172
105472,2024-01-24,店舗2,商品07,3,172,516
105472,2024-01-24,店舗2,商品07,1,172,172
105472,2024-01-24,店舗2,商品07,2,172,344
105514,2024-01-24,店舗2,商品07,2,172,344
105945,2024-01-24,店舗2,商品07,4,172,688
105945,2024-01-24,店舗2,商品08,2,194,388
100906,2024-01-25,店舗1,商品12,6,194,1164
101136,2024-01-25,店舗1,商品12,6,194,1164
101564,2024-01-25,店舗1,商品11,1,594,594
103629,2024-01-25,店舗1,商品12,5,194,970
104100,2024-01-25,店舗1,商品12,5,194,970
104441,2024-01-25,店舗1,商品12,4,194,776
104905,2024-01-25,店舗1,商品12,11,194,2134
100813,2024-01-25,店舗2,商品08,3,194,582
101591,2024-01-25,店舗2,商品04,4,194,776
102689,2024-01-25,店舗2,商品09,3,172,516
103648,2024-01-25,店舗2,商品07,1,172,172
103797,2024-01-25,店舗2,商品09,2,172,344
104572,2024-01-25,店舗2,商品07,4,172,688
104780,2024-01-25,店舗2,商品04,2,194,388
104780,2024-01-25,店舗2,商品04,4,194,776
105161,2024-01-25,店舗2,商品04,3,194,582
105615,2024-01-25,店舗2,商品09,4,172,688
105763,2024-01-25,店舗2,商品08,3,194,582
105875,2024-01-25,店舗2,商品06,2,194,388
100464,2024-01-26,店舗1,商品12,3,194,582
100464,2024-01-26,店舗1,商品12,5,194,970
100464,2024-01-26,店舗1,商品12,6,194,1164
101562,2024-01-26,店舗1,商品12,3,194,582
102211,2024-01-26,店舗1,商品12,7,194,1358
102288,2024-01-26,店舗1,商品12,6,194,1164
102845,2024-01-26,店舗1,商品12,3,194,582
103098,2024-01-26,店舗1,商品04,3,194,582
103365,2024-01-26,店舗1,商品12,8,194,1552
104282,2024-01-26,店舗1,商品12,4,194,776
104285,2024-01-26,店舗1,商品12,4,194,776
105742,2024-01-26,店舗1,商品09,3,172,516
100409,2024-01-26,店舗2,商品08,5,194,970
101304,2024-01-26,店舗2,商品07,2,172,344
101590,2024-01-26,店舗2,商品01,3,172,516
102052,2024-01-26,店舗2,商品07,1,172,172
102985,2024-01-26,店舗2,商品09,3,172,516
102985,2024-01-26,店舗2,商品09,2,172,344
103720,2024-01-26,店舗2,商品07,3,172,516
104171,2024-01-26,店舗2,商品08,3,194,582
104445,2024-01-26,店舗2,商品04,2,194,388
104445,2024-01-26,店舗2,商品04,4,194,776
104510,2024-01-26,店舗2,商品09,4,172,688
104510,2024-01-26,店舗2,商品09,2,172,344
104523,2024-01-26,店舗2,商品04,1,194,194
105033,2024-01-26,店舗2,商品09,3,172,516
105667,2024-01-26,店舗2,商品09,2,172,344
100012,2024-01-27,店舗1,商品12,3,194,582
100587,2024-01-27,店舗1,商品12,4,194,776
101073,2024-01-27,店舗1,商品12,6,194,1164
101430,2024-01-27,店舗1,商品12,5,194,970
101430,2024-01-27,店舗1,商品12,7,194,1358
101731,2024-01-27,店舗1,商品12,6,194,1164
101967,2024-01-27,店舗1,商品12,8,194,1552
102331,2024-01-27,店舗1,商品12,4,194,776
102391,2024-01-27,店舗1,商品12,8,194,1552
102485,2024-01-27,店舗1,商品12,5,194,970
102820,2024-01-27,店舗1,商品12,5,194,970
103157,2024-01-27,店舗1,商品12,8,194,1552
103198,2024-01-27,店舗1,商品12,6,194,1164
103494,2024-01-27,店舗1,商品12,6,194,1164
103494,2024-01-27,店舗1,商品12,7,194,1358
103494,2024-01-27,店舗1,商品12,4,194,776
103916,2024-01-27,店舗1,商品12,4,194,776
104120,2024-01-27,店舗1,商品09,7,172,1204
104120,2024-01-27,店舗1,商品10,7,194,1358
104371,2024-01-27,店舗1,商品12,5,194,970
104371,2024-01-27,店舗1,商品12,6,194,1164
104545,2024-01-27,店舗1,商品12,6,194,1164
104545,2024-01-27,店舗1,商品12,7,194,1358
104598,2024-01-27,店舗1,商品12,2,194,388
104704,2024-01-27,店舗1,商品12,8,194,1552
104931,2024-01-27,店舗1,商品12,4,194,776
104931,2024-01-27,店舗1,商品12,5,194,970
104931,2024-01-27,店舗1,商品12,7,194,1358
104931,2024-01-27,店舗1,商品12,4,194,776
105104,2024-01-27,店舗1,商品12,3,194,582
105953,2024-01-27,店舗1,商品12,6,194,1164
101084,2024-01-27,店舗2,商品09,2,172,344
103400,2024-01-27,店舗2,商品07,2,172,344
104725,2024-01-27,店舗2,商品04,4,194,776
105493,2024-01-27,店舗2,商品07,2,172,344
100601,2024-01-28,店舗1,商品12,5,194,970
100725,2024-01-28,店舗1,商品06,9,194,1746
100725,2024-01-28,店舗1,商品12,4,194,776
100959,2024-01-28,店舗1,商品12,4,194,776
101194,2024-01-28,店舗1,商品12,4,194,776
101361,2024-01-28,店舗1,商品12,4,194,776
101389,2024-01-28,店舗1,商品12,6,194,1164
101687,2024-01-28,店舗1,商品12,3,194,582
102184,2024-01-28,店舗1,商品12,5,194,970
102184,2024-01-28,店舗1,商品12,4,194,776
102374,2024-01-28,店舗1,商品12,4,194,776
102374,2024-01-28,店舗1,商品12,6,194,1164
102374,2024-01-28,店舗1,商品12,7,194,1358
102374,2024-01-28,店舗1,商品12,6,194,1164
102374,2024-01-28,店舗1,商品12,5,194,970
102374,2024-01-28,店舗1,商品12,10,194,1940
102420,2024-01-28,店舗1,商品12,2,194,388
102958,2024-01-28,店舗1,商品12,7,194,1358
103995,2024-01-28,店舗1,商品12,6,194,1164
104100,2024-01-28,店舗1,商品12,4,194,776
104120,2024-01-28,店舗1,商品07,3,172,516
104916,2024-01-28,店舗1,商品12,10,194,1940
105000,2024-01-28,店舗1,商品12,3,194,582
105040,2024-01-28,店舗1,商品12,4,194,776
105312,2024-01-28,店舗1,商品12,15,194,2910
105312,2024-01-28,店舗1,商品12,5,194,970
105742,2024-01-28,店舗1,商品12,5,194,970
105747,2024-01-28,店舗1,商品12,4,194,776
102448,2024-01-28,店舗2,商品07,2,172,344
102552,2024-01-28,店舗2,商品09,1,172,172
102552,2024-01-28,店舗2,商品09,1,172,172
103945,2024-01-28,店舗2,商品07,2,172,344
100527,2024-01-29,店舗1,商品12,4,194,776
101657,2024-01-29,店舗1,商品12,4,194,776
102424,2024-01-29,店舗1,商品12,3,194,582
103213,2024-01-29,店舗1,商品04,2,194,388
103213,2024-01-29,店舗1,商品11,1,594,594
103775,2024-01-29,店舗1,商品12,5,194,970
103856,2024-01-29,店舗1,商品12,6,194,1164
103856,2024-01-29,店舗1,商品12,7,194,1358
105539,2024-01-29,店舗1,商品12,3,194,582
100829,2024-01-29,店舗2,商品07,2,172,344
101211,2024-01-29,店舗2,商品04,4,194,776
102744,2024-01-29,店舗2,商品04,3,194,582
102910,2024-01-29,店舗2,商品09,3,172,516
103315,2024-01-29,店舗2,商品04,2,194,388
103316,2024-01-29,店舗2,商品05,3,194,582
103557,2024-01-29,店舗2,商品09,2,172,344
103557,2024-01-29,店舗2,商品09,2,172,344
104009,2024-01-29,店舗2,商品01,3,172,516
104106,2024-01-29,店舗2,商品07,3,172,516
105505,2024-01-29,店舗2,商品04,2,194,388
105505,2024-01-29,店舗2,商品04,1,194,194
105505,2024-01-29,店舗2,商品04,2,194,388
105514,2024-01-29,店舗2,商品09,3,172,516
105913,2024-01-29,店舗2,商品08,2,194,388
101454,2024-01-30,店舗1,商品12,5,194,970
102321,2024-01-30,店舗1,商品12,3,194,582
102806,2024-01-30,店舗1,商品01,1,172,172
102806,2024-01-30,店舗1,商品01,3,172,516
102806,2024-01-30,店舗1,商品04,3,194,582
103761,2024-01-30,店舗1,商品12,4,194,776
103807,2024-01-30,店舗1,商品12,4,194,776
103807,2024-01-30,店舗1,商品12,3,194,582
104485,2024-01-30,店舗1,商品12,3,194,582
104623,2024-01-30,店舗1,商品12,5,194,970
100234,2024-01-30,店舗2,商品08,2,194,388
100459,2024-01-30,店舗2,商品01,2,172,344
100459,2024-01-30,店舗2,商品01,2,172,344
100459,2024-01-30,店舗2,商品01,1,172,172
100459,2024-01-30,店舗2,商品01,2,172,344
101805,2024-01-30,店舗2,商品04,2,194,388
101916,2024-01-30,店舗2,商品08,3,194,582
103004,2024-01-30,店舗2,商品09,2,172,344
103004,2024-01-30,店舗2,商品09,3,172,516
103090,2024-01-30,店舗2,商品09,2,172,344
103979,2024-01-30,店舗2,商品07,3,172,516
103995,2024-01-30,店舗2,商品09,4,172,688
104582,2024-01-30,店舗2,商品09,2,172,344
105124,2024-01-30,店舗2,商品09,3,172,516
105622,2024-01-30,店舗2,商品09,3,172,516
105962,2024-01-30,店舗2,商品07,2,172,344
100281,2024-01-31,店舗1,商品04,4,194,776
100929,2024-01-31,店舗1,商品12,5,194,970
100929,2024-01-31,店舗1,商品12,3,194,582
101734,2024-01-31,店舗1,商品12,4,194,776
102951,2024-01-31,店舗1,商品12,5,194,970
103192,2024-01-31,店舗1,商品12,5,194,970
103461,2024-01-31,店舗1,商品12,5,194,970
105391,2024-01-31,店舗1,商品12,6,194,1164
100416,2024-01-31,店舗2,商品04,2,194,388
100416,2024-01-31,店舗2,商品06,3,194,582
100575,2024-01-31,店舗2,商品01,3,172,516
100585,2024-01-31,店舗2,商品04,3,194,582
100585,2024-01-31,店舗2,商品04,3,194,582
101591,2024-01-31,店舗2,商品09,3,172,516
101730,2024-01-31,店舗2,商品07,4,172,688
102845,2024-01-31,店舗2,商品09,3,172,516
103258,2024-01-31,店舗2,商品09,4,172,688
104066,2024-01-31,店舗2,商品04,1,194,194
104450,2024-01-31,店舗2,商品08,2,194,388
104571,2024-01-31,店舗2,商品07,2,172,344
104623,2024-01-31,店舗2,商品04,2,194,388
105876,2024-01-31,店舗2,商品05,4,194,776
100192,2024-02-01,店舗1,商品12,5,194,970
100239,2024-02-01,店舗1,商品12,5,194,970
101276,2024-02-01,店舗1,商品12,7,194,1358
102485,2024-02-01,店舗1,商品12,5,194,970
102562,2024-02-01,店舗1,商品12,3,194,582
103257,2024-02-01,店舗1,商品12,5,194,970
103257,2024-02-01,店舗1,商品12,4,194,776
105396,2024-02-01,店舗1,商品12,2,194,388
100244,2024-02-01,店舗2,商品08,2,194,388
100981,2024-02-01,店舗2,商品07,3,172,516
101731,2024-02-01,店舗2,商品07,3,172,516
102646,2024-02-01,店舗2,商品08,5,194,970
103022,2024-02-01,店舗2,商品01,2,172,344
103995,2024-02-01,店舗2,商品01,3,172,516
104114,2024-02-01,店舗2,商品09,3,172,516
104293,2024-02-01,店舗2,商品05,2,194,388
105144,2024-02-01,店舗2,商品09,5,172,860
105514,2024-02-01,店舗2,商品09,4,172,688
105667,2024-02-01,店舗2,商品06,4,194,776
105755,2024-02-01,店舗2,商品08,3,194,582
100570,2024-02-02,店舗1,商品12,2,194,388
101375,2024-02-02,店舗1,商品12,3,194,582
101502,2024-02-02,店舗1,商品12,3,194,582
101731,2024-02-02,店舗1,商品12,7,194,1358
102437,2024-02-02,店舗1,商品12,4,194,776
102767,2024-02-02,店舗1,商品12,3,194,582
102933,2024-02-02,店舗1,商品12,3,194,582
102933,2024-02-02,店舗1,商品12,4,194,776
104550,2024-02-02,店舗1,商品12,4,194,776
104550,2024-02-02,店舗1,商品12,3,194,582
104550,2024-02-02,店舗1,商品12,8,194,1552
104779,2024-02-02,店舗1,商品12,7,194,1358
100127,2024-02-02,店舗2,商品07,2,172,344
100824,2024-02-02,店舗2,商品09,2,172,344
100824,2024-02-02,店舗2,商品09,4,172,688
100824,2024-02-02,店舗2,商品09,6,172,1032
101121,2024-02-02,店舗2,商品04,3,194,582
101501,2024-02-02,店舗2,商品03,1,421,421
102424,2024-02-02,店舗2,商品09,2,172,344
102485,2024-02-02,店舗2,商品04,2,194,388
102648,2024-02-02,店舗2,商品04,3,194,582
102791,2024-02-02,店舗2,商品07,2,172,344
102910,2024-02-02,店舗2,商品09,4,172,688
102996,2024-02-02,店舗2,商品09,2,172,344
102996,2024-02-02,店舗2,商品09,4,172,688
104314,2024-02-02,店舗2,商品08,2,194,388
105578,2024-02-02,店舗2,商品07,3,172,516
105667,2024-02-02,店舗2,商品09,2,172,344
100184,2024-02-03,店舗1,商品12,7,194,1358
100184,2024-02-03,店舗1,商品12,3,194,582
100184,2024-02-03,店舗1,商品12,4,194,776
100184,2024-02-03,店舗1,商品12,6,194,1164
100184,2024-02-03,店舗1,商品12,6,194,1164
100184,2024-02-03,店舗1,商品12,3,194,582
100342,2024-02-03,店舗1,商品04,5,194,970
100399,2024-02-03,店舗1,商品12,2,194,388
100709,2024-02-03,店舗1,商品12,4,194,776
100977,2024-02-03,店舗1,商品12,7,194,1358
101543,2024-02-03,店舗1,商品12,7,194,1358
102065,2024-02-03,店舗1,商品12,8,194,1552
102140,2024-02-03,店舗1,商品12,5,194,970
102270,2024-02-03,店舗1,商品12,4,194,776
102270,2024-02-03,店舗1,商品12,4,194,776
103193,2024-02-03,店舗1,商品12,6,194,1164
103193,2024-02-03,店舗1,商品12,3,194,582
103261,2024-02-03,店舗1,商品12,4,194,776
103316,2024-02-03,店舗1,商品12,6,194,1164
103695,2024-02-03,店舗1,商品12,5,194,970
104381,2024-02-03,店舗1,商品12,10,194,1940
104505,2024-02-03,店舗1,商品12,7,194,1358
104771,2024-02-03,店舗1,商品12,6,194,1164
105230,2024-02-03,店舗1,商品12,7,194,1358
105395,2024-02-03,店舗1,商品01,7,172,1204
105439,2024-02-03,店舗1,商品12,7,194,1358
100419,2024-02-03,店舗2,商品06,4,194,776
102117,2024-02-03,店舗2,商品08,2,194,388
103060,2024-02-03,店舗2,商品05,2,194,388
103461,2024-02-03,店舗2,商品01,2,172,344
100281,2024-02-04,店舗1,商品12,5,194,970
100685,2024-02-04,店舗1,商品12,10,194,1940
100726,2024-02-04,店舗1,商品12,7,194,1358
100989,2024-02-04,店舗1,商品12,3,194,582
100989,2024-02-04,店舗1,商品12,7,194,1358
101098,2024-02-04,店舗1,商品12,6,194,1164
101310,2024-02-04,店舗1,商品12,6,194,1164
101582,2024-02-04,店舗1,商品12,3,194,582
103074,2024-02-04,店舗1,商品06,6,194,1164
103074,2024-02-04,店舗1,商品07,6,172,1032
103394,2024-02-04,店舗1,商品12,7,194,1358
103394,2024-02-04,店舗1,商品12,4,194,776
103587,2024-02-04,店舗1,商品12,5,194,970
103724,2024-02-04,店舗1,商品12,4,194,776
103765,2024-02-04,店舗1,商品12,5,194,970
103797,2024-02-04,店舗1,商品01,6,172,1032
103992,2024-02-04,店舗1,商品12,6,194,1164
103992,2024-02-04,店舗1,商品12,7,194,1358
104068,2024-02-04,店舗1,商品12,7,194,1358
104184,2024-02-04,店舗1,商品12,4,194,776
104184,2024-02-04,店舗1,商品12,5,194,970
104547,2024-02-04,店舗1,商品12,4,194,776
104640,2024-02-04,店舗1,商品12,5,194,970
104779,2024-02-04,店舗1,商品05,8,194,1552
105615,2024-02-04,店舗1,商品12,4,194,776
105615,2024-02-04,店舗1,商品12,6,194,1164
100416,2024-02-04,店舗2,商品06,2,194,388
102507,2024-02-04,店舗2,商品04,1,194,194
102507,2024-02-04,店舗2,商品07,2,172,344
103917,2024-02-04,店舗2,商品09,1,172,172
101349,2024-02-05,店舗1,商品12,7,194,1358
102958,2024-02-05,店舗1,商品12,2,194,388
103595,2024-02-05,店舗1,商品12,4,194,776
103629,2024-02-05,店舗1,商品12,10,194,1940
104068,2024-02-05,店舗1,商品12,4,194,776
104640,2024-02-05,店舗1,商品12,4,194,776
101100,2024-02-05,店舗2,商品08,2,194,388
101814,2024-02-05,店舗2,商品08,2,194,388
102119,2024-02-05,店舗2,商品09,2,172,344
102485,2024-02-05,店舗2,商品04,2,194,388
102636,2024-02-05,店舗2,商品09,3,172,516
103084,2024-02-05,店舗2,商品06,3,194,582
103084,2024-02-05,店舗2,商品06,2,194,388
103084,2024-02-05,店舗2,商品09,2,172,344
103285,2024-02-05,店舗2,商品09,3,172,516
103304,2024-02-05,店舗2,商品04,3,194,582
103689,2024-02-05,店舗2,商品08,1,194,194
103689,2024-02-05,店舗2,商品08,2,194,388
104079,2024-02-05,店舗2,商品08,1,194,194
105427,2024-02-05,店舗2,商品01,1,172,172
105427,2024-02-05,店舗2,商品01,2,172,344
105427,2024-02-05,店舗2,商品01,4,172,688
105742,2024-02-05,店舗2,商品09,3,172,516
102045,2024-02-06,店舗1,商品12,2,194,388
102045,2024-02-06,店舗1,商品12,3,194,582
102045,2024-02-06,店舗1,商品12,4,194,776
102045,2024-02-06,店舗1,商品12,6,194,1164
102119,2024-02-06,店舗1,商品12,2,194,388
102999,2024-02-06,店舗1,商品12,3,194,582
103859,2024-02-06,店舗1,商品12,4,194,776
105055,2024-02-06,店舗1,商品12,4,194,776
105514,2024-02-06,店舗1,商品12,3,194,582
105870,2024-02-06,店舗1,商品12,5,194,970
100138,2024-02-06,店舗2,商品04,1,194,194
100138,2024-02-06,店舗2,商品04,2,194,388
100171,2024-02-06,店舗2,商品01,2,172,344
101136,2024-02-06,店舗2,商品09,4,172,688
101164,2024-02-06,店舗2,商品04,3,194,582
101164,2024-02-06,店舗2,商品04,3,194,582
101687,2024-02-06,店舗2,商品10,4,194,776
102802,2024-02-06,店舗2,商品09,1,172,172
103177,2024-02-06,店舗2,商品01,2,172,344
103400,2024-02-06,店舗2,商品03,1,421,421
103400,2024-02-06,店舗2,商品09,3,172,516
103400,2024-02-06,店舗2,商品09,3,172,516
103949,2024-02-06,店舗2,商品07,2,172,344
104940,2024-02-06,店舗2,商品06,2,194,388
105010,2024-02-06,店舗2,商品08,3,194,582
105253,2024-02-06,店舗2,商品07,2,172,344
100055,2024-02-07,店舗1,商品12,2,194,388
100055,2024-02-07,店舗1,商品12,4,194,776
100734,2024-02-07,店舗1,商品12,2,194,388
101177,2024-02-07,店舗1,商品12,2,194,388
101711,2024-02-07,店舗1,商品12,3,194,582
101711,2024-02-07,店舗1,商品12,5,194,970
102175,2024-02-07,店舗1,商品12,3,194,582
102175,2024-02-07,店舗1,商品12,4,194,776
102175,2024-02-07,店舗1,商品12,4,194,776
102298,2024-02-07,店舗1,商品12,2,194,388
103936,2024-02-07,店舗1,商品12,4,194,776
103939,2024-02-07,店舗1,商品12,3,194,582
100449,2024-02-07,店舗2,商品09,2,172,344
102733,2024-02-07,店舗2,商品07,2,172,344
103077,2024-02-07,店舗2,商品07,1,172,172
103254,2024-02-07,店舗2,商品06,2,194,388
103301,2024-02-07,店舗2,商品09,3,172,516
103935,2024-02-07,店舗2,商品07,2,172,344
104776,2024-02-07,店舗2,商品04,2,194,388
104776,2024-02-07,店舗2,商品04,1,194,194
104892,2024-02-07,店舗2,商品07,2,172,344
104892,2024-02-07,店舗2,商品07,3,172,516
104892,2024-02-07,店舗2,商品07,3,172,516
104892,2024-02-07,店舗2,商品07,3,172,516
104892,2024-02-07,店舗2,商品07,3,172,516
105191,2024-02-07,店舗2,商品09,2,172,344
105207,2024-02-07,店舗2,商品09,1,172,172
105379,2024-02-07,店舗2,商品07,3,172,516
105625,2024-02-07,店舗2,商品08,2,194,388
100757,2024-02-08,店舗1,商品12,2,194,388
100824,2024-02-08,店舗1,商品12,6,194,1164
100973,2024-02-08,店舗1,商品12,2,194,388
103120,2024-02-08,店舗1,商品06,5,194,970
103120,2024-02-08,店舗1,商品06,4,194,776
103120,2024-02-08,店舗1,商品09,5,172,860
103770,2024-02-08,店舗1,商品04,2,194,388
104867,2024-02-08,店舗1,商品10,4,194,776
105423,2024-02-08,店舗1,商品12,5,194,970
100715,2024-02-08,店舗2,商品04,2,194,388
100715,2024-02-08,店舗2,商品06,2,194,388
100715,2024-02-08,店舗2,商品06,2,194,388
100715,2024-02-08,店舗2,商品06,2,194,388
101365,2024-02-08,店舗2,商品09,2,172,344
101427,2024-02-08,店舗2,商品07,1,172,172
103082,2024-02-08,店舗2,商品04,3,194,582
103192,2024-02-08,店舗2,商品09,3,172,516
104017,2024-02-08,店舗2,商品08,3,194,582
104018,2024-02-08,店舗2,商品06,2,194,388
104194,2024-02-08,店舗2,商品07,3,172,516
104464,2024-02-08,店舗2,商品07,4,172,688
104620,2024-02-08,店舗2,商品07,2,172,344
105461,2024-02-08,店舗2,商品09,2,172,344
105539,2024-02-08,店舗2,商品07,3,172,516
105539,2024-02-08,店舗2,商品07,2,172,344
100234,2024-02-09,店舗1,商品12,5,194,970
100858,2024-02-09,店舗1,商品12,5,194,970
101017,2024-02-09,店舗1,商品12,8,194,1552
102371,2024-02-09,店舗1,商品12,3,194,582
102485,2024-02-09,店舗1,商品12,3,194,582
102489,2024-02-09,店舗1,商品12,7,194,1358
103156,2024-02-09,店舗1,商品12,5,194,970
104942,2024-02-09,店舗1,商品12,4,194,776
105456,2024-02-09,店舗1,商品12,5,194,970
105592,2024-02-09,店舗1,商品04,3,194,582
105592,2024-02-09,店舗1,商品04,6,194,1164
100501,2024-02-09,店舗2,商品08,2,194,388
100929,2024-02-09,店舗2,商品09,3,172,516
100929,2024-02-09,店舗2,商品09,2,172,344
100981,2024-02-09,店舗2,商品07,2,172,344
102030,2024-02-09,店舗2,商品09,4,172,688
102045,2024-02-09,店舗2,商品07,4,172,688
102420,2024-02-09,店舗2,商品09,3,172,516
102661,2024-02-09,店舗2,商品09,2,172,344
102681,2024-02-09,店舗2,商品01,3,172,516
103759,2024-02-09,店舗2,商品08,1,194,194
103935,2024-02-09,店舗2,商品07,2,172,344
104427,2024-02-09,店舗2,商品09,3,172,516
104520,2024-02-09,店舗2,商品08,6,194,1164
104943,2024-02-09,店舗2,商品01,3,172,516
104943,2024-02-09,店舗2,商品01,4,172,688
100045,2024-02-10,店舗1,商品12,8,194,1552
100045,2024-02-10,店舗1,商品12,5,194,970
100138,2024-02-10,店舗1,商品12,8,194,1552
100170,2024-02-10,店舗1,商品05,7,194,1358
100784,2024-02-10,店舗1,商品12,5,194,970
100852,2024-02-10,店舗1,商品12,8,194,1552
101026,2024-02-10,店舗1,商品12,10,194,1940
101065,2024-02-10,店舗1,商品12,8,194,1552
101230,2024-02-10,店舗1,商品12,8,194,1552
101461,2024-02-10,店舗1,商品12,4,194,776
101475,2024-02-10,店舗1,商品12,5,194,970
101848,2024-02-10,店舗1,商品12,6,194,1164
101916,2024-02-10,店舗1,商品12,4,194,776
101916,2024-02-10,店舗1,商品12,4,194,776
102085,2024-02-10,店舗1,商品12,6,194,1164
102279,2024-02-10,店舗1,商品09,5,172,860
102666,2024-02-10,店舗1,商品12,5,194,970
103360,2024-02-10,店舗1,商品12,7,194,1358
103412,2024-02-10,店舗1,商品12,4,194,776
103853,2024-02-10,店舗1,商品11,3,594,1782
103853,2024-02-10,店舗1,商品11,3,594,1782
104253,2024-02-10,店舗1,商品12,6,194,1164
104253,2024-02-10,店舗1,商品12,8,194,1552
104852,2024-02-10,店舗1,商品12,7,194,1358
105179,2024-02-10,店舗1,商品12,8,194,1552
105458,2024-02-10,店舗1,商品12,7,194,1358
105458,2024-02-10,店舗1,商品12,5,194,970
105841,2024-02-10,店舗1,商品12,9,194,1746
103166,2024-02-10,店舗2,商品06,1,194,194
103192,2024-02-10,店舗2,商品09,1,172,172
103192,2024-02-10,店舗2,商品09,1,172,172
103199,2024-02-10,店舗2,商品07,1,172,172
103199,2024-02-10,店舗2,商品07,2,172,344
103199,2024-02-10,店舗2,商品07,1,172,172
104941,2024-02-10,店舗2,商品09,2,172,344
105128,2024-02-10,店舗2,商品07,2,172,344
100604,2024-02-11,店舗1,商品12,4,194,776
100804,2024-02-11,店舗1,商品12,4,194,776
100957,2024-02-11,店舗1,商品12,5,194,970
101264,2024-02-11,店舗1,商品12,11,194,2134
101264,2024-02-11,店舗1,商品12,4,194,776
101264,2024-02-11,店舗1,商品12,8,194,1552
101271,2024-02-11,店舗1,商品12,3,194,582
101271,2024-02-11,店舗1,商品12,4,194,776
101287,2024-02-11,店舗1,商品12,5,194,970
101430,2024-02-11,店舗1,商品12,6,194,1164
101730,2024-02-11,店舗1,商品12,4,194,776
101755,2024-02-11,店舗1,商品12,7,194,1358
101755,2024-02-11,店舗1,商品12,4,194,776
102586,2024-02-11,店舗1,商品12,3,194,582
102586,2024-02-11,店舗1,商品12,7,194,1358
102667,2024-02-11,店舗1,商品12,5,194,970
102680,2024-02-11,店舗1,商品12,7,194,1358
103198,2024-02-11,店舗1,商品12,6,194,1164
103418,2024-02-11,店舗1,商品12,6,194,1164
104068,2024-02-11,店舗1,商品12,3,194,582
104574,2024-02-11,店舗1,商品12,3,194,582
104707,2024-02-11,店舗1,商品12,4,194,776
104707,2024-02-11,店舗1,商品12,6,194,1164
105232,2024-02-11,店舗1,商品12,5,194,970
100532,2024-02-11,店舗2,商品07,4,172,688
101169,2024-02-11,店舗2,商品05,2,194,388
101273,2024-02-11,店舗2,商品08,1,194,194
101355,2024-02-11,店舗2,商品08,2,194,388
101361,2024-02-11,店舗2,商品01,1,172,172
101361,2024-02-11,店舗2,商品01,1,172,172
104017,2024-02-11,店舗2,商品09,2,172,344
104017,2024-02-11,店舗2,商品09,1,172,172
104560,2024-02-11,店舗2,商品04,2,194,388
104560,2024-02-11,店舗2,商品04,1,194,194
100297,2024-02-12,店舗1,商品12,6,194,1164
100464,2024-02-12,店舗1,商品12,9,194,1746
100464,2024-02-12,店舗1,商品12,6,194,1164
101776,2024-02-12,店舗1,商品12,4,194,776
101850,2024-02-12,店舗1,商品12,10,194,1940
102376,2024-02-12,店舗1,商品12,5,194,970
102437,2024-02-12,店舗1,商品12,5,194,970
102570,2024-02-12,店舗1,商品12,5,194,970
103177,2024-02-12,店舗1,商品12,7,194,1358
103394,2024-02-12,店舗1,商品12,5,194,970
103563,2024-02-12,店舗1,商品12,9,194,1746
103701,2024-02-12,店舗1,商品12,7,194,1358
103807,2024-02-12,店舗1,商品12,14,194,2716
104848,2024-02-12,店舗1,商品12,6,194,1164
105041,2024-02-12,店舗1,商品12,7,194,1358
105041,2024-02-12,店舗1,商品12,5,194,970
105456,2024-02-12,店舗1,商品12,5,194,970
105708,2024-02-12,店舗1,商品06,5,194,970
100201,2024-02-12,店舗2,商品07,2,172,344
100201,2024-02-12,店舗2,商品08,2,194,388
102307,2024-02-12,店舗2,商品07,2,172,344
102931,2024-02-12,店舗2,商品08,1,194,194
102931,2024-02-12,店舗2,商品09,3,172,516
103082,2024-02-12,店舗2,商品01,1,172,172
103560,2024-02-12,店舗2,商品09,2,172,344
103881,2024-02-12,店舗2,商品08,2,194,388
104548,2024-02-12,店舗2,商品07,2,172,344
101120,2024-02-13,店舗1,商品12,4,194,776
101354,2024-02-13,店舗1,商品12,5,194,970
103308,2024-02-13,店舗1,商品12,12,194,2328
103317,2024-02-13,店舗1,商品12,4,194,776
104017,2024-02-13,店舗1,商品11,2,594,1188
104697,2024-02-13,店舗1,商品12,3,194,582
105135,2024-02-13,店舗1,商品12,7,194,1358
100346,2024-02-13,店舗2,商品01,3,172,516
101430,2024-02-13,店舗2,商品09,3,172,516
102817,2024-02-13,店舗2,商品07,2,172,344
102997,2024-02-13,店舗2,商品06,4,194,776
104523,2024-02-13,店舗2,商品04,2,194,388
104523,2024-02-13,店舗2,商品04,4,194,776
104527,2024-02-13,店舗2,商品04,2,194,388
104703,2024-02-13,店舗2,商品09,7,172,1204
105033,2024-02-13,店舗2,商品08,2,194,388
105447,2024-02-13,店舗2,商品06,6,194,1164
105596,2024-02-13,店舗2,商品07,2,172,344
105755,2024-02-13,店舗2,商品04,2,194,388
105762,2024-02-13,店舗2,商品08,2,194,388
105944,2024-02-13,店舗2,商品04,2,194,388
100418,2024-02-14,店舗1,商品12,4,194,776
102744,2024-02-14,店舗1,商品12,2,194,388
102744,2024-02-14,店舗1,商品12,2,194,388
102771,2024-02-14,店舗1,商品01,3,172,516
102771,2024-02-14,店舗1,商品01,3,172,516
103295,2024-02-14,店舗1,商品10,6,194,1164
103295,2024-02-14,店舗1,商品10,2,194,388
103316,2024-02-14,店舗1,商品12,6,194,1164
103614,2024-02-14,店舗1,商品12,3,194,582
103614,2024-02-14,店舗1,商品12,2,194,388
103614,2024-02-14,店舗1,商品12,2,194,388
104191,2024-02-14,店舗1,商品12,2,194,388
105495,2024-02-14,店舗1,商品12,2,194,388
100217,2024-02-14,店舗2,商品09,1,172,172
100461,2024-02-14,店舗2,商品07,5,172,860
100494,2024-02-14,店舗2,商品07,2,172,344
102336,2024-02-14,店舗2,商品10,2,194,388
102537,2024-02-14,店舗2,商品03,1,421,421
103002,2024-02-14,店舗2,商品09,3,172,516
103312,2024-02-14,店舗2,商品05,3,194,582
103732,2024-02-14,店舗2,商品08,6,194,1164
103787,2024-02-14,店舗2,商品05,2,194,388
104436,2024-02-14,店舗2,商品07,2,172,344
104921,2024-02-14,店舗2,商品06,4,194,776
105010,2024-02-14,店舗2,商品07,2,172,344
105010,2024-02-14,店舗2,商品08,3,194,582
105356,2024-02-14,店舗2,商品08,3,194,582
105356,2024-02-14,店舗2,商品08,5,194,970
105515,2024-02-14,店舗2,商品07,4,172,688
100251,2024-02-15,店舗1,商品12,3,194,582
101688,2024-02-15,店舗1,商品12,3,194,582
101696,2024-02-15,店舗1,商品12,2,194,388
102331,2024-02-15,店舗1,商品12,6,194,1164
102354,2024-02-15,店舗1,商品12,5,194,970
102931,2024-02-15,店舗1,商品01,4,172,688
102931,2024-02-15,店舗1,商品01,6,172,1032
104640,2024-02-15,店舗1,商品12,6,194,1164
100301,2024-02-15,店舗2,商品06,5,194,970
100550,2024-02-15,店舗2,商品01,4,172,688
100550,2024-02-15,店舗2,商品04,3,194,582
100556,2024-02-15,店舗2,商品01,2,172,344
101430,2024-02-15,店舗2,商品09,2,172,344
102306,2024-02-15,店舗2,商品09,2,172,344
104075,2024-02-15,店舗2,商品09,2,172,344
104120,2024-02-15,店舗2,商品05,1,194,194
104120,2024-02-15,店舗2,商品07,3,172,516
104428,2024-02-15,店舗2,商品04,3,194,582
104428,2024-02-15,店舗2,商品10,1,194,194
104623,2024-02-15,店舗2,商品04,3,194,582
104867,2024-02-15,店舗2,商品07,2,172,344
104867,2024-02-15,店舗2,商品09,2,172,344
105361,2024-02-15,店舗2,商品06,3,194,582
100268,2024-02-16,店舗1,商品12,8,194,1552
100335,2024-02-16,店舗1,商品12,4,194,776
102196,2024-02-16,店舗1,商品12,5,194,970
102196,2024-02-16,店舗1,商品12,2,194,388
102771,2024-02-16,店舗1,商品12,4,194,776
103084,2024-02-16,店舗1,商品12,4,194,776
103205,2024-02-16,店舗1,商品12,4,194,776
103425,2024-02-16,店舗1,商品12,5,194,970
103933,2024-02-16,店舗1,商品12,4,194,776
104253,2024-02-16,店舗1,商品12,2,194,388
104253,2024-02-16,店舗1,商品12,2,194,388
104253,2024-02-16,店舗1,商品12,3,194,582
105792,2024-02-16,店舗1,商品12,2,194,388
105792,2024-02-16,店舗1,商品12,4,194,776
100303,2024-02-16,店舗2,商品09,2,172,344
100331,2024-02-16,店舗2,商品09,3,172,516
101220,2024-02-16,店舗2,商品09,4,172,688
101427,2024-02-16,店舗2,商品04,4,194,776
101719,2024-02-16,店舗2,商品09,3,172,516
101719,2024-02-16,店舗2,商品09,4,172,688
101892,2024-02-16,店舗2,商品07,3,172,516
103356,2024-02-16,店舗2,商品09,3,172,516
103647,2024-02-16,店舗2,商品04,4,194,776
103800,2024-02-16,店舗2,商品04,2,194,388
104420,2024-02-16,店舗2,商品09,5,172,860
105355,2024-02-16,店舗2,商品05,4,194,776
105529,2024-02-16,店舗2,商品09,2,172,344
105562,2024-02-16,店舗2,商品08,2,194,388
101111,2024-02-17,店舗1,商品12,3,194,582
101359,2024-02-17,店舗1,商品12,5,194,970
101448,2024-02-17,店舗1,商品12,3,194,582
101482,2024-02-17,店舗1,商品12,4,194,776
101482,2024-02-17,店舗1,商品12,2,194,388
101598,2024-02-17,店舗1,商品12,1,194,194
102261,2024-02-17,店舗1,商品12,4,194,776
102261,2024-02-17,店舗1,商品12,3,194,582
102261,2024-02-17,店舗1,商品12,5,194,970
102261,2024-02-17,店舗1,商品12,4,194,776
102261,2024-02-17,店舗1,商品12,4,194,776
102530,2024-02-17,店舗1,商品12,3,194,582
103084,2024-02-17,店舗1,商品10,4,194,776
103084,2024-02-17,店舗1,商品12,4,194,776
103257,2024-02-17,店舗1,商品12,2,194,388
103465,2024-02-17,店舗1,商品12,2,194,388
103465,2024-02-17,店舗1,商品12,2,194,388
103541,2024-02-17,店舗1,商品12,3,194,582
103807,2024-02-17,店舗1,商品12,3,194,582
103807,2024-02-17,店舗1,商品12,4,194,776
103982,2024-02-17,店舗1,商品12,3,194,582
104009,2024-02-17,店舗1,商品12,3,194,582
104009,2024-02-17,店舗1,商品12,2,194,388
104066,2024-02-17,店舗1,商品12,5,194,970
104066,2024-02-17,店舗1,商品12,5,194,970
104640,2024-02-17,店舗1,商品12,3,194,582
104779,2024-02-17,店舗1,商品05,3,194,582
104779,2024-02-17,店舗1,商品05,2,194,388
104779,2024-02-17,店舗1,商品05,2,194,388
104779,2024-02-17,店舗1,商品05,2,194,388
104779,2024-02-17,店舗1,商品05,3,194,582
104779,2024-02-17,店舗1,商品05,4,194,776
104779,2024-02-17,店舗1,商品05,3,194,582
104779,2024-02-17,店舗1,商品12,2,194,388
104779,2024-02-17,店舗1,商品12,4,194,776
104779,2024-02-17,店舗1,商品12,3,194,582
104779,2024-02-17,店舗1,商品12,3,194,582
104779,2024-02-17,店舗1,商品12,3,194,582
104779,2024-02-17,店舗1,商品12,4,194,776
104779,2024-02-17,店舗1,商品12,4,194,776
105461,2024-02-17,店舗1,商品12,4,194,776
105676,2024-02-17,店舗1,商品12,2,194,388
102430,2024-02-17,店舗2,商品08,3,194,582
104068,2024-02-17,店舗2,商品04,2,194,388
104371,2024-02-17,店舗2,商品09,2,172,344
105231,2024-02-17,店舗2,商品09,2,172,344
105326,2024-02-17,店舗2,商品07,2,172,344
100184,2024-02-18,店舗1,商品12,9,194,1746
100196,2024-02-18,店舗1,商品12,6,194,1164
100196,2024-02-18,店舗1,商品12,7,194,1358
100501,2024-02-18,店舗1,商品12,9,194,1746
100570,2024-02-18,店舗1,商品12,3,194,582
101427,2024-02-18,店舗1,商品12,5,194,970
101427,2024-02-18,店舗1,商品12,3,194,582
101475,2024-02-18,店舗1,商品12,8,194,1552
102045,2024-02-18,店舗1,商品12,6,194,1164
102684,2024-02-18,店舗1,商品12,4,194,776
102800,2024-02-18,店舗1,商品12,4,194,776
102975,2024-02-18,店舗1,商品12,9,194,1746
103123,2024-02-18,店舗1,商品12,10,194,1940
103317,2024-02-18,店舗1,商品12,5,194,970
103317,2024-02-18,店舗1,商品12,4,194,776
103881,2024-02-18,店舗1,商品01,7,172,1204
103881,2024-02-18,店舗1,商品01,7,172,1204
104779,2024-02-18,店舗1,商品12,5,194,970
104942,2024-02-18,店舗1,商品12,4,194,776
105124,2024-02-18,店舗1,商品12,5,194,970
105231,2024-02-18,店舗1,商品12,7,194,1358
105402,2024-02-18,店舗1,商品12,5,194,970
105621,2024-02-18,店舗1,商品12,6,194,1164
102397,2024-02-18,店舗2,商品07,2,172,344
104341,2024-02-18,店舗2,商品07,3,172,516
105102,2024-02-18,店舗2,商品09,2,172,344
100867,2024-02-19,店舗1,商品12,4,194,776
101425,2024-02-19,店舗1,商品12,2,194,388
104373,2024-02-19,店舗1,商品10,3,194,582
104373,2024-02-19,店舗1,商品11,1,594,594
104858,2024-02-19,店舗1,商品10,3,194,582
104858,2024-02-19,店舗1,商品11,1,594,594
104906,2024-02-19,店舗1,商品12,3,194,582
104906,2024-02-19,店舗1,商品12,3,194,582
104906,2024-02-19,店舗1,商品12,3,194,582
104906,2024-02-19,店舗1,商品12,3,194,582
104954,2024-02-19,店舗1,商品12,2,194,388
105668,2024-02-19,店舗1,商品12,4,194,776
100042,2024-02-19,店舗2,商品09,3,172,516
100150,2024-02-19,店舗2,商品04,2,194,388
100150,2024-02-19,店舗2,商品09,3,172,516
100498,2024-02-19,店舗2,商品07,1,172,172
100498,2024-02-19,店舗2,商品09,2,172,344
100550,2024-02-19,店舗2,商品04,3,194,582
101028,2024-02-19,店舗2,商品08,2,194,388
101028,2024-02-19,店舗2,商品08,2,194,388
101183,2024-02-19,店舗2,商品07,4,172,688
101183,2024-02-19,店舗2,商品07,2,172,344
101427,2024-02-19,店舗2,商品08,2,194,388
102045,2024-02-19,店舗2,商品04,1,194,194
104239,2024-02-19,店舗2,商品01,2,172,344
105444,2024-02-19,店舗2,商品08,2,194,388
105625,2024-02-19,店舗2,商品07,3,172,516
105755,2024-02-19,店舗2,商品04,2,194,388
105755,2024-02-19,店舗2,商品04,2,194,388
101691,2024-02-20,店舗1,商品12,4,194,776
102437,2024-02-20,店舗1,商品12,4,194,776
104570,2024-02-20,店舗1,商品12,2,194,388
105360,2024-02-20,店舗1,商品12,3,194,582
105514,2024-02-20,店舗1,商品12,3,194,582
105514,2024-02-20,店舗1,商品12,3,194,582
105524,2024-02-20,店舗1,商品12,5,194,970
105624,2024-02-20,店舗1,商品12,5,194,970
105624,2024-02-20,店舗1,商品12,4,194,776
100268,2024-02-20,店舗2,商品07,3,172,516
100395,2024-02-20,店舗2,商品09,3,172,516
100395,2024-02-20,店舗2,商品09,1,172,172
100395,2024-02-20,店舗2,商品09,1,172,172
100395,2024-02-20,店舗2,商品09,1,172,172
100395,2024-02-20,店舗2,商品09,2,172,344
100395,2024-02-20,店舗2,商品09,3,172,516
100395,2024-02-20,店舗2,商品09,2,172,344
100395,2024-02-20,店舗2,商品09,1,172,172
100570,2024-02-20,店舗2,商品01,2,172,344
100571,2024-02-20,店舗2,商品08,2,194,388
100571,2024-02-20,店舗2,商品08,1,194,194
100571,2024-02-20,店舗2,商品08,1,194,194
100587,2024-02-20,店舗2,商品09,2,172,344
101803,2024-02-20,店舗2,商品04,1,194,194
102869,2024-02-20,店舗2,商品05,2,194,388
103258,2024-02-20,店舗2,商品09,2,172,344
103444,2024-02-20,店舗2,商品06,2,194,388
103444,2024-02-20,店舗2,商品06,2,194,388
104623,2024-02-20,店舗2,商品04,1,194,194
104780,2024-02-20,店舗2,商品04,1,194,194
105395,2024-02-20,店舗2,商品08,2,194,388
105395,2024-02-20,店舗2,商品08,1,194,194
105860,2024-02-20,店舗2,商品01,2,172,344
100685,2024-02-21,店舗1,商品12,3,194,582
100685,2024-02-21,店舗1,商品12,7,194,1358
100685,2024-02-21,店舗1,商品12,2,194,388
102534,2024-02-21,店舗1,商品12,5,194,970
104587,2024-02-21,店舗1,商品12,2,194,388
104826,2024-02-21,店舗1,商品12,4,194,776
105461,2024-02-21,店舗1,商品12,5,194,970
105639,2024-02-21,店舗1,商品11,1,594,594
105639,2024-02-21,店舗1,商品11,2,594,1188
105639,2024-02-21,店舗1,商品11,1,594,594
105639,2024-02-21,店舗1,商品11,2,594,1188
105639,2024-02-21,店舗1,商品11,1,594,594
105639,2024-02-21,店舗1,商品11,1,594,594
100626,2024-02-21,店舗2,商品09,2,172,344
100891,2024-02-21,店舗2,商品08,6,194,1164
101136,2024-02-21,店舗2,商品01,4,172,688
101762,2024-02-21,店舗2,商品01,2,172,344
102030,2024-02-21,店舗2,商品09,2,172,344
102627,2024-02-21,店舗2,商品03,1,421,421
102627,2024-02-21,店舗2,商品03,1,421,421
102627,2024-02-21,店舗2,商品03,1,421,421
102990,2024-02-21,店舗2,商品05,3,194,582
103660,2024-02-21,店舗2,商品04,3,194,582
103660,2024-02-21,店舗2,商品07,2,172,344
103808,2024-02-21,店舗2,商品07,2,172,344
103948,2024-02-21,店舗2,商品07,2,172,344
104644,2024-02-21,店舗2,商品09,2,172,344
105206,2024-02-21,店舗2,商品08,2,194,388
105206,2024-02-21,店舗2,商品09,4,172,688
105745,2024-02-21,店舗2,商品09,2,172,344
100181,2024-02-22,店舗1,商品12,6,194,1164
101625,2024-02-22,店舗1,商品12,5,194,970
102266,2024-02-22,店舗1,商品12,3,194,582
103647,2024-02-22,店舗1,商品12,4,194,776
104665,2024-02-22,店舗1,商品12,6,194,1164
104852,2024-02-22,店舗1,商品12,5,194,970
105665,2024-02-22,店舗1,商品12,5,194,970
101177,2024-02-22,店舗2,商品07,2,172,344
101625,2024-02-22,店舗2,商品04,1,194,194
101713,2024-02-22,店舗2,商品08,2,194,388
101713,2024-02-22,店舗2,商品08,2,194,388
101713,2024-02-22,店舗2,商品08,2,194,388
102003,2024-02-22,店舗2,商品01,2,172,344
102242,2024-02-22,店舗2,商品04,3,194,582
102485,2024-02-22,店舗2,商品08,3,194,582
103068,2024-02-22,店舗2,商品08,3,194,582
103600,2024-02-22,店舗2,商品09,2,172,344
103657,2024-02-22,店舗2,商品08,1,194,194
104527,2024-02-22,店舗2,商品04,2,194,388
105468,2024-02-22,店舗2,商品05,2,194,388
105468,2024-02-22,店舗2,商品05,1,194,194
105468,2024-02-22,店舗2,商品05,2,194,388
105468,2024-02-22,店舗2,商品05,2,194,388
105468,2024-02-22,店舗2,商品05,4,194,776
105468,2024-02-22,店舗2,商品09,2,172,344
100012,2024-02-23,店舗1,商品12,9,194,1746
100040,2024-02-23,店舗1,商品12,4,194,776
100074,2024-02-23,店舗1,商品12,7,194,1358
101103,2024-02-23,店舗1,商品12,7,194,1358
101403,2024-02-23,店舗1,商品07,4,172,688
101403,2024-02-23,店舗1,商品12,7,194,1358
102310,2024-02-23,店舗1,商品12,6,194,1164
102417,2024-02-23,店舗1,商品12,9,194,1746
103303,2024-02-23,店舗1,商品12,4,194,776
103303,2024-02-23,店舗1,商品12,5,194,970
103303,2024-02-23,店舗1,商品12,4,194,776
103446,2024-02-23,店舗1,商品12,6,194,1164
104843,2024-02-23,店舗1,商品12,6,194,1164
104876,2024-02-23,店舗1,商品12,3,194,582
105192,2024-02-23,店舗1,商品01,4,172,688
105192,2024-02-23,店舗1,商品01,5,172,860
105474,2024-02-23,店舗1,商品12,6,194,1164
105740,2024-02-23,店舗1,商品11,1,594,594
105770,2024-02-23,店舗1,商品12,7,194,1358
105899,2024-02-23,店舗1,商品12,2,194,388
100575,2024-02-23,店舗2,商品09,2,172,344
100648,2024-02-23,店舗2,商品08,3,194,582
101209,2024-02-23,店舗2,商品04,3,194,582
101481,2024-02-23,店舗2,商品09,3,172,516
105796,2024-02-23,店舗2,商品04,2,194,388
105910,2024-02-23,店舗2,商品08,3,194,582
100101,2024-02-24,店舗1,商品12,5,194,970
100152,2024-02-24,店舗1,商品12,4,194,776
101008,2024-02-24,店舗1,商品06,8,194,1552
101008,2024-02-24,店舗1,商品12,6,194,1164
101008,2024-02-24,店舗1,商品12,4,194,776
101285,2024-02-24,店舗1,商品12,4,194,776
101699,2024-02-24,店舗1,商品12,5,194,970
101699,2024-02-24,店舗1,商品12,4,194,776
101699,2024-02-24,店舗1,商品12,4,194,776
101797,2024-02-24,店舗1,商品12,6,194,1164
102004,2024-02-24,店舗1,商品12,4,194,776
102119,2024-02-24,店舗1,商品12,8,194,1552
102295,2024-02-24,店舗1,商品12,7,194,1358
102352,2024-02-24,店舗1,商品12,3,194,582
102410,2024-02-24,店舗1,商品12,5,194,970
102694,2024-02-24,店舗1,商品12,6,194,1164
102825,2024-02-24,店舗1,商品12,6,194,1164
102825,2024-02-24,店舗1,商品12,4,194,776
103258,2024-02-24,店舗1,商品12,9,194,1746
103271,2024-02-24,店舗1,商品12,5,194,970
103271,2024-02-24,店舗1,商品12,3,194,582
103730,2024-02-24,店舗1,商品12,4,194,776
103892,2024-02-24,店舗1,商品12,5,194,970
103976,2024-02-24,店舗1,商品12,4,194,776
103976,2024-02-24,店舗1,商品12,7,194,1358
104029,2024-02-24,店舗1,商品12,9,194,1746
104029,2024-02-24,店舗1,商品12,3,194,582
100897,2024-02-24,店舗2,商品09,2,172,344
102327,2024-02-24,店舗2,商品09,1,172,172
103264,2024-02-24,店舗2,商品04,1,194,194
103939,2024-02-24,店舗2,商品04,1,194,194
103939,2024-02-24,店舗2,商品10,2,194,388
104623,2024-02-24,店舗2,商品01,3,172,516
100055,2024-02-25,店舗1,商品12,6,194,1164
100161,2024-02-25,店舗1,商品12,7,194,1358
100161,2024-02-25,店舗1,商品12,4,194,776
100648,2024-02-25,店舗1,商品12,4,194,776
100936,2024-02-25,店舗1,商品12,5,194,970
100936,2024-02-25,店舗1,商品12,4,194,776
101363,2024-02-25,店舗1,商品12,6,194,1164
101481,2024-02-25,店舗1,商品12,5,194,970
101768,2024-02-25,店舗1,商品12,4,194,776
102217,2024-02-25,店舗1,商品12,7,194,1358
102331,2024-02-25,店舗1,商品12,6,194,1164
102448,2024-02-25,店舗1,商品12,5,194,970
103049,2024-02-25,店舗1,商品12,7,194,1358
103084,2024-02-25,店舗1,商品12,4,194,776
103162,2024-02-25,店舗1,商品12,3,194,582
103162,2024-02-25,店舗1,商品12,4,194,776
103162,2024-02-25,店舗1,商品12,10,194,1940
103162,2024-02-25,店舗1,商品12,4,194,776
103162,2024-02-25,店舗1,商品12,6,194,1164
103162,2024-02-25,店舗1,商品12,4,194,776
103192,2024-02-25,店舗1,商品12,3,194,582
104028,2024-02-25,店舗1,商品12,3,194,582
104120,2024-02-25,店舗1,商品09,5,172,860
104942,2024-02-25,店舗1,商品12,7,194,1358
105407,2024-02-25,店舗1,商品12,3,194,582
105745,2024-02-25,店舗1,商品12,4,194,776
100074,2024-02-25,店舗2,商品01,2,172,344
101534,2024-02-25,店舗2,商品01,1,172,172
103677,2024-02-25,店舗2,商品06,4,194,776
101073,2024-02-26,店舗1,商品12,3,194,582
101568,2024-02-26,店舗1,商品12,3,194,582
102521,2024-02-26,店舗1,商品12,2,194,388
103352,2024-02-26,店舗1,商品09,4,172,688
103762,2024-02-26,店舗1,商品12,3,194,582
103997,2024-02-26,店舗1,商品12,2,194,388
104009,2024-02-26,店舗1,商品06,3,194,582
104009,2024-02-26,店舗1,商品06,4,194,776
104009,2024-02-26,店舗1,商品06,3,194,582
104009,2024-02-26,店舗1,商品06,2,194,388
104009,2024-02-26,店舗1,商品07,2,172,344
104009,2024-02-26,店舗1,商品10,2,194,388
100402,2024-02-26,店舗2,商品10,3,194,582
100985,2024-02-26,店舗2,商品04,3,194,582
101688,2024-02-26,店舗2,商品04,1,194,194
101688,2024-02-26,店舗2,商品08,1,194,194
103303,2024-02-26,店舗2,商品09,2,172,344
103699,2024-02-26,店舗2,商品06,2,194,388
104365,2024-02-26,店舗2,商品09,2,172,344
104802,2024-02-26,店舗2,商品07,1,172,172
105010,2024-02-26,店舗2,商品04,4,194,776
105010,2024-02-26,店舗2,商品04,2,194,388
105117,2024-02-26,店舗2,商品07,2,172,344
105206,2024-02-26,店舗2,商品07,5,172,860
105780,2024-02-26,店舗2,商品09,2,172,344
105780,2024-02-26,店舗2,商品09,3,172,516
105780,2024-02-26,店舗2,商品09,2,172,344
105780,2024-02-26,店舗2,商品09,2,172,344
105809,2024-02-26,店舗2,商品05,3,194,582
100371,2024-02-27,店舗1,商品12,3,194,582
102530,2024-02-27,店舗1,商品12,3,194,582
103557,2024-02-27,店舗1,商品12,3,194,582
104097,2024-02-27,店舗1,商品12,2,194,388
104872,2024-02-27,店舗1,商品12,4,194,776
105010,2024-02-27,店舗1,商品12,5,194,970
105010,2024-02-27,店舗1,商品12,3,194,582
105950,2024-02-27,店舗1,商品10,4,194,776
105950,2024-02-27,店舗1,商品10,6,194,1164
101427,2024-02-27,店舗2,商品09,3,172,516
102226,2024-02-27,店舗2,商品08,2,194,388
102460,2024-02-27,店舗2,商品01,1,172,172
103352,2024-02-27,店舗2,商品05,4,194,776
103409,2024-02-27,店舗2,商品07,2,172,344
103409,2024-02-27,店舗2,商品07,2,172,344
103409,2024-02-27,店舗2,商品07,1,172,172
103571,2024-02-27,店舗2,商品01,5,172,860
103781,2024-02-27,店舗2,商品04,2,194,388
104544,2024-02-27,店舗2,商品01,2,172,344
104826,2024-02-27,店舗2,商品07,4,172,688
105529,2024-02-27,店舗2,商品07,3,172,516
105529,2024-02-27,店舗2,商品08,2,194,388
105539,2024-02-27,店舗2,商品04,1,194,194
105742,2024-02-27,店舗2,商品09,2,172,344
105742,2024-02-27,店舗2,商品09,3,172,516
100944,2024-02-28,店舗1,商品12,5,194,970
103410,2024-02-28,店舗1,商品12,2,194,388
103958,2024-02-28,店舗1,商品12,6,194,1164
104066,2024-02-28,店舗1,商品12,5,194,970
104445,2024-02-28,店舗1,商品12,4,194,776
104527,2024-02-28,店舗1,商品12,8,194,1552
105768,2024-02-28,店舗1,商品12,8,194,1552
100551,2024-02-28,店舗2,商品09,5,172,860
100631,2024-02-28,店舗2,商品09,1,172,172
100733,2024-02-28,店舗2,商品07,2,172,344
100766,2024-02-28,店舗2,商品07,2,172,344
101350,2024-02-28,店舗2,商品06,5,194,970
101719,2024-02-28,店舗2,商品04,2,194,388
102117,2024-02-28,店舗2,商品07,2,172,344
102117,2024-02-28,店舗2,商品07,3,172,516
102956,2024-02-28,店舗2,商品09,3,172,516
103004,2024-02-28,店舗2,商品07,1,172,172
103122,2024-02-28,店舗2,商品06,2,194,388
103122,2024-02-28,店舗2,商品06,2,194,388
104058,2024-02-28,店舗2,商品05,3,194,582
104058,2024-02-28,店舗2,商品05,2,194,388
104250,2024-02-28,店舗2,商品09,4,172,688
105667,2024-02-28,店舗2,商品09,3,172,516
100642,2024-02-29,店舗1,商品12,7,194,1358
100740,2024-02-29,店舗1,商品12,3,194,582
100830,2024-02-29,店舗1,商品12,3,194,582
101328,2024-02-29,店舗1,商品12,2,194,388
102679,2024-02-29,店舗1,商品12,3,194,582
102679,2024-02-29,店舗1,商品12,3,194,582
103688,2024-02-29,店舗1,商品12,3,194,582
103688,2024-02-29,店舗1,商品12,6,194,1164
104708,2024-02-29,店舗1,商品01,4,172,688
100527,2024-02-29,店舗2,商品07,4,172,688
100845,2024-02-29,店舗2,商品09,2,172,344
100845,2024-02-29,店舗2,商品09,2,172,344
100845,2024-02-29,店舗2,商品09,3,172,516
100845,2024-02-29,店舗2,商品09,2,172,344
100845,2024-02-29,店舗2,商品09,1,172,172
100845,2024-02-29,店舗2,商品09,1,172,172
100845,2024-02-29,店舗2,商品09,2,172,344
100845,2024-02-29,店舗2,商品09,2,172,344
100972,2024-02-29,店舗2,商品08,2,194,388
101455,2024-02-29,店舗2,商品07,1,172,172
101902,2024-02-29,店舗2,商品09,3,172,516
101992,2024-02-29,店舗2,商品08,2,194,388
102540,2024-02-29,店舗2,商品01,1,172,172
102922,2024-02-29,店舗2,商品06,2,194,388
104058,2024-02-29,店舗2,商品01,1,172,172
104867,2024-02-29,店舗2,商品08,2,194,388
105097,2024-02-29,店舗2,商品09,1,172,172
105191,2024-02-29,店舗2,商品01,2,172,344
105191,2024-02-29,店舗2,商品01,1,172,172
105191,2024-02-29,店舗2,商品01,2,172,344
105907,2024-02-29,店舗2,商品04,2,194,388
101389,2024-03-01,店舗1,商品12,7,194,1358
101389,2024-03-01,店舗1,商品12,4,194,776
102509,2024-03-01,店舗1,商品12,3,194,582
103859,2024-03-01,店舗1,商品12,4,194,776
103933,2024-03-01,店舗1,商品12,4,194,776
104598,2024-03-01,店舗1,商品12,4,194,776
104598,2024-03-01,店舗1,商品12,5,194,970
105000,2024-03-01,店舗1,商品12,10,194,1940
105260,2024-03-01,店舗1,商品12,3,194,582
105785,2024-03-01,店舗1,商品12,5,194,970
105978,2024-03-01,店舗1,商品12,4,194,776
100184,2024-03-01,店舗2,商品06,3,194,582
100564,2024-03-01,店舗2,商品09,2,172,344
100759,2024-03-01,店舗2,商品08,3,194,582
100887,2024-03-01,店舗2,商品04,3,194,582
100887,2024-03-01,店舗2,商品06,5,194,970
101392,2024-03-01,店舗2,商品07,2,172,344
102920,2024-03-01,店舗2,商品04,3,194,582
103264,2024-03-01,店舗2,商品04,4,194,776
103452,2024-03-01,店舗2,商品09,4,172,688
103483,2024-03-01,店舗2,商品08,1,194,194
104350,2024-03-01,店舗2,商品08,1,194,194
104826,2024-03-01,店舗2,商品07,2,172,344
105033,2024-03-01,店舗2,商品09,3,172,516
105514,2024-03-01,店舗2,商品09,5,172,860
105888,2024-03-01,店舗2,商品08,4,194,776
105888,2024-03-01,店舗2,商品08,2,194,388
100304,2024-03-02,店舗1,商品12,5,194,970
100409,2024-03-02,店舗1,商品12,8,194,1552
100418,2024-03-02,店舗1,商品12,8,194,1552
100656,2024-03-02,店舗1,商品12,4,194,776
101202,2024-03-02,店舗1,商品12,4,194,776
101454,2024-03-02,店舗1,商品12,11,194,2134
101718,2024-03-02,店舗1,商品12,5,194,970
101940,2024-03-02,店舗1,商品12,6,194,1164
102485,2024-03-02,店舗1,商品12,4,194,776
102552,2024-03-02,店舗1,商品12,9,194,1746
102738,2024-03-02,店舗1,商品12,9,194,1746
102793,2024-03-02,店舗1,商品12,10,194,1940
103295,2024-03-02,店舗1,商品10,9,194,1746
103295,2024-03-02,店舗1,商品11,2,594,1188
103453,2024-03-02,店舗1,商品12,8,194,1552
103587,2024-03-02,店舗1,商品12,6,194,1164
103771,2024-03-02,店舗1,商品12,6,194,1164
104120,2024-03-02,店舗1,商品05,9,194,1746
104120,2024-03-02,店舗1,商品05,3,194,582
104196,2024-03-02,店舗1,商品12,5,194,970
104196,2024-03-02,店舗1,商品12,5,194,970
104916,2024-03-02,店舗1,商品12,5,194,970
105745,2024-03-02,店舗1,商品12,7,194,1358
100023,2024-03-02,店舗2,商品04,2,194,388
100331,2024-03-02,店舗2,商品09,2,172,344
100784,2024-03-02,店舗2,商品01,2,172,344
101628,2024-03-02,店舗2,商品04,3,194,582
103964,2024-03-02,店舗2,商品04,1,194,194
100070,2024-03-03,店舗1,商品12,5,194,970
100234,2024-03-03,店舗1,商品12,5,194,970
100845,2024-03-03,店舗1,商品07,3,172,516
102321,2024-03-03,店舗1,商品12,4,194,776
102321,2024-03-03,店舗1,商品12,5,194,970
102374,2024-03-03,店舗1,商品12,5,194,970
102869,2024-03-03,店舗1,商品10,7,194,1358
103084,2024-03-03,店舗1,商品12,4,194,776
103097,2024-03-03,店舗1,商品12,4,194,776
103123,2024-03-03,店舗1,商品12,5,194,970
103135,2024-03-03,店舗1,商品09,5,172,860
103199,2024-03-03,店舗1,商品12,5,194,970
104246,2024-03-03,店舗1,商品12,4,194,776
104285,2024-03-03,店舗1,商品12,3,194,582
104285,2024-03-03,店舗1,商品12,4,194,776
104285,2024-03-03,店舗1,商品12,9,194,1746
104464,2024-03-03,店舗1,商品04,5,194,970
104464,2024-03-03,店舗1,商品04,6,194,1164
104515,2024-03-03,店舗1,商品12,7,194,1358
104515,2024-03-03,店舗1,商品12,4,194,776
104515,2024-03-03,店舗1,商品12,6,194,1164
104564,2024-03-03,店舗1,商品12,2,194,388
104708,2024-03-03,店舗1,商品12,6,194,1164
104858,2024-03-03,店舗1,商品12,9,194,1746
105023,2024-03-03,店舗1,商品12,3,194,582
105023,2024-03-03,店舗1,商品12,6,194,1164
105740,2024-03-03,店舗1,商品10,12,194,2328
105740,2024-03-03,店舗1,商品10,5,194,970
105890,2024-03-03,店舗1,商品10,7,194,1358
102695,2024-03-03,店舗2,商品01,1,172,172
104780,2024-03-03,店舗2,商品01,2,172,344
104780,2024-03-03,店舗2,商品01,2,172,344
104939,2024-03-03,店舗2,商品07,2,172,344
100181,2024-03-04,店舗1,商品12,4,194,776
101433,2024-03-04,店舗1,商品12,3,194,582
102018,2024-03-04,店舗1,商品12,3,194,582
103557,2024-03-04,店舗1,商品02,1,297,297
103892,2024-03-04,店舗1,商品12,5,194,970
103892,2024-03-04,店舗1,商品12,1,194,194
105007,2024-03-04,店舗1,商品12,3,194,582
105514,2024-03-04,店舗1,商品12,6,194,1164
105514,2024-03-04,店舗1,商品12,6,194,1164
100648,2024-03-04,店舗2,商品08,1,194,194
100929,2024-03-04,店舗2,商品07,3,172,516
102552,2024-03-04,店舗2,商品09,4,172,688
102621,2024-03-04,店舗2,商品09,2,172,344
104443,2024-03-04,店舗2,商品09,3,172,516
104443,2024-03-04,店舗2,商品09,3,172,516
104443,2024-03-04,店舗2,商品09,2,172,344
104560,2024-03-04,店舗2,商品01,3,172,516
104936,2024-03-04,店舗2,商品09,5,172,860
105000,2024-03-04,店舗2,商品04,3,194,582
105004,2024-03-04,店舗2,商品07,2,172,344
105216,2024-03-04,店舗2,商品09,3,172,516
105615,2024-03-04,店舗2,商品01,3,172,516
105950,2024-03-04,店舗2,商品05,3,194,582
100055,2024-03-05,店舗1,商品12,4,194,776
100055,2024-03-05,店舗1,商品12,4,194,776
100582,2024-03-05,店舗1,商品12,3,194,582
101276,2024-03-05,店舗1,商品12,3,194,582
101276,2024-03-05,店舗1,商品12,2,194,388
101276,2024-03-05,店舗1,商品12,3,194,582
103411,2024-03-05,店舗1,商品12,5,194,970
104068,2024-03-05,店舗1,商品12,3,194,582
104167,2024-03-05,店舗1,商品12,4,194,776
104167,2024-03-05,店舗1,商品12,3,194,582
105436,2024-03-05,店舗1,商品12,2,194,388
100949,2024-03-05,店舗2,商品09,5,172,860
101169,2024-03-05,店舗2,商品09,2,172,344
101625,2024-03-05,店舗2,商品04,4,194,776
101731,2024-03-05,店舗2,商品07,2,172,344
101731,2024-03-05,店舗2,商品07,4,172,688
101985,2024-03-05,店舗2,商品07,2,172,344
102922,2024-03-05,店舗2,商品06,2,194,388
103290,2024-03-05,店舗2,商品07,2,172,344
103598,2024-03-05,店舗2,商品04,2,194,388
103710,2024-03-05,店舗2,商品01,3,172,516
103730,2024-03-05,店舗2,商品08,2,194,388
103933,2024-03-05,店舗2,商品04,3,194,582
104373,2024-03-05,店舗2,商品05,3,194,582
104373,2024-03-05,店舗2,商品05,2,194,388
105312,2024-03-05,店舗2,商品08,2,194,388
105312,2024-03-05,店舗2,商品08,2,194,388
101105,2024-03-06,店舗1,商品12,4,194,776
103892,2024-03-06,店舗1,商品12,4,194,776
104378,2024-03-06,店舗1,商品12,2,194,388
104393,2024-03-06,店舗1,商品12,2,194,388
104447,2024-03-06,店舗1,商品12,7,194,1358
104596,2024-03-06,店舗1,商品12,10,194,1940
104872,2024-03-06,店舗1,商品12,5,194,970
105598,2024-03-06,店舗1,商品10,4,194,776
100038,2024-03-06,店舗2,商品07,2,172,344
100600,2024-03-06,店舗2,商品09,2,172,344
101074,2024-03-06,店舗2,商品04,1,194,194
101164,2024-03-06,店舗2,商品04,2,194,388
102119,2024-03-06,店舗2,商品07,2,172,344
102217,2024-03-06,店舗2,商品06,2,194,388
102684,2024-03-06,店舗2,商品09,2,172,344
103053,2024-03-06,店舗2,商品01,2,172,344
103215,2024-03-06,店舗2,商品04,2,194,388
103421,2024-03-06,店舗2,商品07,2,172,344
104958,2024-03-06,店舗2,商品09,2,172,344
105005,2024-03-06,店舗2,商品09,1,172,172
105005,2024-03-06,店舗2,商品09,2,172,344
105005,2024-03-06,店舗2,商品09,2,172,344
105005,2024-03-06,店舗2,商品09,4,172,688
105005,2024-03-06,店舗2,商品09,1,172,172
105005,2024-03-06,店舗2,商品09,1,172,172
105005,2024-03-06,店舗2,商品09,1,172,172
105005,2024-03-06,店舗2,商品09,2,172,344
105005,2024-03-06,店舗2,商品09,2,172,344
105005,2024-03-06,店舗2,商品09,2,172,344
105005,2024-03-06,店舗2,商品09,3,172,516
105448,2024-03-06,店舗2,商品08,2,194,388
105896,2024-03-06,店舗2,商品10,1,194,194
100101,2024-03-07,店舗1,商品12,7,194,1358
100234,2024-03-07,店舗1,商品09,4,172,688
100977,2024-03-07,店舗1,商品10,5,194,970
102417,2024-03-07,店舗1,商品12,6,194,1164
102826,2024-03-07,店舗1,商品12,3,194,582
103892,2024-03-07,店舗1,商品12,7,194,1358
103892,2024-03-07,店舗1,商品12,3,194,582
105523,2024-03-07,店舗1,商品12,4,194,776
100054,2024-03-07,店舗2,商品09,2,172,344
100719,2024-03-07,店舗2,商品01,2,172,344
100929,2024-03-07,店舗2,商品04,2,194,388
100929,2024-03-07,店舗2,商品09,1,172,172
100929,2024-03-07,店舗2,商品09,2,172,344
101074,2024-03-07,店舗2,商品04,3,194,582
103601,2024-03-07,店舗2,商品07,3,172,516
103601,2024-03-07,店舗2,商品09,2,172,344
104030,2024-03-07,店舗2,商品01,3,172,516
104030,2024-03-07,店舗2,商品01,1,172,172
104251,2024-03-07,店舗2,商品07,2,172,344
104251,2024-03-07,店舗2,商品07,2,172,344
104269,2024-03-07,店舗2,商品08,3,194,582
104876,2024-03-07,店舗2,商品04,3,194,582
105057,2024-03-07,店舗2,商品06,2,194,388
105144,2024-03-07,店舗2,商品08,2,194,388
105287,2024-03-07,店舗2,商品08,2,194,388
105395,2024-03-07,店舗2,商品04,3,194,582
105395,2024-03-07,店舗2,商品04,3,194,582
100323,2024-03-08,店舗1,商品12,3,194,582
101008,2024-03-08,店舗1,商品12,5,194,970
101008,2024-03-08,店舗1,商品12,4,194,776
101735,2024-03-08,店舗1,商品12,5,194,970
102371,2024-03-08,店舗1,商品12,4,194,776
102521,2024-03-08,店舗1,商品12,2,194,388
102618,2024-03-08,店舗1,商品12,7,194,1358
102800,2024-03-08,店舗1,商品12,7,194,1358
103084,2024-03-08,店舗1,商品09,5,172,860
104949,2024-03-08,店舗1,商品12,5,194,970
105915,2024-03-08,店舗1,商品12,6,194,1164
100076,2024-03-08,店舗2,商品02,1,297,297
100567,2024-03-08,店舗2,商品09,2,172,344
101273,2024-03-08,店舗2,商品07,4,172,688
101794,2024-03-08,店舗2,商品09,5,172,860
102119,2024-03-08,店舗2,商品07,6,172,1032
102217,2024-03-08,店舗2,商品01,5,172,860
103265,2024-03-08,店舗2,商品05,2,194,388
103433,2024-03-08,店舗2,商品09,2,172,344
103564,2024-03-08,店舗2,商品07,4,172,688
103590,2024-03-08,店舗2,商品08,3,194,582
104607,2024-03-08,店舗2,商品09,3,172,516
104798,2024-03-08,店舗2,商品09,7,172,1204
105676,2024-03-08,店舗2,商品08,3,194,582
105785,2024-03-08,店舗2,商品08,2,194,388
100067,2024-03-09,店舗1,商品12,7,194,1358
100126,2024-03-09,店舗1,商品12,5,194,970
100556,2024-03-09,店舗1,商品12,5,194,970
101005,2024-03-09,店舗1,商品12,5,194,970
101636,2024-03-09,店舗1,商品12,5,194,970
101699,2024-03-09,店舗1,商品12,7,194,1358
102001,2024-03-09,店舗1,商品12,4,194,776
102122,2024-03-09,店舗1,商品12,6,194,1164
102165,2024-03-09,店舗1,商品12,14,194,2716
103724,2024-03-09,店舗1,商品12,4,194,776
103724,2024-03-09,店舗1,商品12,5,194,970
103953,2024-03-09,店舗1,商品12,8,194,1552
103993,2024-03-09,店舗1,商品12,6,194,1164
104381,2024-03-09,店舗1,商品12,8,194,1552
104389,2024-03-09,店舗1,商品12,5,194,970
104545,2024-03-09,店舗1,商品12,9,194,1746
104640,2024-03-09,店舗1,商品12,6,194,1164
104648,2024-03-09,店舗1,商品12,8,194,1552
105100,2024-03-09,店舗1,商品12,4,194,776
105100,2024-03-09,店舗1,商品12,8,194,1552
105100,2024-03-09,店舗1,商品12,13,194,2522
105611,2024-03-09,店舗1,商品12,4,194,776
105780,2024-03-09,店舗1,商品12,8,194,1552
105896,2024-03-09,店舗1,商品10,3,194,582
101206,2024-03-09,店舗2,商品01,2,172,344
101354,2024-03-09,店舗2,商品08,2,194,388
104890,2024-03-09,店舗2,商品04,2,194,388
104890,2024-03-09,店舗2,商品07,2,172,344
105077,2024-03-09,店舗2,商品07,1,172,172
105323,2024-03-09,店舗2,商品08,3,194,582
100454,2024-03-10,店舗1,商品12,4,194,776
100475,2024-03-10,店舗1,商品12,5,194,970
100973,2024-03-10,店舗1,商品12,3,194,582
101224,2024-03-10,店舗1,商品12,7,194,1358
101354,2024-03-10,店舗1,商品12,6,194,1164
101451,2024-03-10,店舗1,商品12,8,194,1552
102437,2024-03-10,店舗1,商品12,11,194,2134
102642,2024-03-10,店舗1,商品12,4,194,776
102999,2024-03-10,店舗1,商品12,4,194,776
103720,2024-03-10,店舗1,商品12,9,194,1746
103805,2024-03-10,店舗1,商品12,9,194,1746
103916,2024-03-10,店舗1,商品12,4,194,776
103934,2024-03-10,店舗1,商品12,4,194,776
104640,2024-03-10,店舗1,商品12,8,194,1552
104954,2024-03-10,店舗1,商品12,3,194,582
105104,2024-03-10,店舗1,商品12,4,194,776
105104,2024-03-10,店舗1,商品12,10,194,1940
105639,2024-03-10,店舗1,商品11,2,594,1188
105639,2024-03-10,店舗1,商品11,1,594,594
105667,2024-03-10,店舗1,商品12,3,194,582
105708,2024-03-10,店舗1,商品06,7,194,1358
105725,2024-03-10,店舗1,商品12,8,194,1552
105725,2024-03-10,店舗1,商品12,13,194,2522
105725,2024-03-10,店舗1,商品12,3,194,582
100367,2024-03-10,店舗2,商品06,2,194,388
101443,2024-03-10,店舗2,商品01,2,172,344
103226,2024-03-10,店舗2,商品09,2,172,344
103764,2024-03-10,店舗2,商品08,2,194,388
100779,2024-03-11,店舗1,商品12,6,194,1164
101279,2024-03-11,店舗1,商品12,7,194,1358
103192,2024-03-11,店舗1,商品12,3,194,582
103869,2024-03-11,店舗1,商品09,4,172,688
104779,2024-03-11,店舗1,商品12,5,194,970
104942,2024-03-11,店舗1,商品12,4,194,776
105939,2024-03-11,店舗1,商品12,6,194,1164
100226,2024-03-11,店舗2,商品07,2,172,344
100666,2024-03-11,店舗2,商品04,3,194,582
101490,2024-03-11,店舗2,商品09,4,172,688
101628,2024-03-11,店舗2,商品04,3,194,582
102198,2024-03-11,店舗2,商品08,1,194,194
103142,2024-03-11,店舗2,商品06,2,194,388
103600,2024-03-11,店舗2,商品08,2,194,388
104160,2024-03-11,店舗2,商品08,2,194,388
104160,2024-03-11,店舗2,商品08,3,194,582
104204,2024-03-11,店舗2,商品07,3,172,516
104314,2024-03-11,店舗2,商品04,2,194,388
104314,2024-03-11,店舗2,商品04,2,194,388
104314,2024-03-11,店舗2,商品08,3,194,582
104582,2024-03-11,店舗2,商品09,3,172,516
105389,2024-03-11,店舗2,商品08,4,194,776
105391,2024-03-11,店舗2,商品04,3,194,582
100030,2024-03-12,店舗1,商品12,2,194,388
100692,2024-03-12,店舗1,商品12,4,194,776
101481,2024-03-12,店舗1,商品12,3,194,582
101659,2024-03-12,店舗1,商品12,2,194,388
103501,2024-03-12,店舗1,商品12,2,194,388
104018,2024-03-12,店舗1,商品12,4,194,776
104665,2024-03-12,店舗1,商品07,2,172,344
104665,2024-03-12,店舗1,商品07,3,172,516
104665,2024-03-12,店舗1,商品07,5,172,860
104665,2024-03-12,店舗1,商品07,2,172,344
104665,2024-03-12,店舗1,商品07,3,172,516
100118,2024-03-12,店舗2,商品09,2,172,344
100342,2024-03-12,店舗2,商品04,4,194,776
100648,2024-03-12,店舗2,商品08,2,194,388
101257,2024-03-12,店舗2,商品04,4,194,776
101403,2024-03-12,店舗2,商品07,3,172,516
101628,2024-03-12,店舗2,商品04,2,194,388
102279,2024-03-12,店舗2,商品05,2,194,388
102791,2024-03-12,店舗2,商品07,2,172,344
102791,2024-03-12,店舗2,商品07,3,172,516
103134,2024-03-12,店舗2,商品08,4,194,776
104066,2024-03-12,店舗2,商品01,3,172,516
104567,2024-03-12,店舗2,商品06,5,194,970
105386,2024-03-12,店舗2,商品04,3,194,582
105747,2024-03-12,店舗2,商品04,3,194,582
101062,2024-03-13,店舗1,商品12,4,194,776
101730,2024-03-13,店舗1,商品12,6,194,1164
101730,2024-03-13,店舗1,商品12,4,194,776
102708,2024-03-13,店舗1,商品12,4,194,776
103791,2024-03-13,店舗1,商品12,3,194,582
103948,2024-03-13,店舗1,商品12,6,194,1164
105052,2024-03-13,店舗1,商品12,2,194,388
105740,2024-03-13,店舗1,商品10,5,194,970
105740,2024-03-13,店舗1,商品10,4,194,776
101365,2024-03-13,店舗2,商品09,4,172,688
101425,2024-03-13,店舗2,商品04,2,194,388
101490,2024-03-13,店舗2,商品04,2,194,388
102314,2024-03-13,店舗2,商品08,4,194,776
103229,2024-03-13,店舗2,商品09,2,172,344
103332,2024-03-13,店舗2,商品08,1,194,194
103600,2024-03-13,店舗2,商品09,2,172,344
104314,2024-03-13,店舗2,商品04,2,194,388
104443,2024-03-13,店舗2,商品09,2,172,344
104443,2024-03-13,店舗2,商品09,2,172,344
104443,2024-03-13,店舗2,商品09,5,172,860
104443,2024-03-13,店舗2,商品09,3,172,516
104561,2024-03-13,店舗2,商品07,2,172,344
104561,2024-03-13,店舗2,商品09,3,172,516
104568,2024-03-13,店舗2,商品07,2,172,344
104911,2024-03-13,店舗2,商品08,3,194,582
105494,2024-03-13,店舗2,商品04,3,194,582
100740,2024-03-14,店舗1,商品12,3,194,582
100740,2024-03-14,店舗1,商品12,4,194,776
101310,2024-03-14,店舗1,商品12,3,194,582
102117,2024-03-14,店舗1,商品12,4,194,776
102261,2024-03-14,店舗1,商品12,4,194,776
102261,2024-03-14,店舗1,商品12,3,194,582
102261,2024-03-14,店舗1,商品12,2,194,388
103042,2024-03-14,店舗1,商品06,5,194,970
103083,2024-03-14,店舗1,商品12,5,194,970
104640,2024-03-14,店舗1,商品12,3,194,582
105576,2024-03-14,店舗1,商品12,3,194,582
100190,2024-03-14,店舗2,商品05,2,194,388
100667,2024-03-14,店舗2,商品01,5,172,860
102217,2024-03-14,店舗2,商品04,2,194,388
102374,2024-03-14,店舗2,商品09,1,172,172
102479,2024-03-14,店舗2,商品05,3,194,582
103006,2024-03-14,店舗2,商品08,4,194,776
103682,2024-03-14,店舗2,商品09,5,172,860
103682,2024-03-14,店舗2,商品09,4,172,688
103759,2024-03-14,店舗2,商品08,2,194,388
104513,2024-03-14,店舗2,商品04,3,194,582
104939,2024-03-14,店舗2,商品06,2,194,388
105010,2024-03-14,店舗2,商品04,3,194,582
105395,2024-03-14,店舗2,商品04,5,194,970
105780,2024-03-14,店舗2,商品09,2,172,344
100165,2024-03-15,店舗1,商品10,3,194,582
100165,2024-03-15,店舗1,商品12,3,194,582
100165,2024-03-15,店舗1,商品12,4,194,776
100165,2024-03-15,店舗1,商品12,3,194,582
100165,2024-03-15,店舗1,商品12,6,194,1164
100633,2024-03-15,店舗1,商品12,5,194,970
100774,2024-03-15,店舗1,商品12,4,194,776
101382,2024-03-15,店舗1,商品12,4,194,776
103352,2024-03-15,店舗1,商品12,5,194,970
103394,2024-03-15,店舗1,商品12,2,194,388
103394,2024-03-15,店舗1,商品12,5,194,970
103501,2024-03-15,店舗1,商品12,2,194,388
103629,2024-03-15,店舗1,商品12,5,194,970
103660,2024-03-15,店舗1,商品12,3,194,582
103788,2024-03-15,店舗1,商品12,5,194,970
100200,2024-03-15,店舗2,商品07,2,172,344
101265,2024-03-15,店舗2,商品01,4,172,688
101500,2024-03-15,店舗2,商品08,4,194,776
101740,2024-03-15,店舗2,商品09,5,172,860
102217,2024-03-15,店舗2,商品06,4,194,776
103141,2024-03-15,店舗2,商品10,4,194,776
103682,2024-03-15,店舗2,商品04,4,194,776
103823,2024-03-15,店舗2,商品09,2,172,344
103898,2024-03-15,店舗2,商品09,6,172,1032
104167,2024-03-15,店舗2,商品07,2,172,344
104942,2024-03-15,店舗2,商品01,3,172,516
105127,2024-03-15,店舗2,商品08,2,194,388
105192,2024-03-15,店舗2,商品09,3,172,516
105276,2024-03-15,店舗2,商品09,3,172,516
100494,2024-03-16,店舗1,商品09,4,172,688
100685,2024-03-16,店舗1,商品12,7,194,1358
101098,2024-03-16,店舗1,商品12,9,194,1746
101289,2024-03-16,店舗1,商品12,9,194,1746
101582,2024-03-16,店舗1,商品12,6,194,1164
102485,2024-03-16,店舗1,商品12,7,194,1358
102578,2024-03-16,店舗1,商品12,5,194,970
102778,2024-03-16,店舗1,商品12,4,194,776
102866,2024-03-16,店舗1,商品12,9,194,1746
102922,2024-03-16,店舗1,商品12,9,194,1746
103303,2024-03-16,店舗1,商品12,7,194,1358
104091,2024-03-16,店舗1,商品12,5,194,970
104120,2024-03-16,店舗1,商品12,9,194,1746
104258,2024-03-16,店舗1,商品10,5,194,970
104295,2024-03-16,店舗1,商品12,7,194,1358
104640,2024-03-16,店舗1,商品12,10,194,1940
104943,2024-03-16,店舗1,商品12,8,194,1552
105432,2024-03-16,店舗1,商品12,7,194,1358
105725,2024-03-16,店舗1,商品12,6,194,1164
105729,2024-03-16,店舗1,商品05,7,194,1358
105729,2024-03-16,店舗1,商品05,9,194,1746
105729,2024-03-16,店舗1,商品10,6,194,1164
100929,2024-03-16,店舗2,商品09,2,172,344
100929,2024-03-16,店舗2,商品09,1,172,172
101471,2024-03-16,店舗2,商品07,1,172,172
102733,2024-03-16,店舗2,商品08,1,194,194
102839,2024-03-16,店舗2,商品06,2,194,388
103211,2024-03-16,店舗2,商品04,1,194,194
103211,2024-03-16,店舗2,商品04,1,194,194
103211,2024-03-16,店舗2,商品08,2,194,388
101147,2024-03-17,店舗1,商品11,2,594,1188
101454,2024-03-17,店舗1,商品12,9,194,1746
102371,2024-03-17,店舗1,商品12,8,194,1552
102437,2024-03-17,店舗1,商品12,6,194,1164
102757,2024-03-17,店舗1,商品12,7,194,1358
103215,2024-03-17,店舗1,商品12,7,194,1358
103563,2024-03-17,店舗1,商品10,6,194,1164
103589,2024-03-17,店舗1,商品12,8,194,1552
103699,2024-03-17,店舗1,商品12,7,194,1358
103881,2024-03-17,店舗1,商品01,12,172,2064
103892,2024-03-17,店舗1,商品12,4,194,776
103949,2024-03-17,店舗1,商品12,3,194,582
104125,2024-03-17,店舗1,商品12,9,194,1746
104125,2024-03-17,店舗1,商品12,2,194,388
104424,2024-03-17,店舗1,商品12,5,194,970
104429,2024-03-17,店舗1,商品12,8,194,1552
104790,2024-03-17,店舗1,商品01,5,172,860
105277,2024-03-17,店舗1,商品12,10,194,1940
105566,2024-03-17,店舗1,商品12,11,194,2134
105704,2024-03-17,店舗1,商品12,6,194,1164
105729,2024-03-17,店舗1,商品12,6,194,1164
100510,2024-03-17,店舗2,商品08,1,194,194
100603,2024-03-17,店舗2,商品08,1,194,194
103097,2024-03-17,店舗2,商品04,1,194,194
103097,2024-03-17,店舗2,商品08,1,194,194
103097,2024-03-17,店舗2,商品08,1,194,194
104977,2024-03-17,店舗2,商品07,2,172,344
100475,2024-03-18,店舗1,商品12,5,194,970
102975,2024-03-18,店舗1,商品12,3,194,582
103556,2024-03-18,店舗1,商品12,3,194,582
104194,2024-03-18,店舗1,商品12,2,194,388
104194,2024-03-18,店舗1,商品12,2,194,388
105514,2024-03-18,店舗1,商品12,4,194,776
105514,2024-03-18,店舗1,商品12,4,194,776
105611,2024-03-18,店舗1,商品12,2,194,388
105611,2024-03-18,店舗1,商品12,3,194,582
105611,2024-03-18,店舗1,商品12,1,194,194
105704,2024-03-18,店舗1,商品12,2,194,388
105704,2024-03-18,店舗1,商品12,2,194,388
100342,2024-03-18,店舗2,商品04,2,194,388
101065,2024-03-18,店舗2,商品05,1,194,194
101065,2024-03-18,店舗2,商品05,2,194,388
101121,2024-03-18,店舗2,商品04,2,194,388
102217,2024-03-18,店舗2,商品06,2,194,388
102800,2024-03-18,店舗2,商品06,3,194,582
103443,2024-03-18,店舗2,商品04,3,194,582
103859,2024-03-18,店舗2,商品07,5,172,860
103995,2024-03-18,店舗2,商品09,3,172,516
104120,2024-03-18,店舗2,商品04,2,194,388
104141,2024-03-18,店舗2,商品07,4,172,688
104607,2024-03-18,店舗2,商品09,4,172,688
105033,2024-03-18,店舗2,商品09,3,172,516
105033,2024-03-18,店舗2,商品09,3,172,516
105038,2024-03-18,店舗2,商品09,2,172,344
101464,2024-03-19,店舗1,商品12,3,194,582
101755,2024-03-19,店舗1,商品12,5,194,970
101755,2024-03-19,店舗1,商品12,3,194,582
102600,2024-03-19,店舗1,商品12,4,194,776
102600,2024-03-19,店舗1,商品12,3,194,582
102600,2024-03-19,店舗1,商品12,4,194,776
102600,2024-03-19,店舗1,商品12,2,194,388
103308,2024-03-19,店舗1,商品12,3,194,582
103939,2024-03-19,店舗1,商品12,4,194,776
104623,2024-03-19,店舗1,商品12,3,194,582
105663,2024-03-19,店舗1,商品12,3,194,582
101050,2024-03-19,店舗2,商品04,2,194,388
101559,2024-03-19,店舗2,商品09,3,172,516
102947,2024-03-19,店舗2,商品06,2,194,388
103033,2024-03-19,店舗2,商品09,1,172,172
103033,2024-03-19,店舗2,商品09,3,172,516
103033,2024-03-19,店舗2,商品09,1,172,172
103033,2024-03-19,店舗2,商品09,2,172,344
103033,2024-03-19,店舗2,商品09,2,172,344
103360,2024-03-19,店舗2,商品01,2,172,344
103360,2024-03-19,店舗2,商品01,2,172,344
103360,2024-03-19,店舗2,商品01,2,172,344
103360,2024-03-19,店舗2,商品01,2,172,344
103953,2024-03-19,店舗2,商品09,2,172,344
104018,2024-03-19,店舗2,商品06,2,194,388
104018,2024-03-19,店舗2,商品06,2,194,388
104031,2024-03-19,店舗2,商品08,1,194,194
104391,2024-03-19,店舗2,商品08,1,194,194
104391,2024-03-19,店舗2,商品08,1,194,194
104751,2024-03-19,店舗2,商品08,2,194,388
104848,2024-03-19,店舗2,商品01,1,172,172
104848,2024-03-19,店舗2,商品01,2,172,344
104848,2024-03-19,店舗2,商品01,1,172,172
105102,2024-03-19,店舗2,商品01,2,172,344
105740,2024-03-19,店舗2,商品05,3,194,582
101669,2024-03-20,店舗1,商品12,5,194,970
101692,2024-03-20,店舗1,商品12,4,194,776
101755,2024-03-20,店舗1,商品12,4,194,776
101755,2024-03-20,店舗1,商品12,6,194,1164
102509,2024-03-20,店舗1,商品12,7,194,1358
103233,2024-03-20,店舗1,商品12,5,194,970
103303,2024-03-20,店舗1,商品12,4,194,776
103303,2024-03-20,店舗1,商品12,5,194,970
103303,2024-03-20,店舗1,商品12,4,194,776
103892,2024-03-20,店舗1,商品04,3,194,582
103892,2024-03-20,店舗1,商品04,3,194,582
103933,2024-03-20,店舗1,商品12,4,194,776
104120,2024-03-20,店舗1,商品09,11,172,1892
104369,2024-03-20,店舗1,商品12,3,194,582
104736,2024-03-20,店舗1,商品12,10,194,1940
104973,2024-03-20,店舗1,商品12,4,194,776
104973,2024-03-20,店舗1,商品12,5,194,970
105104,2024-03-20,店舗1,商品12,4,194,776
105142,2024-03-20,店舗1,商品12,7,194,1358
105143,2024-03-20,店舗1,商品12,5,194,970
105191,2024-03-20,店舗1,商品04,7,194,1358
105230,2024-03-20,店舗1,商品12,5,194,970
100508,2024-03-20,店舗2,商品07,2,172,344
100750,2024-03-20,店舗2,商品07,3,172,516
101726,2024-03-20,店舗2,商品07,2,172,344
102140,2024-03-20,店舗2,商品09,3,172,516
103390,2024-03-20,店舗2,商品06,2,194,388
104097,2024-03-20,店舗2,商品09,4,172,688
100055,2024-03-21,店舗1,商品12,5,194,970
101065,2024-03-21,店舗1,商品10,3,194,582
101634,2024-03-21,店舗1,商品12,5,194,970
102521,2024-03-21,店舗1,商品12,3,194,582
104295,2024-03-21,店舗1,商品12,5,194,970
105000,2024-03-21,店舗1,商品12,5,194,970
105000,2024-03-21,店舗1,商品12,4,194,776
105206,2024-03-21,店舗1,商品12,6,194,1164
105206,2024-03-21,店舗1,商品12,3,194,582
105684,2024-03-21,店舗1,商品12,2,194,388
100082,2024-03-21,店舗2,商品07,1,172,172
100853,2024-03-21,店舗2,商品09,2,172,344
101306,2024-03-21,店舗2,商品09,2,172,344
102217,2024-03-21,店舗2,商品09,2,172,344
102791,2024-03-21,店舗2,商品07,2,172,344
102791,2024-03-21,店舗2,商品07,2,172,344
102791,2024-03-21,店舗2,商品07,3,172,516
102791,2024-03-21,店舗2,商品07,2,172,344
102791,2024-03-21,店舗2,商品07,1,172,172
102791,2024-03-21,店舗2,商品07,3,172,516
102791,2024-03-21,店舗2,商品07,2,172,344
103168,2024-03-21,店舗2,商品07,1,172,172
103360,2024-03-21,店舗2,商品08,1,194,194
103682,2024-03-21,店舗2,商品09,3,172,516
103682,2024-03-21,店舗2,商品09,3,172,516
104063,2024-03-21,店舗2,商品04,1,194,194
104114,2024-03-21,店舗2,商品09,2,172,344
105275,2024-03-21,店舗2,商品04,3,194,582
105275,2024-03-21,店舗2,商品09,1,172,172
105382,2024-03-21,店舗2,商品07,2,172,344
105562,2024-03-21,店舗2,商品08,2,194,388
105562,2024-03-21,店舗2,商品08,2,194,388
101266,2024-03-22,店舗1,商品12,3,132,396
101891,2024-03-22,店舗1,商品12,6,132,792
101898,2024-03-22,店舗1,商品12,3,132,396
102708,2024-03-22,店舗1,商品12,5,132,660
103120,2024-03-22,店舗1,商品06,2,132,264
103120,2024-03-22,店舗1,商品12,2,132,264
103436,2024-03-22,店舗1,商品12,4,132,528
103443,2024-03-22,店舗1,商品12,4,132,528
103443,2024-03-22,店舗1,商品12,2,132,264
104191,2024-03-22,店舗1,商品12,3,132,396
104191,2024-03-22,店舗1,商品12,2,132,264
104596,2024-03-22,店舗1,商品12,4,132,528
104598,2024-03-22,店舗1,商品12,6,132,792
104972,2024-03-22,店舗1,商品12,4,132,528
104972,2024-03-22,店舗1,商品12,2,132,264
104979,2024-03-22,店舗1,商品05,4,132,528
104979,2024-03-22,店舗1,商品05,4,132,528
104979,2024-03-22,店舗1,商品12,4,132,528
105740,2024-03-22,店舗1,商品12,3,132,396
105740,2024-03-22,店舗1,商品12,3,132,396
105740,2024-03-22,店舗1,商品12,1,132,132
105740,2024-03-22,店舗1,商品12,3,132,396
105740,2024-03-22,店舗1,商品12,4,132,528
105740,2024-03-22,店舗1,商品12,5,132,660
100037,2024-03-22,店舗2,商品04,3,132,396
100303,2024-03-22,店舗2,商品01,4,117,468
100303,2024-03-22,店舗2,商品01,3,117,351
100719,2024-03-22,店舗2,商品07,1,117,117
100826,2024-03-22,店舗2,商品08,2,132,264
100826,2024-03-22,店舗2,商品09,4,117,468
101306,2024-03-22,店舗2,商品09,2,117,234
101591,2024-03-22,店舗2,商品04,2,132,264
101591,2024-03-22,店舗2,商品07,3,117,351
101687,2024-03-22,店舗2,商品09,3,117,351
101789,2024-03-22,店舗2,商品07,3,117,351
103004,2024-03-22,店舗2,商品09,5,117,585
103250,2024-03-22,店舗2,商品08,3,132,396
103250,2024-03-22,店舗2,商品08,4,132,528
103250,2024-03-22,店舗2,商品08,2,132,264
103264,2024-03-22,店舗2,商品04,2,132,264
103979,2024-03-22,店舗2,商品07,3,117,351
103995,2024-03-22,店舗2,商品08,4,132,528
104520,2024-03-22,店舗2,商品08,2,132,264
104678,2024-03-22,店舗2,商品07,5,117,585
105667,2024-03-22,店舗2,商品09,6,117,702
105796,2024-03-22,店舗2,商品05,3,132,396
105796,2024-03-22,店舗2,商品09,2,117,234
105840,2024-03-22,店舗2,商品07,3,117,351
100005,2024-03-23,店舗1,商品12,4,132,528
100042,2024-03-23,店舗1,商品12,4,132,528
100694,2024-03-23,店舗1,商品12,5,132,660
101129,2024-03-23,店舗1,商品12,3,132,396
101136,2024-03-23,店舗1,商品12,6,132,792
101755,2024-03-23,店舗1,商品12,7,132,924
101825,2024-03-23,店舗1,商品12,8,132,1056
101999,2024-03-23,店舗1,商品12,4,132,528
102287,2024-03-23,店舗1,商品12,11,132,1452
102288,2024-03-23,店舗1,商品12,5,132,660
102292,2024-03-23,店舗1,商品12,5,132,660
102626,2024-03-23,店舗1,商品12,6,132,792
102665,2024-03-23,店舗1,商品10,5,132,660
102700,2024-03-23,店舗1,商品05,5,132,660
102700,2024-03-23,店舗1,商品05,3,132,396
102700,2024-03-23,店舗1,商品05,5,132,660
102700,2024-03-23,店舗1,商品05,10,132,1320
102700,2024-03-23,店舗1,商品05,5,132,660
102700,2024-03-23,店舗1,商品12,6,132,792
102936,2024-03-23,店舗1,商品12,7,132,924
102936,2024-03-23,店舗1,商品12,4,132,528
103082,2024-03-23,店舗1,商品12,8,132,1056
103303,2024-03-23,店舗1,商品12,8,132,1056
103303,2024-03-23,店舗1,商品12,8,132,1056
103303,2024-03-23,店舗1,商品12,7,132,924
104097,2024-03-23,店舗1,商品12,8,132,1056
104097,2024-03-23,店舗1,商品12,13,132,1716
104097,2024-03-23,店舗1,商品12,7,132,924
104114,2024-03-23,店舗1,商品12,3,132,396
104114,2024-03-23,店舗1,商品12,4,132,528
104576,2024-03-23,店舗1,商品12,4,132,528
104703,2024-03-23,店舗1,商品04,8,132,1056
104867,2024-03-23,店舗1,商品10,5,132,660
104954,2024-03-23,店舗1,商品12,6,132,792
105355,2024-03-23,店舗1,商品12,7,132,924
105498,2024-03-23,店舗1,商品12,5,132,660
105514,2024-03-23,店舗1,商品12,5,132,660
105704,2024-03-23,店舗1,商品12,6,132,792
105778,2024-03-23,店舗1,商品07,5,117,585
105816,2024-03-23,店舗1,商品12,7,132,924
101065,2024-03-23,店舗2,商品02,1,297,297
101616,2024-03-23,店舗2,商品08,2,132,264
102300,2024-03-23,店舗2,商品01,4,117,468
103004,2024-03-23,店舗2,商品09,2,117,234
103181,2024-03-23,店舗2,商品08,3,132,396
103689,2024-03-23,店舗2,商品04,2,132,264
104914,2024-03-23,店舗2,商品01,3,117,351
100241,2024-03-24,店舗1,商品12,8,132,1056
100241,2024-03-24,店舗1,商品12,4,132,528
100722,2024-03-24,店舗1,商品12,5,132,660
100722,2024-03-24,店舗1,商品12,6,132,792
100802,2024-03-24,店舗1,商品12,3,132,396
101246,2024-03-24,店舗1,商品12,3,132,396
101481,2024-03-24,店舗1,商品12,5,132,660
101751,2024-03-24,店舗1,商品12,6,132,792
101751,2024-03-24,店舗1,商品12,7,132,924
101751,2024-03-24,店舗1,商品12,6,132,792
101836,2024-03-24,店舗1,商品12,7,132,924
101836,2024-03-24,店舗1,商品12,6,132,792
101836,2024-03-24,店舗1,商品12,3,132,396
102029,2024-03-24,店舗1,商品12,4,132,528
102029,2024-03-24,店舗1,商品12,5,132,660
102562,2024-03-24,店舗1,商品12,6,132,792
102691,2024-03-24,店舗1,商品12,5,132,660
102845,2024-03-24,店舗1,商品12,5,132,660
103042,2024-03-24,店舗1,商品06,7,132,924
103112,2024-03-24,店舗1,商品12,6,132,792
103211,2024-03-24,店舗1,商品12,9,132,1188
103274,2024-03-24,店舗1,商品12,7,132,924
103316,2024-03-24,店舗1,商品12,4,132,528
103344,2024-03-24,店舗1,商品01,10,117,1170
103461,2024-03-24,店舗1,商品10,5,132,660
103915,2024-03-24,店舗1,商品12,7,132,924
103993,2024-03-24,店舗1,商品12,7,132,924
104120,2024-03-24,店舗1,商品07,5,117,585
104120,2024-03-24,店舗1,商品07,8,117,936
104285,2024-03-24,店舗1,商品12,7,132,924
104454,2024-03-24,店舗1,商品12,5,132,660
104525,2024-03-24,店舗1,商品12,7,132,924
104703,2024-03-24,店舗1,商品04,14,132,1848
105052,2024-03-24,店舗1,商品12,2,132,264
105322,2024-03-24,店舗1,商品12,8,132,1056
105322,2024-03-24,店舗1,商品12,5,132,660
105741,2024-03-24,店舗1,商品12,4,132,528
105741,2024-03-24,店舗1,商品12,9,132,1188
100981,2024-03-24,店舗2,商品01,1,117,117
102235,2024-03-24,店舗2,商品07,3,117,351
104194,2024-03-24,店舗2,商品07,1,117,117
105206,2024-03-24,店舗2,商品05,2,132,264
105206,2024-03-24,店舗2,商品07,2,117,234
105376,2024-03-24,店舗2,商品07,2,117,234
100587,2024-03-25,店舗1,商品12,4,132,528
102306,2024-03-25,店舗1,商品12,4,132,528
102778,2024-03-25,店舗1,商品12,3,132,396
102845,2024-03-25,店舗1,商品12,3,132,396
103084,2024-03-25,店舗1,商品12,4,132,528
103084,2024-03-25,店舗1,商品12,8,132,1056
103701,2024-03-25,店舗1,商品12,6,132,792
104029,2024-03-25,店舗1,商品12,6,132,792
104172,2024-03-25,店舗1,商品12,6,132,792
104997,2024-03-25,店舗1,商品12,6,132,792
105337,2024-03-25,店舗1,商品12,3,132,396
100683,2024-03-25,店舗2,商品01,3,117,351
100683,2024-03-25,店舗2,商品01,3,117,351
102295,2024-03-25,店舗2,商品01,2,117,234
102295,2024-03-25,店舗2,商品01,2,117,234
102438,2024-03-25,店舗2,商品10,3,132,396
102580,2024-03-25,店舗2,商品09,2,117,234
102841,2024-03-25,店舗2,商品06,4,132,528
102881,2024-03-25,店舗2,商品05,3,132,396
102978,2024-03-25,店舗2,商品07,3,117,351
103273,2024-03-25,店舗2,商品09,3,117,351
103273,2024-03-25,店舗2,商品09,2,117,234
103273,2024-03-25,店舗2,商品09,2,117,234
103600,2024-03-25,店舗2,商品09,2,117,234
103689,2024-03-25,店舗2,商品08,4,132,528
103964,2024-03-25,店舗2,商品07,3,117,351
104640,2024-03-25,店舗2,商品05,1,132,132
104867,2024-03-25,店舗2,商品08,3,132,396
104867,2024-03-25,店舗2,商品08,2,132,264
104892,2024-03-25,店舗2,商品04,1,132,132
104892,2024-03-25,店舗2,商品04,2,132,264
105310,2024-03-25,店舗2,商品07,2,117,234
105494,2024-03-25,店舗2,商品04,4,132,528
105688,2024-03-25,店舗2,商品07,2,117,234
105688,2024-03-25,店舗2,商品07,3,117,351
101128,2024-03-26,店舗1,商品12,3,132,396
101309,2024-03-26,店舗1,商品12,6,132,792
102569,2024-03-26,店舗1,商品12,4,132,528
103595,2024-03-26,店舗1,商品12,3,132,396
103933,2024-03-26,店舗1,商品12,4,132,528
103981,2024-03-26,店舗1,商品12,5,132,660
104144,2024-03-26,店舗1,商品12,5,132,660
104598,2024-03-26,店舗1,商品12,8,132,1056
104598,2024-03-26,店舗1,商品12,4,132,528
104976,2024-03-26,店舗1,商品12,6,132,792
105355,2024-03-26,店舗1,商品10,6,132,792
100234,2024-03-26,店舗2,商品08,3,132,396
100272,2024-03-26,店舗2,商品07,3,117,351
100845,2024-03-26,店舗2,商品09,2,117,234
100845,2024-03-26,店舗2,商品09,2,117,234
101062,2024-03-26,店舗2,商品09,3,117,351
101062,2024-03-26,店舗2,商品09,3,117,351
101427,2024-03-26,店舗2,商品08,2,132,264
101853,2024-03-26,店舗2,商品06,3,132,396
102291,2024-03-26,店舗2,商品04,2,132,264
102665,2024-03-26,店舗2,商品09,1,117,117
103048,2024-03-26,店舗2,商品07,2,117,234
103053,2024-03-26,店舗2,商品07,4,117,468
103060,2024-03-26,店舗2,商品04,2,132,264
103060,2024-03-26,店舗2,商品04,3,132,396
103060,2024-03-26,店舗2,商品05,5,132,660
103364,2024-03-26,店舗2,商品09,5,117,585
103724,2024-03-26,店舗2,商品04,2,132,264
104442,2024-03-26,店舗2,商品04,3,132,396
104867,2024-03-26,店舗2,商品09,2,117,234
104976,2024-03-26,店舗2,商品04,4,132,528
104976,2024-03-26,店舗2,商品06,3,132,396
105287,2024-03-26,店舗2,商品06,4,132,528
101122,2024-03-27,店舗1,商品12,6,132,792
101562,2024-03-27,店舗1,商品12,5,132,660
101999,2024-03-27,店舗1,商品12,6,132,792
102918,2024-03-27,店舗1,商品12,5,132,660
102971,2024-03-27,店舗1,商品12,3,132,396
102971,2024-03-27,店舗1,商品12,6,132,792
102971,2024-03-27,店舗1,商品12,5,132,660
103412,2024-03-27,店舗1,商品12,5,132,660
103563,2024-03-27,店舗1,商品12,3,132,396
103756,2024-03-27,店舗1,商品12,4,132,528
104620,2024-03-27,店舗1,商品12,6,132,792
105474,2024-03-27,店舗1,商品12,4,132,528
100055,2024-03-27,店舗2,商品04,2,132,264
100055,2024-03-27,店舗2,商品04,2,132,264
100055,2024-03-27,店舗2,商品08,2,132,264
100981,2024-03-27,店舗2,商品07,2,117,234
101427,2024-03-27,店舗2,商品01,3,117,351
102777,2024-03-27,店舗2,商品07,2,117,234
102825,2024-03-27,店舗2,商品07,1,117,117
102825,2024-03-27,店舗2,商品07,3,117,351
103009,2024-03-27,店舗2,商品04,1,132,132
103084,2024-03-27,店舗2,商品03,1,421,421
103084,2024-03-27,店舗2,商品07,1,117,117
103084,2024-03-27,店舗2,商品07,2,117,234
103084,2024-03-27,店舗2,商品07,2,117,234
103084,2024-03-27,店舗2,商品07,3,117,351
103084,2024-03-27,店舗2,商品07,2,117,234
103909,2024-03-27,店舗2,商品07,4,117,468
104023,2024-03-27,店舗2,商品04,4,132,528
104867,2024-03-27,店舗2,商品08,4,132,528
104941,2024-03-27,店舗2,商品09,3,117,351
105167,2024-03-27,店舗2,商品01,2,117,234
105206,2024-03-27,店舗2,商品09,2,117,234
105395,2024-03-27,店舗2,商品04,3,132,396
105395,2024-03-27,店舗2,商品04,2,132,264
105395,2024-03-27,店舗2,商品04,2,132,264
105395,2024-03-27,店舗2,商品04,2,132,264
105551,2024-03-27,店舗2,商品08,2,132,264
105762,2024-03-27,店舗2,商品07,4,117,468
105838,2024-03-27,店舗2,商品07,1,117,117
101008,2024-03-28,店舗1,商品07,3,117,351
101263,2024-03-28,店舗1,商品06,3,132,396
101263,2024-03-28,店舗1,商品06,6,132,792
101263,2024-03-28,店舗1,商品06,3,132,396
101673,2024-03-28,店舗1,商品12,4,132,528
101673,2024-03-28,店舗1,商品12,4,132,528
102621,2024-03-28,店舗1,商品12,3,132,396
103303,2024-03-28,店舗1,商品12,2,132,264
103303,2024-03-28,店舗1,商品12,4,132,528
103303,2024-03-28,店舗1,商品12,5,132,660
103980,2024-03-28,店舗1,商品12,4,132,528
104616,2024-03-28,店舗1,商品12,4,132,528
104729,2024-03-28,店舗1,商品12,5,132,660
104729,2024-03-28,店舗1,商品12,3,132,396
105965,2024-03-28,店舗1,商品12,3,132,396
102757,2024-03-28,店舗2,商品07,2,117,234
102918,2024-03-28,店舗2,商品07,3,117,351
102951,2024-03-28,店舗2,商品06,2,132,264
103153,2024-03-28,店舗2,商品08,2,132,264
103303,2024-03-28,店舗2,商品04,3,132,396
103532,2024-03-28,店舗2,商品07,2,117,234
103881,2024-03-28,店舗2,商品08,4,132,528
103917,2024-03-28,店舗2,商品07,2,117,234
104017,2024-03-28,店舗2,商品05,3,132,396
104097,2024-03-28,店舗2,商品06,3,132,396
104097,2024-03-28,店舗2,商品07,2,117,234
104202,2024-03-28,店舗2,商品05,2,132,264
104545,2024-03-28,店舗2,商品09,3,117,351
104545,2024-03-28,店舗2,商品09,3,117,351
104545,2024-03-28,店舗2,商品09,3,117,351
104572,2024-03-28,店舗2,商品07,2,117,234
104939,2024-03-28,店舗2,商品06,4,132,528
105109,2024-03-28,店舗2,商品07,2,117,234
105541,2024-03-28,店舗2,商品09,4,117,468
105541,2024-03-28,店舗2,商品09,2,117,234
105541,2024-03-28,店舗2,商品09,3,117,351
105541,2024-03-28,店舗2,商品09,2,117,234
105960,2024-03-28,店舗2,商品09,1,117,117
100575,2024-03-29,店舗1,商品12,5,194,970
100575,2024-03-29,店舗1,商品12,3,194,582
101349,2024-03-29,店舗1,商品12,7,194,1358
101482,2024-03-29,店舗1,商品12,4,194,776
102424,2024-03-29,店舗1,商品12,7,194,1358
102922,2024-03-29,店舗1,商品12,4,194,776
104834,2024-03-29,店舗1,商品10,5,194,970
105000,2024-03-29,店舗1,商品12,4,194,776
105322,2024-03-29,店舗1,商品12,6,194,1164
105839,2024-03-29,店舗1,商品12,4,194,776
105839,2024-03-29,店舗1,商品12,3,194,582
100213,2024-03-29,店舗2,商品07,3,172,516
101160,2024-03-29,店舗2,商品01,3,172,516
101240,2024-03-29,店舗2,商品09,4,172,688
101359,2024-03-29,店舗2,商品08,3,194,582
102433,2024-03-29,店舗2,商品09,3,172,516
103614,2024-03-29,店舗2,商品04,3,194,582
103917,2024-03-29,店舗2,商品09,3,172,516
103917,2024-03-29,店舗2,商品09,4,172,688
104029,2024-03-29,店舗2,商品08,5,194,970
104571,2024-03-29,店舗2,商品08,2,194,388
104667,2024-03-29,店舗2,商品06,2,194,388
104667,2024-03-29,店舗2,商品06,2,194,388
104667,2024-03-29,店舗2,商品07,1,172,172
104763,2024-03-29,店舗2,商品01,3,172,516
105276,2024-03-29,店舗2,商品07,2,172,344
105557,2024-03-29,店舗2,商品04,2,194,388
105863,2024-03-29,店舗2,商品08,3,194,582
100163,2024-03-30,店舗1,商品12,5,194,970
100373,2024-03-30,店舗1,商品12,4,194,776
100511,2024-03-30,店舗1,商品12,5,194,970
100511,2024-03-30,店舗1,商品12,5,194,970
101183,2024-03-30,店舗1,商品07,5,172,860
101213,2024-03-30,店舗1,商品12,8,194,1552
102157,2024-03-30,店舗1,商品12,9,194,1746
102800,2024-03-30,店舗1,商品12,11,194,2134
102881,2024-03-30,店舗1,商品12,6,194,1164
103303,2024-03-30,店舗1,商品12,6,194,1164
103303,2024-03-30,店舗1,商品12,11,194,2134
103417,2024-03-30,店舗1,商品12,7,194,1358
104141,2024-03-30,店舗1,商品12,3,194,582
104141,2024-03-30,店舗1,商品12,6,194,1164
104160,2024-03-30,店舗1,商品12,4,194,776
104202,2024-03-30,店舗1,商品12,10,194,1940
104202,2024-03-30,店舗1,商品12,7,194,1358
104272,2024-03-30,店舗1,商品12,7,194,1358
105023,2024-03-30,店舗1,商品12,6,194,1164
105023,2024-03-30,店舗1,商品12,6,194,1164
105055,2024-03-30,店舗1,商品12,4,194,776
105160,2024-03-30,店舗1,商品12,5,194,970
105498,2024-03-30,店舗1,商品12,3,194,582
105755,2024-03-30,店舗1,商品04,5,194,970
100906,2024-03-30,店舗2,商品09,4,172,688
101375,2024-03-30,店舗2,商品09,3,172,516
103839,2024-03-30,店舗2,商品08,1,194,194
104751,2024-03-30,店舗2,商品01,1,172,172
105033,2024-03-30,店舗2,商品09,2,172,344
100184,2024-03-31,店舗1,商品12,3,194,582
100331,2024-03-31,店舗1,商品12,6,194,1164
100331,2024-03-31,店舗1,商品12,10,194,1940
101212,2024-03-31,店舗1,商品12,6,194,1164
101229,2024-03-31,店舗1,商品12,5,194,970
102065,2024-03-31,店舗1,商品12,8,194,1552
102820,2024-03-31,店舗1,商品12,5,194,970
102845,2024-03-31,店舗1,商品12,7,194,1358
102931,2024-03-31,店舗1,商品01,5,172,860
103193,2024-03-31,店舗1,商品12,6,194,1164
103281,2024-03-31,店舗1,商品12,6,194,1164
103966,2024-03-31,店舗1,商品12,6,194,1164
104379,2024-03-31,店舗1,商品12,6,194,1164
104684,2024-03-31,店舗1,商品12,3,194,582
104916,2024-03-31,店舗1,商品12,8,194,1552
104954,2024-03-31,店舗1,商品12,5,194,970
104997,2024-03-31,店舗1,商品12,8,194,1552
105068,2024-03-31,店舗1,商品12,6,194,1164
105068,2024-03-31,店舗1,商品12,8,194,1552
105230,2024-03-31,店舗1,商品12,8,194,1552
105725,2024-03-31,店舗1,商品12,9,194,1746
105725,2024-03-31,店舗1,商品12,8,194,1552
100490,2024-03-31,店舗2,商品08,3,194,582
100579,2024-03-31,店舗2,商品01,2,172,344
103781,2024-03-31,店舗2,商品08,2,194,388
100258,2024-04-01,店舗1,商品12,3,194,582
100405,2024-04-01,店舗1,商品12,5,194,970
100405,2024-04-01,店舗1,商品12,1,194,194
104133,2024-04-01,店舗1,商品12,3,194,582
104640,2024-04-01,店舗1,商品12,2,194,388
104818,2024-04-01,店舗1,商品09,4,172,688
104818,2024-04-01,店舗1,商品09,3,172,516
104818,2024-04-01,店舗1,商品09,3,172,516
105095,2024-04-01,店舗1,商品12,3,194,582
105095,2024-04-01,店舗1,商品12,4,194,776
100418,2024-04-01,店舗2,商品04,2,194,388
100511,2024-04-01,店舗2,商品06,1,194,194
101023,2024-04-01,店舗2,商品06,3,194,582
101023,2024-04-01,店舗2,商品10,5,194,970
101548,2024-04-01,店舗2,商品09,2,172,344
101902,2024-04-01,店舗2,商品07,3,172,516
101902,2024-04-01,店舗2,商品08,2,194,388
102791,2024-04-01,店舗2,商品07,2,172,344
103132,2024-04-01,店舗2,商品08,4,194,776
104120,2024-04-01,店舗2,商品05,2,194,388
104545,2024-04-01,店舗2,商品09,2,172,344
104545,2024-04-01,店舗2,商品09,3,172,516
104871,2024-04-01,店舗2,商品05,1,194,194
104892,2024-04-01,店舗2,商品05,4,194,776
104914,2024-04-01,店舗2,商品03,1,421,421
104914,2024-04-01,店舗2,商品03,1,421,421
104914,2024-04-01,店舗2,商品03,1,421,421
105448,2024-04-01,店舗2,商品08,3,194,582
101105,2024-04-02,店舗1,商品12,4,194,776
101105,2024-04-02,店舗1,商品12,3,194,582
102437,2024-04-02,店舗1,商品12,3,194,582
103132,2024-04-02,店舗1,商品12,2,194,388
103317,2024-04-02,店舗1,商品12,3,194,582
103317,2024-04-02,店舗1,商品12,4,194,776
103850,2024-04-02,店舗1,商品12,2,194,388
103850,2024-04-02,店舗1,商品12,2,194,388
103850,2024-04-02,店舗1,商品12,2,194,388
104598,2024-04-02,店舗1,商品12,4,194,776
105427,2024-04-02,店舗1,商品12,1,194,194
105427,2024-04-02,店舗1,商品12,4,194,776
100766,2024-04-02,店舗2,商品07,7,172,1204
101160,2024-04-02,店舗2,商品09,4,172,688
101194,2024-04-02,店舗2,商品04,2,194,388
101836,2024-04-02,店舗2,商品08,2,194,388
102045,2024-04-02,店舗2,商品01,3,172,516
102045,2024-04-02,店舗2,商品01,3,172,516
102327,2024-04-02,店舗2,商品03,1,421,421
102417,2024-04-02,店舗2,商品03,1,421,421
102417,2024-04-02,店舗2,商品03,1,421,421
102728,2024-04-02,店舗2,商品01,2,172,344
104120,2024-04-02,店舗2,商品04,3,194,582
104371,2024-04-02,店舗2,商品09,3,172,516
104848,2024-04-02,店舗2,商品09,5,172,860
104852,2024-04-02,店舗2,商品01,3,172,516
105868,2024-04-02,店舗2,商品10,2,194,388
101103,2024-04-03,店舗1,商品12,3,194,582
102420,2024-04-03,店舗1,商品12,3,194,582
102420,2024-04-03,店舗1,商品12,3,194,582
102420,2024-04-03,店舗1,商品12,5,194,970
102530,2024-04-03,店舗1,商品12,4,194,776
102697,2024-04-03,店舗1,商品12,3,194,582
104024,2024-04-03,店舗1,商品12,6,194,1164
104604,2024-04-03,店舗1,商品12,3,194,582
104908,2024-04-03,店舗1,商品12,5,194,970
105967,2024-04-03,店舗1,商品12,4,194,776
100780,2024-04-03,店舗2,商品09,2,172,344
100780,2024-04-03,店舗2,商品09,1,172,172
101427,2024-04-03,店舗2,商品07,2,172,344
101591,2024-04-03,店舗2,商品08,2,194,388
101591,2024-04-03,店舗2,商品08,2,194,388
101591,2024-04-03,店舗2,商品08,3,194,582
101591,2024-04-03,店舗2,商品08,2,194,388
101679,2024-04-03,店舗2,商品08,3,194,582
101999,2024-04-03,店舗2,商品07,2,172,344
102865,2024-04-03,店舗2,商品09,2,172,344
102865,2024-04-03,店舗2,商品09,2,172,344
103090,2024-04-03,店舗2,商品07,2,172,344
103168,2024-04-03,店舗2,商品09,2,172,344
104005,2024-04-03,店舗2,商品07,3,172,516
104258,2024-04-03,店舗2,商品05,4,194,776
104552,2024-04-03,店舗2,商品05,2,194,388
104552,2024-04-03,店舗2,商品06,2,194,388
105497,2024-04-03,店舗2,商品01,2,172,344
105780,2024-04-03,店舗2,商品04,3,194,582
105780,2024-04-03,店舗2,商品09,2,172,344
100181,2024-04-04,店舗1,商品12,3,194,582
102337,2024-04-04,店舗1,商品12,6,194,1164
102337,2024-04-04,店舗1,商品12,2,194,388
102780,2024-04-04,店舗1,商品12,3,194,582
103060,2024-04-04,店舗1,商品12,4,194,776
105307,2024-04-04,店舗1,商品12,3,194,582
105307,2024-04-04,店舗1,商品12,3,194,582
105414,2024-04-04,店舗1,商品12,4,194,776
105813,2024-04-04,店舗1,商品10,2,194,388
105813,2024-04-04,店舗1,商品10,3,194,582
105813,2024-04-04,店舗1,商品12,2,194,388
100138,2024-04-04,店舗2,商品04,2,194,388
100891,2024-04-04,店舗2,商品07,3,172,516
100956,2024-04-04,店舗2,商品08,3,194,582
101209,2024-04-04,店舗2,商品04,2,194,388
101209,2024-04-04,店舗2,商品04,2,194,388
101451,2024-04-04,店舗2,商品08,3,194,582
102703,2024-04-04,店舗2,商品10,2,194,388
104373,2024-04-04,店舗2,商品05,1,194,194
104373,2024-04-04,店舗2,商品05,2,194,388
104373,2024-04-04,店舗2,商品05,1,194,194
104763,2024-04-04,店舗2,商品07,2,172,344
104763,2024-04-04,店舗2,商品07,2,172,344
104780,2024-04-04,店舗2,商品04,2,194,388
104780,2024-04-04,店舗2,商品04,2,194,388
104780,2024-04-04,店舗2,商品04,2,194,388
105068,2024-04-04,店舗2,商品01,2,172,344
105093,2024-04-04,店舗2,商品08,1,194,194
105552,2024-04-04,店舗2,商品06,2,194,388
105552,2024-04-04,店舗2,商品06,1,194,194
105552,2024-04-04,店舗2,商品06,3,194,582
105615,2024-04-04,店舗2,商品09,2,172,344
100713,2024-04-05,店舗1,商品12,8,194,1552
100853,2024-04-05,店舗1,商品12,5,194,970
101637,2024-04-05,店舗1,商品12,5,194,970
103163,2024-04-05,店舗1,商品07,9,172,1548
103732,2024-04-05,店舗1,商品12,8,194,1552
104976,2024-04-05,店舗1,商品12,7,194,1358
104980,2024-04-05,店舗1,商品12,4,194,776
105461,2024-04-05,店舗1,商品12,3,194,582
105863,2024-04-05,店舗1,商品12,3,194,582
101266,2024-04-05,店舗2,商品09,3,172,516
101608,2024-04-05,店舗2,商品09,3,172,516
101699,2024-04-05,店舗2,商品01,2,172,344
102334,2024-04-05,店舗2,商品07,6,172,1032
102371,2024-04-05,店舗2,商品07,3,172,516
103084,2024-04-05,店舗2,商品05,4,194,776
103088,2024-04-05,店舗2,商品01,2,172,344
103689,2024-04-05,店舗2,商品09,3,172,516
104197,2024-04-05,店舗2,商品07,6,172,1032
104251,2024-04-05,店舗2,商品07,3,172,516
104373,2024-04-05,店舗2,商品01,3,172,516
104523,2024-04-05,店舗2,商品01,2,172,344
105026,2024-04-05,店舗2,商品04,2,194,388
105667,2024-04-05,店舗2,商品09,5,172,860
105740,2024-04-05,店舗2,商品08,3,194,582
100064,2024-04-06,店舗1,商品12,5,194,970
100929,2024-04-06,店舗1,商品01,6,172,1032
100929,2024-04-06,店舗1,商品12,6,194,1164
101266,2024-04-06,店舗1,商品12,8,194,1552
101687,2024-04-06,店舗1,商品12,7,194,1358
101711,2024-04-06,店舗1,商品12,7,194,1358
102145,2024-04-06,店舗1,商品12,6,194,1164
102798,2024-04-06,店舗1,商品12,7,194,1358
102845,2024-04-06,店舗1,商品12,12,194,2328
102845,2024-04-06,店舗1,商品12,4,194,776
103366,2024-04-06,店舗1,商品12,6,194,1164
103503,2024-04-06,店舗1,商品11,1,594,594
103560,2024-04-06,店舗1,商品12,6,194,1164
103690,2024-04-06,店舗1,商品01,8,172,1376
103738,2024-04-06,店舗1,商品12,5,194,970
104114,2024-04-06,店舗1,商品04,4,194,776
104531,2024-04-06,店舗1,商品12,4,194,776
104531,2024-04-06,店舗1,商品12,5,194,970
104758,2024-04-06,店舗1,商品12,6,194,1164
104895,2024-04-06,店舗1,商品12,12,194,2328
104954,2024-04-06,店舗1,商品12,5,194,970
105813,2024-04-06,店舗1,商品10,1,194,194
105948,2024-04-06,店舗1,商品09,9,172,1548
105948,2024-04-06,店舗1,商品10,5,194,970
103808,2024-04-06,店舗2,商品01,2,172,344
104379,2024-04-06,店舗2,商品07,3,172,516
104443,2024-04-06,店舗2,商品09,1,172,172
105160,2024-04-06,店舗2,商品03,1,421,421
105160,2024-04-06,店舗2,商品03,1,421,421
105160,2024-04-06,店舗2,商品03,1,421,421
105160,2024-04-06,店舗2,商品03,1,421,421
105310,2024-04-06,店舗2,商品07,2,172,344
100170,2024-04-07,店舗1,商品01,8,172,1376
100170,2024-04-07,店舗1,商品01,5,172,860
100892,2024-04-07,店舗1,商品12,3,194,582
100988,2024-04-07,店舗1,商品12,6,194,1164
101659,2024-04-07,店舗1,商品12,5,194,970
102090,2024-04-07,店舗1,商品12,6,194,1164
102619,2024-04-07,店舗1,商品12,10,194,1940
102658,2024-04-07,店舗1,商品12,7,194,1358
102778,2024-04-07,店舗1,商品12,6,194,1164
102882,2024-04-07,店舗1,商品12,4,194,776
102931,2024-04-07,店舗1,商品12,8,194,1552
103049,2024-04-07,店舗1,商品12,7,194,1358
103049,2024-04-07,店舗1,商品12,6,194,1164
103226,2024-04-07,店舗1,商品12,8,194,1552
103364,2024-04-07,店舗1,商品07,9,172,1548
104332,2024-04-07,店舗1,商品12,4,194,776
104447,2024-04-07,店舗1,商品12,5,194,970
104671,2024-04-07,店舗1,商品12,5,194,970
104997,2024-04-07,店舗1,商品12,7,194,1358
105010,2024-04-07,店舗1,商品12,6,194,1164
105498,2024-04-07,店舗1,商品12,11,194,2134
105514,2024-04-07,店舗1,商品12,3,194,582
102098,2024-04-07,店舗2,商品05,1,194,194
104976,2024-04-07,店舗2,商品08,2,194,388
105312,2024-04-07,店舗2,商品08,3,194,582
105312,2024-04-07,店舗2,商品08,1,194,194
100809,2024-04-08,店舗1,商品12,3,194,582
100944,2024-04-08,店舗1,商品12,3,194,582
101265,2024-04-08,店舗1,商品12,3,194,582
101265,2024-04-08,店舗1,商品12,4,194,776
104424,2024-04-08,店舗1,商品12,4,194,776
105461,2024-04-08,店舗1,商品12,3,194,582
105739,2024-04-08,店舗1,商品12,3,194,582
105745,2024-04-08,店舗1,商品01,2,172,344
105745,2024-04-08,店舗1,商品12,7,194,1358
100468,2024-04-08,店舗2,商品04,2,194,388
100468,2024-04-08,店舗2,商品04,2,194,388
100750,2024-04-08,店舗2,商品07,2,172,344
100985,2024-04-08,店舗2,商品06,2,194,388
102123,2024-04-08,店舗2,商品08,3,194,582
102485,2024-04-08,店舗2,商品04,2,194,388
103084,2024-04-08,店舗2,商品06,3,194,582
103084,2024-04-08,店舗2,商品06,2,194,388
103084,2024-04-08,店舗2,商品06,2,194,388
103192,2024-04-08,店舗2,商品07,2,172,344
103437,2024-04-08,店舗2,商品04,2,194,388
103437,2024-04-08,店舗2,商品04,3,194,582
103437,2024-04-08,店舗2,商品09,3,172,516
104027,2024-04-08,店舗2,商品04,3,194,582
104169,2024-04-08,店舗2,商品10,3,194,582
104508,2024-04-08,店舗2,商品06,1,194,194
104508,2024-04-08,店舗2,商品08,2,194,388
104827,2024-04-08,店舗2,商品04,1,194,194
104880,2024-04-08,店舗2,商品07,2,172,344
100766,2024-04-09,店舗1,商品12,4,194,776
101303,2024-04-09,店舗1,商品12,4,194,776
101303,2024-04-09,店舗1,商品12,1,194,194
101303,2024-04-09,店舗1,商品12,3,194,582
101696,2024-04-09,店舗1,商品12,3,194,582
101696,2024-04-09,店舗1,商品12,2,194,388
101696,2024-04-09,店舗1,商品12,5,194,970
102642,2024-04-09,店舗1,商品12,2,194,388
102931,2024-04-09,店舗1,商品12,2,194,388
104269,2024-04-09,店舗1,商品12,3,194,582
104942,2024-04-09,店舗1,商品12,4,194,776
100501,2024-04-09,店舗2,商品08,2,194,388
100853,2024-04-09,店舗2,商品09,2,172,344
101065,2024-04-09,店舗2,商品05,4,194,776
101853,2024-04-09,店舗2,商品06,2,194,388
102198,2024-04-09,店舗2,商品08,5,194,970
102297,2024-04-09,店舗2,商品09,3,172,516
102374,2024-04-09,店舗2,商品08,2,194,388
102910,2024-04-09,店舗2,商品09,2,172,344
103518,2024-04-09,店舗2,商品06,3,194,582
103682,2024-04-09,店舗2,商品09,3,172,516
103682,2024-04-09,店舗2,商品09,2,172,344
104665,2024-04-09,店舗2,商品07,3,172,516
104665,2024-04-09,店舗2,商品07,3,172,516
105640,2024-04-09,店舗2,商品05,2,194,388
105938,2024-04-09,店舗2,商品07,4,172,688
100406,2024-04-10,店舗1,商品12,3,194,582
100667,2024-04-10,店舗1,商品12,5,194,970
100677,2024-04-10,店舗1,商品12,5,194,970
100677,2024-04-10,店舗1,商品12,8,194,1552
101980,2024-04-10,店舗1,商品12,5,194,970
103352,2024-04-10,店舗1,商品11,1,594,594
103408,2024-04-10,店舗1,商品12,4,194,776
103408,2024-04-10,店舗1,商品12,3,194,582
105658,2024-04-10,店舗1,商品12,3,194,582
100200,2024-04-10,店舗2,商品07,2,172,344
100891,2024-04-10,店舗2,商品08,3,194,582
101050,2024-04-10,店舗2,商品07,3,172,516
101618,2024-04-10,店舗2,商品10,5,194,970
102039,2024-04-10,店舗2,商品04,3,194,582
102700,2024-04-10,店舗2,商品08,2,194,388
103820,2024-04-10,店舗2,商品09,2,172,344
104058,2024-04-10,店舗2,商品04,4,194,776
104204,2024-04-10,店舗2,商品07,1,172,172
104665,2024-04-10,店舗2,商品09,4,172,688
104665,2024-04-10,店舗2,商品09,3,172,516
104867,2024-04-10,店舗2,商品09,3,172,516
104867,2024-04-10,店舗2,商品09,3,172,516
105191,2024-04-10,店舗2,商品09,3,172,516
105516,2024-04-10,店舗2,商品07,3,172,516
100633,2024-04-11,店舗1,商品12,4,194,776
100705,2024-04-11,店舗1,商品12,4,194,776
103366,2024-04-11,店舗1,商品12,4,194,776
104967,2024-04-11,店舗1,商品12,2,194,388
105104,2024-04-11,店舗1,商品12,6,194,1164
105458,2024-04-11,店舗1,商品12,7,194,1358
105458,2024-04-11,店舗1,商品12,6,194,1164
105863,2024-04-11,店舗1,商品12,4,194,776
100382,2024-04-11,店舗2,商品07,4,172,688
100382,2024-04-11,店舗2,商品09,3,172,516
100929,2024-04-11,店舗2,商品07,2,172,344
100944,2024-04-11,店舗2,商品04,3,194,582
100944,2024-04-11,店舗2,商品04,2,194,388
100944,2024-04-11,店舗2,商品07,1,172,172
101043,2024-04-11,店舗2,商品04,2,194,388
101220,2024-04-11,店舗2,商品09,3,172,516
101306,2024-04-11,店舗2,商品09,3,172,516
101406,2024-04-11,店舗2,商品01,2,172,344
101500,2024-04-11,店舗2,商品08,6,194,1164
102951,2024-04-11,店舗2,商品04,2,194,388
103107,2024-04-11,店舗2,商品07,2,172,344
104745,2024-04-11,店舗2,商品08,2,194,388
105860,2024-04-11,店舗2,商品09,3,172,516
101691,2024-04-12,店舗1,商品12,4,194,776
101691,2024-04-12,店舗1,商品12,3,194,582
101691,2024-04-12,店舗1,商品12,4,194,776
101731,2024-04-12,店舗1,商品07,3,172,516
101731,2024-04-12,店舗1,商品07,3,172,516
101731,2024-04-12,店舗1,商品07,2,172,344
101731,2024-04-12,店舗1,商品07,2,172,344
101731,2024-04-12,店舗1,商品07,4,172,688
101731,2024-04-12,店舗1,商品07,3,172,516
102862,2024-04-12,店舗1,商品12,3,194,582
103383,2024-04-12,店舗1,商品12,3,194,582
103494,2024-04-12,店舗1,商品12,2,194,388
104029,2024-04-12,店舗1,商品12,3,194,582
104029,2024-04-12,店舗1,商品12,3,194,582
104115,2024-04-12,店舗1,商品12,3,194,582
105231,2024-04-12,店舗1,商品12,3,194,582
105978,2024-04-12,店舗1,商品12,4,194,776
100389,2024-04-12,店舗2,商品09,2,172,344
100422,2024-04-12,店舗2,商品04,3,194,582
100422,2024-04-12,店舗2,商品04,2,194,388
100758,2024-04-12,店舗2,商品06,2,194,388
100774,2024-04-12,店舗2,商品07,3,172,516
101365,2024-04-12,店舗2,商品09,2,172,344
101586,2024-04-12,店舗2,商品01,3,172,516
103048,2024-04-12,店舗2,商品08,3,194,582
103570,2024-04-12,店舗2,商品04,2,194,388
103600,2024-04-12,店舗2,商品01,3,172,516
104088,2024-04-12,店舗2,商品09,2,172,344
104389,2024-04-12,店舗2,商品06,2,194,388
104389,2024-04-12,店舗2,商品06,2,194,388
104389,2024-04-12,店舗2,商品06,2,194,388
104389,2024-04-12,店舗2,商品06,2,194,388
104389,2024-04-12,店舗2,商品06,2,194,388
104725,2024-04-12,店舗2,商品09,2,172,344
105206,2024-04-12,店舗2,商品08,4,194,776
105640,2024-04-12,店舗2,商品01,4,172,688
100939,2024-04-13,店舗1,商品12,9,194,1746
101454,2024-04-13,店舗1,商品12,7,194,1358
101480,2024-04-13,店舗1,商品12,6,194,1164
101480,2024-04-13,店舗1,商品12,9,194,1746
101669,2024-04-13,店舗1,商品12,7,194,1358
101740,2024-04-13,店舗1,商品07,10,172,1720
102306,2024-04-13,店舗1,商品12,7,194,1358
102437,2024-04-13,店舗1,商品12,6,194,1164
102485,2024-04-13,店舗1,商品12,7,194,1358
102552,2024-04-13,店舗1,商品12,4,194,776
102918,2024-04-13,店舗1,商品12,8,194,1552
102931,2024-04-13,店舗1,商品12,7,194,1358
103303,2024-04-13,店舗1,商品12,8,194,1552
104144,2024-04-13,店舗1,商品12,7,194,1358
104144,2024-04-13,店舗1,商品12,4,194,776
104194,2024-04-13,店舗1,商品12,3,194,582
104199,2024-04-13,店舗1,商品12,5,194,970
104199,2024-04-13,店舗1,商品12,7,194,1358
104347,2024-04-13,店舗1,商品12,4,194,776
104492,2024-04-13,店舗1,商品12,3,194,582
104648,2024-04-13,店舗1,商品12,5,194,970
104722,2024-04-13,店舗1,商品12,7,194,1358
105092,2024-04-13,店舗1,商品12,9,194,1746
105299,2024-04-13,店舗1,商品12,2,194,388
100198,2024-04-13,店舗2,商品04,1,194,194
100198,2024-04-13,店舗2,商品04,2,194,388
100198,2024-04-13,店舗2,商品08,1,194,194
101328,2024-04-13,店舗2,商品04,1,194,194
103799,2024-04-13,店舗2,商品04,1,194,194
103859,2024-04-13,店舗2,商品07,3,172,516
104097,2024-04-13,店舗2,商品07,2,172,344
100012,2024-04-14,店舗1,商品12,8,194,1552
100550,2024-04-14,店舗1,商品12,4,194,776
100570,2024-04-14,店舗1,商品12,11,194,2134
101005,2024-04-14,店舗1,商品12,7,194,1358
101042,2024-04-14,店舗1,商品12,4,194,776
101204,2024-04-14,店舗1,商品12,4,194,776
102065,2024-04-14,店舗1,商品12,5,194,970
102889,2024-04-14,店舗1,商品05,8,194,1552
102889,2024-04-14,店舗1,商品05,8,194,1552
103394,2024-04-14,店舗1,商品12,5,194,970
103881,2024-04-14,店舗1,商品12,9,194,1746
103933,2024-04-14,店舗1,商品12,4,194,776
104226,2024-04-14,店舗1,商品12,9,194,1746
104409,2024-04-14,店舗1,商品12,6,194,1164
104572,2024-04-14,店舗1,商品12,4,194,776
104871,2024-04-14,店舗1,商品12,5,194,970
104879,2024-04-14,店舗1,商品12,8,194,1552
105052,2024-04-14,店舗1,商品12,8,194,1552
105052,2024-04-14,店舗1,商品12,9,194,1746
105228,2024-04-14,店舗1,商品11,2,594,1188
105236,2024-04-14,店舗1,商品12,7,194,1358
105468,2024-04-14,店舗1,商品12,5,194,970
100234,2024-04-14,店舗2,商品01,1,172,172
102374,2024-04-14,店舗2,商品08,2,194,388
102374,2024-04-14,店舗2,商品08,1,194,194
104295,2024-04-14,店舗2,商品04,1,194,194
104295,2024-04-14,店舗2,商品06,2,194,388
100192,2024-04-15,店舗1,商品12,5,194,970
103491,2024-04-15,店舗1,商品12,4,194,776
103775,2024-04-15,店舗1,商品12,6,194,1164
104194,2024-04-15,店舗1,商品12,4,194,776
104992,2024-04-15,店舗1,商品01,4,172,688
105092,2024-04-15,店舗1,商品12,6,194,1164
100184,2024-04-15,店舗2,商品09,1,172,172
100362,2024-04-15,店舗2,商品08,4,194,776
100709,2024-04-15,店舗2,商品04,4,194,776
100709,2024-04-15,店舗2,商品07,3,172,516
101713,2024-04-15,店舗2,商品08,2,194,388
101885,2024-04-15,店舗2,商品05,3,194,582
101885,2024-04-15,店舗2,商品05,2,194,388
101885,2024-04-15,店舗2,商品05,2,194,388
101885,2024-04-15,店舗2,商品05,2,194,388
103995,2024-04-15,店舗2,商品07,4,172,688
104111,2024-04-15,店舗2,商品09,2,172,344
104135,2024-04-15,店舗2,商品08,2,194,388
104371,2024-04-15,店舗2,商品09,2,172,344
104525,2024-04-15,店舗2,商品08,2,194,388
104623,2024-04-15,店舗2,商品04,2,194,388
104867,2024-04-15,店舗2,商品01,2,172,344
105025,2024-04-15,店舗2,商品01,3,172,516
102157,2024-04-16,店舗1,商品12,4,194,776
102331,2024-04-16,店舗1,商品12,5,194,970
103163,2024-04-16,店舗1,商品12,4,194,776
103223,2024-04-16,店舗1,商品12,1,194,194
104858,2024-04-16,店舗1,商品12,4,194,776
105299,2024-04-16,店舗1,商品12,5,194,970
105361,2024-04-16,店舗1,商品12,3,194,582
105361,2024-04-16,店舗1,商品12,4,194,776
105361,2024-04-16,店舗1,商品12,4,194,776
100223,2024-04-16,店舗2,商品06,3,194,582
100849,2024-04-16,店舗2,商品09,2,172,344
101087,2024-04-16,店舗2,商品04,2,194,388
101087,2024-04-16,店舗2,商品04,1,194,194
101242,2024-04-16,店舗2,商品05,3,194,582
101242,2024-04-16,店舗2,商品08,2,194,388
101584,2024-04-16,店舗2,商品04,2,194,388
101850,2024-04-16,店舗2,商品08,4,194,776
102700,2024-04-16,店舗2,商品08,3,194,582
103570,2024-04-16,店舗2,商品04,3,194,582
104503,2024-04-16,店舗2,商品04,2,194,388
104826,2024-04-16,店舗2,商品07,3,172,516
104826,2024-04-16,店舗2,商品07,2,172,344
104826,2024-04-16,店舗2,商品07,3,172,516
105078,2024-04-16,店舗2,商品09,2,172,344
105258,2024-04-16,店舗2,商品06,2,194,388
105742,2024-04-16,店舗2,商品09,3,172,516
101099,2024-04-17,店舗1,商品12,4,194,776
101099,2024-04-17,店舗1,商品12,3,194,582
101099,2024-04-17,店舗1,商品12,6,194,1164
102279,2024-04-17,店舗1,商品04,5,194,970
102345,2024-04-17,店舗1,商品12,5,194,970
102918,2024-04-17,店舗1,商品12,3,194,582
103192,2024-04-17,店舗1,商品12,3,194,582
104399,2024-04-17,店舗1,商品12,4,194,776
105109,2024-04-17,店舗1,商品12,4,194,776
100239,2024-04-17,店舗2,商品07,2,172,344
100648,2024-04-17,店舗2,商品01,3,172,516
101121,2024-04-17,店舗2,商品04,3,194,582
101625,2024-04-17,店舗2,商品01,2,172,344
102112,2024-04-17,店舗2,商品01,2,172,344
103168,2024-04-17,店舗2,商品07,2,172,344
103168,2024-04-17,店舗2,商品07,2,172,344
103272,2024-04-17,店舗2,商品07,3,172,516
103413,2024-04-17,店舗2,商品07,3,172,516
103477,2024-04-17,店舗2,商品01,5,172,860
104114,2024-04-17,店舗2,商品09,1,172,172
104114,2024-04-17,店舗2,商品09,3,172,516
104129,2024-04-17,店舗2,商品05,3,194,582
105128,2024-04-17,店舗2,商品07,4,172,688
105476,2024-04-17,店舗2,商品01,4,172,688
100071,2024-04-18,店舗1,商品12,4,194,776
100501,2024-04-18,店舗1,商品12,4,194,776
101692,2024-04-18,店舗1,商品12,4,194,776
102757,2024-04-18,店舗1,商品12,3,194,582
103223,2024-04-18,店舗1,商品12,2,194,388
103223,2024-04-18,店舗1,商品12,4,194,776
103223,2024-04-18,店舗1,商品12,4,194,776
103636,2024-04-18,店舗1,商品12,5,194,970
105688,2024-04-18,店舗1,商品12,2,194,388
105688,2024-04-18,店舗1,商品12,4,194,776
101062,2024-04-18,店舗2,商品01,2,172,344
101062,2024-04-18,店舗2,商品01,2,172,344
101155,2024-04-18,店舗2,商品06,2,194,388
101564,2024-04-18,店舗2,商品05,1,194,194
101564,2024-04-18,店舗2,商品09,1,172,172
101803,2024-04-18,店舗2,商品04,3,194,582
101980,2024-04-18,店舗2,商品04,1,194,194
101980,2024-04-18,店舗2,商品04,2,194,388
102997,2024-04-18,店舗2,商品08,2,194,388
103564,2024-04-18,店舗2,商品07,3,172,516
103648,2024-04-18,店舗2,商品07,3,172,516
103901,2024-04-18,店舗2,商品09,2,172,344
103901,2024-04-18,店舗2,商品09,2,172,344
103901,2024-04-18,店舗2,商品09,1,172,172
103901,2024-04-18,店舗2,商品09,4,172,688
104087,2024-04-18,店舗2,商品04,3,194,582
104548,2024-04-18,店舗2,商品09,2,172,344
105260,2024-04-18,店舗2,商品09,1,172,172
100067,2024-04-19,店舗1,商品12,2,194,388
101157,2024-04-19,店舗1,商品12,1,194,194
101157,2024-04-19,店舗1,商品12,3,194,582
101157,2024-04-19,店舗1,商品12,2,194,388
101157,2024-04-19,店舗1,商品12,3,194,582
101157,2024-04-19,店舗1,商品12,2,194,388
101157,2024-04-19,店舗1,商品12,1,194,194
101157,2024-04-19,店舗1,商品12,2,194,388
101157,2024-04-19,店舗1,商品12,2,194,388
101157,2024-04-19,店舗1,商品12,3,194,582
101157,2024-04-19,店舗1,商品12,3,194,582
101157,2024-04-19,店舗1,商品12,1,194,194
101157,2024-04-19,店舗1,商品12,3,194,582
101157,2024-04-19,店舗1,商品12,4,194,776
101215,2024-04-19,店舗1,商品12,2,194,388
101287,2024-04-19,店舗1,商品12,3,194,582
101384,2024-04-19,店舗1,商品12,2,194,388
101384,2024-04-19,店舗1,商品12,2,194,388
103857,2024-04-19,店舗1,商品12,2,194,388
103992,2024-04-19,店舗1,商品12,2,194,388
105245,2024-04-19,店舗1,商品12,3,194,582
105789,2024-04-19,店舗1,商品12,2,194,388
100026,2024-04-19,店舗2,商品07,1,172,172
100026,2024-04-19,店舗2,商品07,4,172,688
100400,2024-04-19,店舗2,商品05,1,194,194
100400,2024-04-19,店舗2,商品05,2,194,388
101559,2024-04-19,店舗2,商品09,3,172,516
102337,2024-04-19,店舗2,商品09,3,172,516
102892,2024-04-19,店舗2,商品07,2,172,344
103316,2024-04-19,店舗2,商品07,2,172,344
103316,2024-04-19,店舗2,商品07,3,172,516
103511,2024-04-19,店舗2,商品01,2,172,344
104567,2024-04-19,店舗2,商品08,2,194,388
104725,2024-04-19,店舗2,商品09,2,172,344
105427,2024-04-19,店舗2,商品05,2,194,388
105427,2024-04-19,店舗2,商品05,3,194,582
105427,2024-04-19,店舗2,商品05,1,194,194
105461,2024-04-19,店舗2,商品07,3,172,516
105461,2024-04-19,店舗2,商品10,2,194,388
105785,2024-04-19,店舗2,商品01,2,172,344
105840,2024-04-19,店舗2,商品07,3,172,516
105887,2024-04-19,店舗2,商品07,3,172,516
100127,2024-04-20,店舗1,商品12,6,194,1164
100527,2024-04-20,店舗1,商品12,9,194,1746
100587,2024-04-20,店舗1,商品12,3,194,582
100587,2024-04-20,店舗1,商品12,3,194,582
100587,2024-04-20,店舗1,商品12,6,194,1164
100864,2024-04-20,店舗1,商品07,5,172,860
100864,2024-04-20,店舗1,商品07,3,172,516
100864,2024-04-20,店舗1,商品07,4,172,688
100864,2024-04-20,店舗1,商品07,4,172,688
100982,2024-04-20,店舗1,商品12,6,194,1164
101306,2024-04-20,店舗1,商品12,5,194,970
101430,2024-04-20,店舗1,商品12,3,194,582
101430,2024-04-20,店舗1,商品12,5,194,970
101850,2024-04-20,店舗1,商品12,4,194,776
102212,2024-04-20,店舗1,商品12,5,194,970
102212,2024-04-20,店舗1,商品12,6,194,1164
102931,2024-04-20,店舗1,商品12,4,194,776
103157,2024-04-20,店舗1,商品12,4,194,776
103412,2024-04-20,店舗1,商品12,6,194,1164
104071,2024-04-20,店舗1,商品12,7,194,1358
104088,2024-04-20,店舗1,商品12,4,194,776
104133,2024-04-20,店舗1,商品12,7,194,1358
104202,2024-04-20,店舗1,商品12,7,194,1358
104293,2024-04-20,店舗1,商品12,13,194,2522
104545,2024-04-20,店舗1,商品12,9,194,1746
105171,2024-04-20,店舗1,商品12,4,194,776
105481,2024-04-20,店舗1,商品12,3,194,582
102207,2024-04-20,店舗2,商品07,2,172,344
102381,2024-04-20,店舗2,商品06,3,194,582
103168,2024-04-20,店舗2,商品07,2,172,344
103995,2024-04-20,店舗2,商品08,3,194,582
105944,2024-04-20,店舗2,商品04,1,194,194
100360,2024-04-21,店舗1,商品12,4,194,776
100381,2024-04-21,店舗1,商品12,6,194,1164
100415,2024-04-21,店舗1,商品12,3,194,582
100713,2024-04-21,店舗1,商品12,5,194,970
100722,2024-04-21,店舗1,商品12,5,194,970
100725,2024-04-21,店舗1,商品12,4,194,776
101099,2024-04-21,店舗1,商品12,3,194,582
101099,2024-04-21,店舗1,商品12,5,194,970
101099,2024-04-21,店舗1,商品12,4,194,776
101309,2024-04-21,店舗1,商品12,6,194,1164
101403,2024-04-21,店舗1,商品12,5,194,970
101403,2024-04-21,店舗1,商品12,5,194,970
101730,2024-04-21,店舗1,商品12,9,194,1746
101964,2024-04-21,店舗1,商品12,5,194,970
102284,2024-04-21,店舗1,商品12,8,194,1552
102284,2024-04-21,店舗1,商品12,3,194,582
103112,2024-04-21,店舗1,商品12,4,194,776
103417,2024-04-21,店舗1,商品12,4,194,776
103869,2024-04-21,店舗1,商品06,3,194,582
103869,2024-04-21,店舗1,商品06,4,194,776
103869,2024-04-21,店舗1,商品12,6,194,1164
103869,2024-04-21,店舗1,商品12,5,194,970
103869,2024-04-21,店舗1,商品12,6,194,1164
103869,2024-04-21,店舗1,商品12,7,194,1358
104017,2024-04-21,店舗1,商品12,8,194,1552
104169,2024-04-21,店舗1,商品12,3,194,582
105206,2024-04-21,店舗1,商品04,5,194,970
100919,2024-04-21,店舗2,商品09,2,172,344
101403,2024-04-21,店舗2,商品07,2,172,344
104058,2024-04-21,店舗2,商品07,3,172,516
100192,2024-04-22,店舗1,商品12,2,194,388
102109,2024-04-22,店舗1,商品12,2,194,388
103992,2024-04-22,店舗1,商品12,3,194,582
103992,2024-04-22,店舗1,商品12,3,194,582
104598,2024-04-22,店舗1,商品12,3,194,582
104598,2024-04-22,店舗1,商品12,4,194,776
104867,2024-04-22,店舗1,商品12,5,194,970
105068,2024-04-22,店舗1,商品12,6,194,1164
105716,2024-04-22,店舗1,商品12,4,194,776
100171,2024-04-22,店舗2,商品04,3,194,582
100308,2024-04-22,店舗2,商品08,3,194,582
100921,2024-04-22,店舗2,商品09,2,172,344
100921,2024-04-22,店舗2,商品09,3,172,516
101076,2024-04-22,店舗2,商品04,2,194,388
101918,2024-04-22,店舗2,商品01,3,172,516
102397,2024-04-22,店舗2,商品07,3,172,516
104160,2024-04-22,店舗2,商品09,4,172,688
104194,2024-04-22,店舗2,商品07,2,172,344
104725,2024-04-22,店舗2,商品04,2,194,388
105318,2024-04-22,店舗2,商品01,3,172,516
105562,2024-04-22,店舗2,商品08,3,194,582
105562,2024-04-22,店舗2,商品08,4,194,776
105667,2024-04-22,店舗2,商品09,2,172,344
100784,2024-04-23,店舗1,商品12,2,194,388
100929,2024-04-23,店舗1,商品12,7,194,1358
100929,2024-04-23,店舗1,商品12,2,194,388
104436,2024-04-23,店舗1,商品12,6,194,1164
105035,2024-04-23,店舗1,商品12,6,194,1164
105129,2024-04-23,店舗1,商品10,5,194,970
105367,2024-04-23,店舗1,商品11,1,594,594
100048,2024-04-23,店舗2,商品09,3,172,516
100511,2024-04-23,店舗2,商品09,4,172,688
101386,2024-04-23,店舗2,商品07,3,172,516
101427,2024-04-23,店舗2,商品07,4,172,688
101731,2024-04-23,店舗2,商品07,3,172,516
102166,2024-04-23,店舗2,商品09,2,172,344
103060,2024-04-23,店舗2,商品05,3,194,582
103273,2024-04-23,店舗2,商品10,3,194,582
103466,2024-04-23,店舗2,商品07,3,172,516
103720,2024-04-23,店舗2,商品09,3,172,516
104285,2024-04-23,店舗2,商品09,2,172,344
105395,2024-04-23,店舗2,商品04,2,194,388
105395,2024-04-23,店舗2,商品04,2,194,388
105395,2024-04-23,店舗2,商品04,3,194,582
100004,2024-04-24,店舗1,商品12,3,194,582
101327,2024-04-24,店舗1,商品12,2,194,388
102248,2024-04-24,店舗1,商品12,4,194,776
102248,2024-04-24,店舗1,商品12,2,194,388
104169,2024-04-24,店舗1,商品12,4,194,776
104867,2024-04-24,店舗1,商品10,3,194,582
105040,2024-04-24,店舗1,商品12,5,194,970
105487,2024-04-24,店舗1,商品12,2,194,388
105487,2024-04-24,店舗1,商品12,4,194,776
105487,2024-04-24,店舗1,商品12,2,194,388
105487,2024-04-24,店舗1,商品12,4,194,776
100127,2024-04-24,店舗2,商品05,4,194,776
100127,2024-04-24,店舗2,商品06,3,194,582
101346,2024-04-24,店舗2,商品04,4,194,776
101427,2024-04-24,店舗2,商品09,4,172,688
101435,2024-04-24,店舗2,商品01,2,172,344
102420,2024-04-24,店舗2,商品08,1,194,194
103348,2024-04-24,店舗2,商品07,2,172,344
103406,2024-04-24,店舗2,商品06,2,194,388
103738,2024-04-24,店舗2,商品09,3,172,516
105287,2024-04-24,店舗2,商品05,4,194,776
105345,2024-04-24,店舗2,商品09,4,172,688
105813,2024-04-24,店舗2,商品05,4,194,776
105890,2024-04-24,店舗2,商品08,2,194,388
105946,2024-04-24,店舗2,商品09,3,172,516
100570,2024-04-25,店舗1,商品12,3,194,582
100906,2024-04-25,店舗1,商品12,3,194,582
102135,2024-04-25,店舗1,商品12,2,194,388
102922,2024-04-25,店舗1,商品12,3,194,582
102922,2024-04-25,店舗1,商品12,3,194,582
102999,2024-04-25,店舗1,商品12,6,194,1164
103250,2024-04-25,店舗1,商品12,5,194,970
104545,2024-04-25,店舗1,商品12,5,194,970
104545,2024-04-25,店舗1,商品12,4,194,776
100360,2024-04-25,店舗2,商品04,5,194,970
100382,2024-04-25,店舗2,商品05,2,194,388
102976,2024-04-25,店舗2,商品07,2,172,344
103053,2024-04-25,店舗2,商品07,4,172,688
103308,2024-04-25,店舗2,商品06,3,194,582
103521,2024-04-25,店舗2,商品08,4,194,776
103791,2024-04-25,店舗2,商品07,3,172,516
104009,2024-04-25,店舗2,商品06,2,194,388
104075,2024-04-25,店舗2,商品09,4,172,688
104194,2024-04-25,店舗2,商品01,2,172,344
104468,2024-04-25,店舗2,商品09,4,172,688
104623,2024-04-25,店舗2,商品04,3,194,582
101403,2024-04-26,店舗1,商品07,4,172,688
101403,2024-04-26,店舗1,商品07,3,172,516
101565,2024-04-26,店舗1,商品12,4,194,776
102552,2024-04-26,店舗1,商品12,2,194,388
103290,2024-04-26,店舗1,商品12,5,194,970
103559,2024-04-26,店舗1,商品12,4,194,776
103559,2024-04-26,店舗1,商品12,5,194,970
104160,2024-04-26,店舗1,商品12,6,194,1164
104229,2024-04-26,店舗1,商品12,2,194,388
104337,2024-04-26,店舗1,商品12,3,194,582
104337,2024-04-26,店舗1,商品12,3,194,582
104745,2024-04-26,店舗1,商品12,3,194,582
104745,2024-04-26,店舗1,商品12,3,194,582
104976,2024-04-26,店舗1,商品12,2,194,388
104976,2024-04-26,店舗1,商品12,5,194,970
100461,2024-04-26,店舗2,商品09,2,172,344
100480,2024-04-26,店舗2,商品07,4,172,688
100604,2024-04-26,店舗2,商品09,3,172,516
100944,2024-04-26,店舗2,商品07,1,172,172
101517,2024-04-26,店舗2,商品09,2,172,344
102140,2024-04-26,店舗2,商品08,5,194,970
104068,2024-04-26,店舗2,商品04,2,194,388
104226,2024-04-26,店舗2,商品08,2,194,388
105264,2024-04-26,店舗2,商品07,3,172,516
105264,2024-04-26,店舗2,商品07,3,172,516
105275,2024-04-26,店舗2,商品09,3,172,516
105323,2024-04-26,店舗2,商品07,3,172,516
105323,2024-04-26,店舗2,商品09,2,172,344
105719,2024-04-26,店舗2,商品05,5,194,970
105719,2024-04-26,店舗2,商品07,2,172,344
105896,2024-04-26,店舗2,商品05,2,194,388
100113,2024-04-27,店舗1,商品12,9,194,1746
100137,2024-04-27,店舗1,商品12,11,194,2134
100883,2024-04-27,店舗1,商品09,8,172,1376
100939,2024-04-27,店舗1,商品12,6,194,1164
100977,2024-04-27,店舗1,商品12,9,194,1746
101051,2024-04-27,店舗1,商品12,5,194,970
101175,2024-04-27,店舗1,商品12,4,194,776
101247,2024-04-27,店舗1,商品12,7,194,1358
101480,2024-04-27,店舗1,商品12,7,194,1358
102259,2024-04-27,店舗1,商品12,4,194,776
102920,2024-04-27,店舗1,商品12,8,194,1552
103491,2024-04-27,店舗1,商品12,3,194,582
104225,2024-04-27,店舗1,商品02,1,297,297
104225,2024-04-27,店舗1,商品03,1,421,421
104225,2024-04-27,店舗1,商品12,6,194,1164
104424,2024-04-27,店舗1,商品12,7,194,1358
104661,2024-04-27,店舗1,商品12,6,194,1164
104661,2024-04-27,店舗1,商品12,8,194,1552
105033,2024-04-27,店舗1,商品12,6,194,1164
105376,2024-04-27,店舗1,商品10,6,194,1164
105376,2024-04-27,店舗1,商品10,9,194,1746
105376,2024-04-27,店舗1,商品11,1,594,594
105596,2024-04-27,店舗1,商品12,6,194,1164
105839,2024-04-27,店舗1,商品12,5,194,970
105863,2024-04-27,店舗1,商品12,5,194,970
100304,2024-04-27,店舗2,商品07,1,172,172
100534,2024-04-27,店舗2,商品04,2,194,388
100534,2024-04-27,店舗2,商品04,1,194,194
100534,2024-04-27,店舗2,商品08,1,194,194
102485,2024-04-27,店舗2,商品09,1,172,172
105447,2024-04-27,店舗2,商品06,3,194,582
105730,2024-04-27,店舗2,商品04,2,194,388
100038,2024-04-28,店舗1,商品12,7,194,1358
100076,2024-04-28,店舗1,商品12,6,194,1164
100389,2024-04-28,店舗1,商品12,7,194,1358
100957,2024-04-28,店舗1,商品12,5,194,970
101178,2024-04-28,店舗1,商品11,1,594,594
101179,2024-04-28,店舗1,商品12,5,194,970
101183,2024-04-28,店舗1,商品07,7,172,1204
103120,2024-04-28,店舗1,商品12,3,194,582
103120,2024-04-28,店舗1,商品12,3,194,582
103173,2024-04-28,店舗1,商品09,5,172,860
103183,2024-04-28,店舗1,商品12,3,194,582
103183,2024-04-28,店舗1,商品12,7,194,1358
103193,2024-04-28,店舗1,商品12,11,194,2134
103775,2024-04-28,店舗1,商品12,5,194,970
104009,2024-04-28,店舗1,商品06,8,194,1552
104009,2024-04-28,店舗1,商品06,6,194,1164
104097,2024-04-28,店舗1,商品12,8,194,1552
104097,2024-04-28,店舗1,商品12,5,194,970
104160,2024-04-28,店舗1,商品11,1,594,594
104815,2024-04-28,店舗1,商品12,4,194,776
105911,2024-04-28,店舗1,商品12,5,194,970
105911,2024-04-28,店舗1,商品12,3,194,582
105911,2024-04-28,店舗1,商品12,4,194,776
105911,2024-04-28,店舗1,商品12,8,194,1552
105911,2024-04-28,店舗1,商品12,4,194,776
105920,2024-04-28,店舗1,商品12,8,194,1552
103168,2024-04-28,店舗2,商品07,1,172,172
103441,2024-04-28,店舗2,商品09,1,172,172
104443,2024-04-28,店舗2,商品09,1,172,172
104443,2024-04-28,店舗2,商品09,1,172,172
104443,2024-04-28,店舗2,商品09,2,172,344
100711,2024-04-29,店舗1,商品12,5,194,970
101310,2024-04-29,店舗1,商品12,4,194,776
102123,2024-04-29,店舗1,商品12,9,194,1746
102310,2024-04-29,店舗1,商品12,9,194,1746
102371,2024-04-29,店舗1,商品12,4,194,776
102530,2024-04-29,店舗1,商品12,6,194,1164
102609,2024-04-29,店舗1,商品12,7,194,1358
102958,2024-04-29,店舗1,商品06,4,194,776
102958,2024-04-29,店舗1,商品12,7,194,1358
103616,2024-04-29,店舗1,商品12,7,194,1358
103743,2024-04-29,店舗1,商品07,5,172,860
103933,2024-04-29,店舗1,商品12,4,194,776
104220,2024-04-29,店舗1,商品10,8,194,1552
104220,2024-04-29,店舗1,商品10,7,194,1358
104220,2024-04-29,店舗1,商品12,5,194,970
104258,2024-04-29,店舗1,商品11,1,594,594
104258,2024-04-29,店舗1,商品11,1,594,594
104295,2024-04-29,店舗1,商品12,4,194,776
105068,2024-04-29,店舗1,商品12,11,194,2134
105206,2024-04-29,店舗1,商品04,4,194,776
105633,2024-04-29,店舗1,商品12,3,194,582
105741,2024-04-29,店舗1,商品12,7,194,1358
105824,2024-04-29,店舗1,商品12,9,194,1746
100627,2024-04-29,店舗2,商品07,2,172,344
101216,2024-04-29,店舗2,商品09,1,172,172
103511,2024-04-29,店舗2,商品07,3,172,516
103511,2024-04-29,店舗2,商品07,2,172,344
104717,2024-04-29,店舗2,商品07,1,172,172
105494,2024-04-29,店舗2,商品04,2,194,388
100859,2024-04-30,店舗1,商品12,2,194,388
100859,2024-04-30,店舗1,商品12,3,194,582
100859,2024-04-30,店舗1,商品12,2,194,388
101104,2024-04-30,店舗1,商品11,1,594,594
101104,2024-04-30,店舗1,商品11,1,594,594
101104,2024-04-30,店舗1,商品11,1,594,594
103410,2024-04-30,店舗1,商品12,4,194,776
103892,2024-04-30,店舗1,商品12,3,194,582
103892,2024-04-30,店舗1,商品12,4,194,776
104373,2024-04-30,店舗1,商品11,1,594,594
104769,2024-04-30,店舗1,商品07,3,172,516
104769,2024-04-30,店舗1,商品07,5,172,860
104892,2024-04-30,店舗1,商品04,4,194,776
104892,2024-04-30,店舗1,商品04,2,194,388
105778,2024-04-30,店舗1,商品12,3,194,582
100853,2024-04-30,店舗2,商品09,3,172,516
100998,2024-04-30,店舗2,商品08,2,194,388
101309,2024-04-30,店舗2,商品01,2,172,344
103511,2024-04-30,店舗2,商品09,3,172,516
103511,2024-04-30,店舗2,商品09,1,172,172
103511,2024-04-30,店舗2,商品09,3,172,516
104273,2024-04-30,店舗2,商品08,3,194,582
104520,2024-04-30,店舗2,商品08,2,194,388
104867,2024-04-30,店舗2,商品01,1,172,172
104867,2024-04-30,店舗2,商品01,2,172,344
105179,2024-04-30,店舗2,商品09,2,172,344
105742,2024-04-30,店舗2,商品09,2,172,344
105780,2024-04-30,店舗2,商品07,2,172,344
105780,2024-04-30,店舗2,商品07,1,172,172
102562,2024-05-01,店舗1,商品12,3,194,582
102694,2024-05-01,店舗1,商品12,3,194,582
102694,2024-05-01,店舗1,商品12,4,194,776
102695,2024-05-01,店舗1,商品12,4,194,776
103174,2024-05-01,店舗1,商品12,5,194,970
103174,2024-05-01,店舗1,商品12,4,194,776
103332,2024-05-01,店舗1,商品07,5,172,860
103332,2024-05-01,店舗1,商品12,2,194,388
103692,2024-05-01,店舗1,商品12,3,194,582
105312,2024-05-01,店舗1,商品04,4,194,776
105312,2024-05-01,店舗1,商品12,2,194,388
105312,2024-05-01,店舗1,商品12,2,194,388
105745,2024-05-01,店舗1,商品12,4,194,776
100130,2024-05-01,店舗2,商品01,2,172,344
100184,2024-05-01,店舗2,商品01,2,172,344
100728,2024-05-01,店舗2,商品08,5,194,970
102841,2024-05-01,店舗2,商品06,3,194,582
103098,2024-05-01,店舗2,商品07,2,172,344
103098,2024-05-01,店舗2,商品07,2,172,344
104253,2024-05-01,店舗2,商品04,1,194,194
104253,2024-05-01,店舗2,商品04,2,194,388
104253,2024-05-01,店舗2,商品07,1,172,172
104322,2024-05-01,店舗2,商品09,2,172,344
104865,2024-05-01,店舗2,商品09,1,172,172
104865,2024-05-01,店舗2,商品09,2,172,344
105379,2024-05-01,店舗2,商品07,2,172,344
100511,2024-05-02,店舗1,商品12,6,194,1164
100947,2024-05-02,店舗1,商品12,5,194,970
100947,2024-05-02,店舗1,商品12,5,194,970
101929,2024-05-02,店舗1,商品12,5,194,970
102045,2024-05-02,店舗1,商品12,5,194,970
102063,2024-05-02,店舗1,商品12,4,194,776
102380,2024-05-02,店舗1,商品12,8,194,1552
104339,2024-05-02,店舗1,商品03,1,421,421
104356,2024-05-02,店舗1,商品12,4,194,776
105552,2024-05-02,店舗1,商品12,5,194,970
100127,2024-05-02,店舗2,商品09,1,172,172
100906,2024-05-02,店舗2,商品07,3,172,516
100921,2024-05-02,店舗2,商品08,3,194,582
102581,2024-05-02,店舗2,商品10,1,194,194
102936,2024-05-02,店舗2,商品04,2,194,388
102936,2024-05-02,店舗2,商品04,2,194,388
102936,2024-05-02,店舗2,商品09,3,172,516
103250,2024-05-02,店舗2,商品05,4,194,776
104486,2024-05-02,店舗2,商品07,2,172,344
104494,2024-05-02,店舗2,商品04,2,194,388
105498,2024-05-02,店舗2,商品04,3,194,582
100001,2024-05-03,店舗1,商品12,5,194,970
101427,2024-05-03,店舗1,商品12,3,194,582
101520,2024-05-03,店舗1,商品12,5,194,970
101695,2024-05-03,店舗1,商品12,6,194,1164
101731,2024-05-03,店舗1,商品07,5,172,860
101731,2024-05-03,店舗1,商品07,9,172,1548
101731,2024-05-03,店舗1,商品07,6,172,1032
101731,2024-05-03,店舗1,商品10,8,194,1552
102085,2024-05-03,店舗1,商品12,3,194,582
102085,2024-05-03,店舗1,商品12,4,194,776
102105,2024-05-03,店舗1,商品12,6,194,1164
102321,2024-05-03,店舗1,商品12,8,194,1552
102526,2024-05-03,店舗1,商品12,7,194,1358
103317,2024-05-03,店舗1,商品12,7,194,1358
103727,2024-05-03,店舗1,商品12,3,194,582
104197,2024-05-03,店舗1,商品12,5,194,970
104197,2024-05-03,店舗1,商品12,5,194,970
104258,2024-05-03,店舗1,商品11,2,594,1188
104464,2024-05-03,店舗1,商品12,6,194,1164
104464,2024-05-03,店舗1,商品12,4,194,776
104552,2024-05-03,店舗1,商品12,8,194,1552
104745,2024-05-03,店舗1,商品12,4,194,776
105625,2024-05-03,店舗1,商品12,6,194,1164
105814,2024-05-03,店舗1,商品12,4,194,776
101464,2024-05-03,店舗2,商品09,3,172,516
101628,2024-05-03,店舗2,商品04,2,194,388
102291,2024-05-03,店舗2,商品03,1,421,421
102709,2024-05-03,店舗2,商品09,2,172,344
105521,2024-05-03,店舗2,商品08,3,194,582
100012,2024-05-04,店舗1,商品12,4,194,776
100127,2024-05-04,店舗1,商品12,6,194,1164
101204,2024-05-04,店舗1,商品12,6,194,1164
101204,2024-05-04,店舗1,商品12,5,194,970
101485,2024-05-04,店舗1,商品12,5,194,970
101939,2024-05-04,店舗1,商品12,6,194,1164
102675,2024-05-04,店舗1,商品10,5,194,970
102918,2024-05-04,店舗1,商品12,6,194,1164
102975,2024-05-04,店舗1,商品12,7,194,1358
103332,2024-05-04,店舗1,商品12,3,194,582
104028,2024-05-04,店舗1,商品12,4,194,776
104088,2024-05-04,店舗1,商品12,5,194,970
104097,2024-05-04,店舗1,商品12,4,194,776
104097,2024-05-04,店舗1,商品12,4,194,776
104097,2024-05-04,店舗1,商品12,4,194,776
104097,2024-05-04,店舗1,商品12,7,194,1358
104130,2024-05-04,店舗1,商品12,5,194,970
104640,2024-05-04,店舗1,商品12,4,194,776
104871,2024-05-04,店舗1,商品12,6,194,1164
104871,2024-05-04,店舗1,商品12,8,194,1552
104871,2024-05-04,店舗1,商品12,6,194,1164
104871,2024-05-04,店舗1,商品12,8,194,1552
104942,2024-05-04,店舗1,商品12,6,194,1164
105576,2024-05-04,店舗1,商品12,6,194,1164
105598,2024-05-04,店舗1,商品12,3,194,582
105741,2024-05-04,店舗1,商品12,4,194,776
100234,2024-05-04,店舗2,商品07,1,172,172
100234,2024-05-04,店舗2,商品08,3,194,582
101200,2024-05-04,店舗2,商品09,1,172,172
102958,2024-05-04,店舗2,商品07,3,172,516
103168,2024-05-04,店舗2,商品01,2,172,344
101175,2024-05-05,店舗1,商品12,9,194,1746
101276,2024-05-05,店舗1,商品12,7,194,1358
102526,2024-05-05,店舗1,商品12,7,194,1358
102711,2024-05-05,店舗1,商品12,5,194,970
102711,2024-05-05,店舗1,商品12,4,194,776
103115,2024-05-05,店舗1,商品12,5,194,970
103185,2024-05-05,店舗1,商品12,7,194,1358
103412,2024-05-05,店舗1,商品12,3,194,582
103483,2024-05-05,店舗1,商品07,7,172,1204
103541,2024-05-05,店舗1,商品12,7,194,1358
103892,2024-05-05,店舗1,商品12,3,194,582
103934,2024-05-05,店舗1,商品12,5,194,970
103934,2024-05-05,店舗1,商品12,5,194,970
104066,2024-05-05,店舗1,商品12,7,194,1358
104197,2024-05-05,店舗1,商品12,6,194,1164
104197,2024-05-05,店舗1,商品12,10,194,1940
104389,2024-05-05,店舗1,商品07,5,172,860
104571,2024-05-05,店舗1,商品04,6,194,1164
104871,2024-05-05,店舗1,商品12,5,194,970
104871,2024-05-05,店舗1,商品12,5,194,970
105214,2024-05-05,店舗1,商品10,5,194,970
105287,2024-05-05,店舗1,商品10,4,194,776
105967,2024-05-05,店舗1,商品12,7,194,1358
100501,2024-05-05,店舗2,商品08,2,194,388
101257,2024-05-05,店舗2,商品04,2,194,388
102865,2024-05-05,店舗2,商品07,2,172,344
104997,2024-05-05,店舗2,商品09,2,172,344
105212,2024-05-05,店舗2,商品09,2,172,344
100029,2024-05-06,店舗1,商品12,5,194,970
100508,2024-05-06,店舗1,商品12,6,194,1164
100508,2024-05-06,店舗1,商品12,7,194,1358
100508,2024-05-06,店舗1,商品12,6,194,1164
100733,2024-05-06,店舗1,商品12,5,194,970
101008,2024-05-06,店舗1,商品05,5,194,970
101022,2024-05-06,店舗1,商品12,4,194,776
101022,2024-05-06,店舗1,商品12,4,194,776
101389,2024-05-06,店舗1,商品12,7,194,1358
102393,2024-05-06,店舗1,商品12,5,194,970
102513,2024-05-06,店舗1,商品12,6,194,1164
103084,2024-05-06,店舗1,商品11,2,594,1188
103261,2024-05-06,店舗1,商品12,6,194,1164
103261,2024-05-06,店舗1,商品12,6,194,1164
103781,2024-05-06,店舗1,商品12,5,194,970
103781,2024-05-06,店舗1,商品12,8,194,1552
103933,2024-05-06,店舗1,商品12,8,194,1552
104028,2024-05-06,店舗1,商品12,6,194,1164
104028,2024-05-06,店舗1,商品12,6,194,1164
104174,2024-05-06,店舗1,商品01,6,172,1032
104258,2024-05-06,店舗1,商品11,1,594,594
104556,2024-05-06,店舗1,商品12,6,194,1164
105725,2024-05-06,店舗1,商品12,7,194,1358
105740,2024-05-06,店舗1,商品11,1,594,594
100579,2024-05-06,店舗2,商品07,1,172,172
104976,2024-05-06,店舗2,商品09,1,172,172
104976,2024-05-06,店舗2,商品09,1,172,172
105505,2024-05-06,店舗2,商品04,1,194,194
105505,2024-05-06,店舗2,商品04,1,194,194
105505,2024-05-06,店舗2,商品04,1,194,194
105755,2024-05-06,店舗2,商品04,2,194,388
105755,2024-05-06,店舗2,商品04,1,194,194
105755,2024-05-06,店舗2,商品04,1,194,194
105820,2024-05-06,店舗2,商品09,1,172,172
100527,2024-05-07,店舗1,商品12,6,194,1164
101389,2024-05-07,店舗1,商品12,3,194,582
104598,2024-05-07,店舗1,商品12,3,194,582
105010,2024-05-07,店舗1,商品12,3,194,582
105289,2024-05-07,店舗1,商品12,3,194,582
105704,2024-05-07,店舗1,商品12,4,194,776
105704,2024-05-07,店舗1,商品12,7,194,1358
105742,2024-05-07,店舗1,商品12,4,194,776
100231,2024-05-07,店舗2,商品01,1,172,172
101312,2024-05-07,店舗2,商品01,3,172,516
101312,2024-05-07,店舗2,商品01,2,172,344
101748,2024-05-07,店舗2,商品06,4,194,776
102665,2024-05-07,店舗2,商品08,3,194,582
103025,2024-05-07,店舗2,商品04,3,194,582
103233,2024-05-07,店舗2,商品08,4,194,776
103400,2024-05-07,店舗2,商品03,1,421,421
104027,2024-05-07,店舗2,商品08,3,194,582
104827,2024-05-07,店舗2,商品05,1,194,194
105206,2024-05-07,店舗2,商品07,3,172,516
105376,2024-05-07,店舗2,商品05,6,194,1164
105376,2024-05-07,店舗2,商品06,1,194,194
105376,2024-05-07,店舗2,商品10,4,194,776
102485,2024-05-08,店舗1,商品12,3,194,582
102552,2024-05-08,店舗1,商品12,3,194,582
103033,2024-05-08,店舗1,商品12,4,194,776
103033,2024-05-08,店舗1,商品12,2,194,388
103033,2024-05-08,店舗1,商品12,4,194,776
103033,2024-05-08,店舗1,商品12,4,194,776
103033,2024-05-08,店舗1,商品12,2,194,388
104501,2024-05-08,店舗1,商品12,2,194,388
105382,2024-05-08,店舗1,商品12,4,194,776
105382,2024-05-08,店舗1,商品12,1,194,194
105740,2024-05-08,店舗1,商品12,6,194,1164
101030,2024-05-08,店舗2,商品09,2,172,344
101104,2024-05-08,店舗2,商品05,5,194,970
102168,2024-05-08,店舗2,商品08,5,194,970
102978,2024-05-08,店舗2,商品07,3,172,516
103115,2024-05-08,店舗2,商品08,2,194,388
103660,2024-05-08,店舗2,商品08,2,194,388
103708,2024-05-08,店舗2,商品04,1,194,194
104220,2024-05-08,店舗2,商品05,2,194,388
104220,2024-05-08,店舗2,商品06,4,194,776
104691,2024-05-08,店舗2,商品04,3,194,582
105453,2024-05-08,店舗2,商品08,2,194,388
105494,2024-05-08,店舗2,商品01,2,172,344
105612,2024-05-08,店舗2,商品05,3,194,582
105612,2024-05-08,店舗2,商品09,2,172,344
105920,2024-05-08,店舗2,商品09,3,172,516
101167,2024-05-09,店舗1,商品12,5,194,970
101587,2024-05-09,店舗1,商品12,4,194,776
101844,2024-05-09,店舗1,商品12,3,194,582
102066,2024-05-09,店舗1,商品12,4,194,776
102066,2024-05-09,店舗1,商品12,7,194,1358
104508,2024-05-09,店舗1,商品12,4,194,776
104942,2024-05-09,店舗1,商品12,5,194,970
105744,2024-05-09,店舗1,商品12,4,194,776
100138,2024-05-09,店舗2,商品01,2,172,344
100258,2024-05-09,店舗2,商品08,2,194,388
100258,2024-05-09,店舗2,商品08,1,194,194
100459,2024-05-09,店舗2,商品09,2,172,344
102226,2024-05-09,店舗2,商品08,2,194,388
102556,2024-05-09,店舗2,商品09,2,172,344
103596,2024-05-09,店舗2,商品09,2,172,344
103800,2024-05-09,店舗2,商品08,2,194,388
103958,2024-05-09,店舗2,商品04,3,194,582
103958,2024-05-09,店舗2,商品09,2,172,344
103958,2024-05-09,店舗2,商品09,2,172,344
104892,2024-05-09,店舗2,商品08,3,194,582
104892,2024-05-09,店舗2,商品09,2,172,344
105027,2024-05-09,店舗2,商品07,3,172,516
105245,2024-05-09,店舗2,商品07,3,172,516
105780,2024-05-09,店舗2,商品07,1,172,172
105780,2024-05-09,店舗2,商品09,3,172,516
100939,2024-05-10,店舗1,商品12,3,194,582
100939,2024-05-10,店舗1,商品12,4,194,776
101473,2024-05-10,店舗1,商品12,3,194,582
101520,2024-05-10,店舗1,商品12,4,194,776
102374,2024-05-10,店舗1,商品12,6,194,1164
103177,2024-05-10,店舗1,商品12,2,194,388
103901,2024-05-10,店舗1,商品12,7,194,1358
104202,2024-05-10,店舗1,商品12,3,194,582
105740,2024-05-10,店舗1,商品10,4,194,776
105740,2024-05-10,店舗1,商品10,4,194,776
105740,2024-05-10,店舗1,商品10,3,194,582
105740,2024-05-10,店舗1,商品10,3,194,582
105872,2024-05-10,店舗1,商品12,4,194,776
100198,2024-05-10,店舗2,商品04,3,194,582
101051,2024-05-10,店舗2,商品06,1,194,194
101164,2024-05-10,店舗2,商品04,4,194,776
101559,2024-05-10,店舗2,商品09,2,172,344
102331,2024-05-10,店舗2,商品05,2,194,388
103687,2024-05-10,店舗2,商品05,3,194,582
104533,2024-05-10,店舗2,商品08,2,194,388
104623,2024-05-10,店舗2,商品01,4,172,688
104942,2024-05-10,店舗2,商品09,3,172,516
105285,2024-05-10,店舗2,商品07,2,172,344
105461,2024-05-10,店舗2,商品09,3,172,516
105468,2024-05-10,店舗2,商品09,2,172,344
105468,2024-05-10,店舗2,商品09,2,172,344
105468,2024-05-10,店舗2,商品09,3,172,516
105468,2024-05-10,店舗2,商品09,5,172,860
105487,2024-05-10,店舗2,商品03,1,421,421
105487,2024-05-10,店舗2,商品03,1,421,421
105487,2024-05-10,店舗2,商品03,1,421,421
100486,2024-05-11,店舗1,商品10,3,194,582
100556,2024-05-11,店舗1,商品12,7,194,1358
100570,2024-05-11,店舗1,商品12,2,194,388
101246,2024-05-11,店舗1,商品12,3,194,582
101246,2024-05-11,店舗1,商品12,4,194,776
101511,2024-05-11,店舗1,商品12,4,194,776
101779,2024-05-11,店舗1,商品12,3,194,582
102052,2024-05-11,店舗1,商品12,2,194,388
103171,2024-05-11,店舗1,商品12,5,194,970
103171,2024-05-11,店舗1,商品12,4,194,776
103636,2024-05-11,店舗1,商品12,5,194,970
103898,2024-05-11,店舗1,商品12,5,194,970
103898,2024-05-11,店舗1,商品12,3,194,582
103898,2024-05-11,店舗1,商品12,3,194,582
103898,2024-05-11,店舗1,商品12,3,194,582
103898,2024-05-11,店舗1,商品12,3,194,582
103898,2024-05-11,店舗1,商品12,2,194,388
103898,2024-05-11,店舗1,商品12,3,194,582
103898,2024-05-11,店舗1,商品12,3,194,582
103898,2024-05-11,店舗1,商品12,3,194,582
103898,2024-05-11,店舗1,商品12,2,194,388
104199,2024-05-11,店舗1,商品12,3,194,582
104269,2024-05-11,店舗1,商品10,4,194,776
104269,2024-05-11,店舗1,商品10,3,194,582
104269,2024-05-11,店舗1,商品11,1,594,594
104269,2024-05-11,店舗1,商品12,3,194,582
104523,2024-05-11,店舗1,商品12,3,194,582
104523,2024-05-11,店舗1,商品12,4,194,776
104942,2024-05-11,店舗1,商品12,4,194,776
104993,2024-05-11,店舗1,商品07,4,172,688
104993,2024-05-11,店舗1,商品07,2,172,344
104993,2024-05-11,店舗1,商品07,2,172,344
105277,2024-05-11,店舗1,商品12,6,194,1164
105307,2024-05-11,店舗1,商品12,4,194,776
105740,2024-05-11,店舗1,商品10,3,194,582
105748,2024-05-11,店舗1,商品07,3,172,516
105748,2024-05-11,店舗1,商品07,3,172,516
105748,2024-05-11,店舗1,商品12,2,194,388
105748,2024-05-11,店舗1,商品12,9,194,1746
105884,2024-05-11,店舗1,商品12,4,194,776
100449,2024-05-11,店舗2,商品09,2,172,344
100784,2024-05-11,店舗2,商品07,2,172,344
100956,2024-05-11,店舗2,商品08,3,194,582
105514,2024-05-11,店舗2,商品06,2,194,388
105896,2024-05-11,店舗2,商品05,1,194,194
100145,2024-05-12,店舗1,商品12,5,194,970
100304,2024-05-12,店舗1,商品12,12,194,2328
101273,2024-05-12,店舗1,商品12,9,194,1746
101606,2024-05-12,店舗1,商品03,2,421,842
101606,2024-05-12,店舗1,商品12,5,194,970
101606,2024-05-12,店舗1,商品12,5,194,970
101695,2024-05-12,店舗1,商品12,6,194,1164
101741,2024-05-12,店舗1,商品12,3,194,582
102437,2024-05-12,店舗1,商品12,3,194,582
102437,2024-05-12,店舗1,商品12,5,194,970
102552,2024-05-12,店舗1,商品12,6,194,1164
102882,2024-05-12,店舗1,商品12,4,194,776
102975,2024-05-12,店舗1,商品12,6,194,1164
102975,2024-05-12,店舗1,商品12,5,194,970
103084,2024-05-12,店舗1,商品12,6,194,1164
103307,2024-05-12,店舗1,商品12,4,194,776
103660,2024-05-12,店舗1,商品12,7,194,1358
103819,2024-05-12,店舗1,商品12,3,194,582
103819,2024-05-12,店舗1,商品12,8,194,1552
104100,2024-05-12,店舗1,商品12,2,194,388
104114,2024-05-12,店舗1,商品12,6,194,1164
105027,2024-05-12,店舗1,商品12,5,194,970
105409,2024-05-12,店舗1,商品09,6,172,1032
105566,2024-05-12,店舗1,商品12,5,194,970
105566,2024-05-12,店舗1,商品12,5,194,970
103269,2024-05-12,店舗2,商品07,3,172,516
104251,2024-05-12,店舗2,商品07,1,172,172
105312,2024-05-12,店舗2,商品04,2,194,388
101980,2024-05-13,店舗1,商品12,4,194,776
102190,2024-05-13,店舗1,商品12,6,194,1164
102437,2024-05-13,店舗1,商品12,6,194,1164
103929,2024-05-13,店舗1,商品12,4,194,776
104648,2024-05-13,店舗1,商品12,5,194,970
105093,2024-05-13,店舗1,商品12,6,194,1164
101210,2024-05-13,店舗2,商品06,3,194,582
101265,2024-05-13,店舗2,商品07,4,172,688
101464,2024-05-13,店舗2,商品09,2,172,344
101559,2024-05-13,店舗2,商品09,2,172,344
101999,2024-05-13,店舗2,商品06,4,194,776
102457,2024-05-13,店舗2,商品04,3,194,582
102457,2024-05-13,店舗2,商品07,3,172,516
103461,2024-05-13,店舗2,商品04,3,194,582
104075,2024-05-13,店舗2,商品09,3,172,516
104075,2024-05-13,店舗2,商品09,3,172,516
104120,2024-05-13,店舗2,商品07,2,172,344
104545,2024-05-13,店舗2,商品09,2,172,344
104545,2024-05-13,店舗2,商品09,2,172,344
104703,2024-05-13,店舗2,商品02,1,297,297
105699,2024-05-13,店舗2,商品04,3,194,582
101430,2024-05-14,店舗1,商品12,5,194,970
101825,2024-05-14,店舗1,商品12,5,194,970
102579,2024-05-14,店舗1,商品12,5,194,970
103049,2024-05-14,店舗1,商品12,5,194,970
103350,2024-05-14,店舗1,商品12,3,194,582
103366,2024-05-14,店舗1,商品12,6,194,1164
104527,2024-05-14,店舗1,商品12,4,194,776
100395,2024-05-14,店舗2,商品09,1,172,172
100395,2024-05-14,店舗2,商品09,2,172,344
100395,2024-05-14,店舗2,商品09,3,172,516
100395,2024-05-14,店舗2,商品09,1,172,172
101129,2024-05-14,店舗2,商品08,2,194,388
101354,2024-05-14,店舗2,商品04,1,194,194
101568,2024-05-14,店舗2,商品04,1,194,194
101740,2024-05-14,店舗2,商品04,2,194,388
101740,2024-05-14,店舗2,商品04,2,194,388
102700,2024-05-14,店舗2,商品09,1,172,172
103193,2024-05-14,店舗2,商品04,2,194,388
103198,2024-05-14,店舗2,商品07,1,172,172
103223,2024-05-14,店舗2,商品09,1,172,172
103541,2024-05-14,店舗2,商品08,2,194,388
104443,2024-05-14,店舗2,商品09,2,172,344
104443,2024-05-14,店舗2,商品09,2,172,344
104443,2024-05-14,店舗2,商品09,2,172,344
104443,2024-05-14,店舗2,商品09,3,172,516
104443,2024-05-14,店舗2,商品09,2,172,344
104443,2024-05-14,店舗2,商品09,2,172,344
104443,2024-05-14,店舗2,商品09,1,172,172
104443,2024-05-14,店舗2,商品09,2,172,344
104867,2024-05-14,店舗2,商品09,1,172,172
104867,2024-05-14,店舗2,商品09,1,172,172
105611,2024-05-14,店舗2,商品01,1,172,172
100685,2024-05-15,店舗1,商品12,4,194,776
103373,2024-05-15,店舗1,商品12,4,194,776
103516,2024-05-15,店舗1,商品12,7,194,1358
103884,2024-05-15,店舗1,商品12,3,194,582
103940,2024-05-15,店舗1,商品12,9,194,1746
103980,2024-05-15,店舗1,商品12,4,194,776
105838,2024-05-15,店舗1,商品12,6,194,1164
100550,2024-05-15,店舗2,商品04,3,194,582
100550,2024-05-15,店舗2,商品04,2,194,388
100575,2024-05-15,店舗2,商品09,2,172,344
101033,2024-05-15,店舗2,商品04,1,194,194
101171,2024-05-15,店舗2,商品09,1,172,172
101354,2024-05-15,店舗2,商品04,2,194,388
101516,2024-05-15,店舗2,商品05,2,194,388
102030,2024-05-15,店舗2,商品09,2,172,344
102030,2024-05-15,店舗2,商品09,3,172,516
102172,2024-05-15,店舗2,商品01,3,172,516
103316,2024-05-15,店舗2,商品08,2,194,388
103615,2024-05-15,店舗2,商品01,3,172,516
103615,2024-05-15,店舗2,商品01,1,172,172
105395,2024-05-15,店舗2,商品04,2,194,388
105395,2024-05-15,店舗2,商品04,4,194,776
105498,2024-05-15,店舗2,商品04,2,194,388
105498,2024-05-15,店舗2,商品04,3,194,582
102377,2024-05-16,店舗1,商品04,2,194,388
102377,2024-05-16,店舗1,商品04,3,194,582
102728,2024-05-16,店舗1,商品12,3,194,582
104293,2024-05-16,店舗1,商品12,3,194,582
104477,2024-05-16,店舗1,商品12,1,194,194
105214,2024-05-16,店舗1,商品10,3,194,582
105214,2024-05-16,店舗1,商品12,4,194,776
105615,2024-05-16,店舗1,商品12,3,194,582
105615,2024-05-16,店舗1,商品12,3,194,582
105629,2024-05-16,店舗1,商品12,8,194,1552
100985,2024-05-16,店舗2,商品09,4,172,688
101323,2024-05-16,店舗2,商品09,4,172,688
101628,2024-05-16,店舗2,商品04,2,194,388
101688,2024-05-16,店舗2,商品04,3,194,582
101688,2024-05-16,店舗2,商品08,3,194,582
101723,2024-05-16,店舗2,商品09,4,172,688
102091,2024-05-16,店舗2,商品07,3,172,516
103077,2024-05-16,店舗2,商品08,2,194,388
103402,2024-05-16,店舗2,商品07,2,172,344
103816,2024-05-16,店舗2,商品07,2,172,344
104068,2024-05-16,店舗2,商品04,3,194,582
104210,2024-05-16,店舗2,商品07,3,172,516
105611,2024-05-16,店舗2,商品09,2,172,344
100054,2024-05-17,店舗1,商品12,4,194,776
101559,2024-05-17,店舗1,商品12,3,194,582
102806,2024-05-17,店舗1,商品12,4,194,776
102820,2024-05-17,店舗1,商品12,5,194,970
103494,2024-05-17,店舗1,商品12,8,194,1552
103494,2024-05-17,店舗1,商品12,3,194,582
104434,2024-05-17,店舗1,商品12,3,194,582
105059,2024-05-17,店舗1,商品01,2,172,344
105780,2024-05-17,店舗1,商品06,6,194,1164
105780,2024-05-17,店舗1,商品07,4,172,688
105780,2024-05-17,店舗1,商品07,4,172,688
105920,2024-05-17,店舗1,商品12,5,194,970
100559,2024-05-17,店舗2,商品04,1,194,194
101481,2024-05-17,店舗2,商品09,3,172,516
101481,2024-05-17,店舗2,商品09,3,172,516
101657,2024-05-17,店舗2,商品01,2,172,344
101850,2024-05-17,店舗2,商品07,5,172,860
102524,2024-05-17,店舗2,商品08,1,194,194
102780,2024-05-17,店舗2,商品09,2,172,344
103392,2024-05-17,店舗2,商品01,2,172,344
103754,2024-05-17,店舗2,商品07,2,172,344
104976,2024-05-17,店舗2,商品04,2,194,388
104976,2024-05-17,店舗2,商品06,2,194,388
105477,2024-05-17,店舗2,商品01,5,172,860
105514,2024-05-17,店舗2,商品06,3,194,582
105514,2024-05-17,店舗2,商品09,3,172,516
105621,2024-05-17,店舗2,商品07,3,172,516
105966,2024-05-17,店舗2,商品08,3,194,582
100282,2024-05-18,店舗1,商品12,4,194,776
100501,2024-05-18,店舗1,商品12,4,194,776
101386,2024-05-18,店舗1,商品12,7,194,1358
101999,2024-05-18,店舗1,商品12,3,194,582
102800,2024-05-18,店舗1,商品12,3,194,582
103053,2024-05-18,店舗1,商品05,8,194,1552
103285,2024-05-18,店舗1,商品12,6,194,1164
104066,2024-05-18,店舗1,商品12,6,194,1164
104158,2024-05-18,店舗1,商品09,5,172,860
104256,2024-05-18,店舗1,商品12,5,194,970
104256,2024-05-18,店舗1,商品12,9,194,1746
104464,2024-05-18,店舗1,商品12,5,194,970
104464,2024-05-18,店舗1,商品12,11,194,2134
104905,2024-05-18,店舗1,商品12,6,194,1164
105279,2024-05-18,店舗1,商品11,1,594,594
105279,2024-05-18,店舗1,商品12,10,194,1940
105498,2024-05-18,店舗1,商品12,6,194,1164
105817,2024-05-18,店舗1,商品12,4,194,776
105892,2024-05-18,店舗1,商品12,12,194,2328
105915,2024-05-18,店舗1,商品12,13,194,2522
105948,2024-05-18,店舗1,商品12,4,194,776
105948,2024-05-18,店舗1,商品12,4,194,776
100761,2024-05-18,店舗2,商品08,2,194,388
102636,2024-05-18,店舗2,商品09,2,172,344
103394,2024-05-18,店舗2,商品09,2,172,344
103394,2024-05-18,店舗2,商品09,3,172,516
105592,2024-05-18,店舗2,商品09,1,172,172
100380,2024-05-19,店舗1,商品12,3,194,582
100694,2024-05-19,店舗1,商品12,4,194,776
100768,2024-05-19,店舗1,商品12,2,194,388
101276,2024-05-19,店舗1,商品12,6,194,1164
101633,2024-05-19,店舗1,商品05,6,194,1164
101633,2024-05-19,店舗1,商品06,5,194,970
101691,2024-05-19,店舗1,商品12,7,194,1358
101691,2024-05-19,店舗1,商品12,9,194,1746
101755,2024-05-19,店舗1,商品12,5,194,970
101850,2024-05-19,店舗1,商品12,5,194,970
102279,2024-05-19,店舗1,商品09,2,172,344
102695,2024-05-19,店舗1,商品12,3,194,582
102849,2024-05-19,店舗1,商品12,5,194,970
102922,2024-05-19,店舗1,商品12,5,194,970
102922,2024-05-19,店舗1,商品12,5,194,970
103366,2024-05-19,店舗1,商品12,4,194,776
103494,2024-05-19,店舗1,商品12,3,194,582
103727,2024-05-19,店舗1,商品12,2,194,388
104356,2024-05-19,店舗1,商品12,4,194,776
105317,2024-05-19,店舗1,商品12,3,194,582
105355,2024-05-19,店舗1,商品09,3,172,516
105355,2024-05-19,店舗1,商品12,4,194,776
105978,2024-05-19,店舗1,商品05,3,194,582
105978,2024-05-19,店舗1,商品05,4,194,776
105978,2024-05-19,店舗1,商品05,5,194,970
105978,2024-05-19,店舗1,商品05,4,194,776
105978,2024-05-19,店舗1,商品09,5,172,860
105978,2024-05-19,店舗1,商品10,7,194,1358
105978,2024-05-19,店舗1,商品12,7,194,1358
105978,2024-05-19,店舗1,商品12,4,194,776
102709,2024-05-19,店舗2,商品09,2,172,344
103708,2024-05-19,店舗2,商品08,1,194,194
104194,2024-05-19,店舗2,商品07,3,172,516
102793,2024-05-20,店舗1,商品12,4,194,776
102841,2024-05-20,店舗1,商品12,3,194,582
102867,2024-05-20,店舗1,商品12,6,194,1164
103589,2024-05-20,店舗1,商品12,6,194,1164
104054,2024-05-20,店舗1,商品09,2,172,344
104667,2024-05-20,店舗1,商品12,6,194,1164
104942,2024-05-20,店舗1,商品12,5,194,970
101026,2024-05-20,店舗2,商品08,2,194,388
102506,2024-05-20,店舗2,商品08,2,194,388
102530,2024-05-20,店舗2,商品04,3,194,582
102547,2024-05-20,店舗2,商品09,3,172,516
102615,2024-05-20,店舗2,商品09,2,172,344
102736,2024-05-20,店舗2,商品01,3,172,516
102736,2024-05-20,店舗2,商品01,5,172,860
103352,2024-05-20,店舗2,商品08,2,194,388
103444,2024-05-20,店舗2,商品01,3,172,516
103703,2024-05-20,店舗2,商品07,2,172,344
104194,2024-05-20,店舗2,商品07,2,172,344
104963,2024-05-20,店舗2,商品08,4,194,776
105204,2024-05-20,店舗2,商品08,4,194,776
100785,2024-05-21,店舗1,商品12,3,194,582
103372,2024-05-21,店舗1,商品12,3,194,582
103511,2024-05-21,店舗1,商品12,3,194,582
103511,2024-05-21,店舗1,商品12,5,194,970
105118,2024-05-21,店舗1,商品12,5,194,970
105335,2024-05-21,店舗1,商品12,5,194,970
105414,2024-05-21,店舗1,商品12,3,194,582
105414,2024-05-21,店舗1,商品12,3,194,582
101073,2024-05-21,店舗2,商品06,3,194,582
101713,2024-05-21,店舗2,商品08,3,194,582
102733,2024-05-21,店舗2,商品07,3,172,516
102971,2024-05-21,店舗2,商品01,2,172,344
103084,2024-05-21,店舗2,商品06,2,194,388
103084,2024-05-21,店舗2,商品06,2,194,388
103098,2024-05-21,店舗2,商品01,2,172,344
103268,2024-05-21,店舗2,商品09,3,172,516
103511,2024-05-21,店舗2,商品09,3,172,516
103518,2024-05-21,店舗2,商品06,4,194,776
103518,2024-05-21,店舗2,商品08,2,194,388
104029,2024-05-21,店舗2,商品08,4,194,776
105813,2024-05-21,店舗2,商品05,3,194,582
105840,2024-05-21,店舗2,商品07,3,172,516
100228,2024-05-22,店舗1,商品12,6,194,1164
100570,2024-05-22,店舗1,商品12,5,194,970
103317,2024-05-22,店舗1,商品12,5,194,970
103417,2024-05-22,店舗1,商品12,3,194,582
103776,2024-05-22,店舗1,商品12,4,194,776
103915,2024-05-22,店舗1,商品12,5,194,970
105117,2024-05-22,店舗1,商品12,4,194,776
100845,2024-05-22,店舗2,商品09,2,172,344
100845,2024-05-22,店舗2,商品09,2,172,344
100845,2024-05-22,店舗2,商品09,3,172,516
101033,2024-05-22,店舗2,商品07,2,172,344
101213,2024-05-22,店舗2,商品04,2,194,388
101213,2024-05-22,店舗2,商品08,3,194,582
101263,2024-05-22,店舗2,商品01,2,172,344
101263,2024-05-22,店舗2,商品01,3,172,516
101464,2024-05-22,店舗2,商品09,3,172,516
102371,2024-05-22,店舗2,商品05,2,194,388
102371,2024-05-22,店舗2,商品09,2,172,344
102371,2024-05-22,店舗2,商品09,1,172,172
103300,2024-05-22,店舗2,商品07,2,172,344
103598,2024-05-22,店舗2,商品04,2,194,388
104120,2024-05-22,店舗2,商品05,2,194,388
104234,2024-05-22,店舗2,商品07,2,172,344
104487,2024-05-22,店舗2,商品07,3,172,516
105317,2024-05-22,店舗2,商品05,2,194,388
101213,2024-05-23,店舗1,商品12,3,194,582
102618,2024-05-23,店舗1,商品07,2,172,344
102618,2024-05-23,店舗1,商品07,6,172,1032
102990,2024-05-23,店舗1,商品12,4,194,776
103743,2024-05-23,店舗1,商品12,5,194,970
104631,2024-05-23,店舗1,商品12,5,194,970
105043,2024-05-23,店舗1,商品12,3,194,582
105838,2024-05-23,店舗1,商品12,6,194,1164
100463,2024-05-23,店舗2,商品08,3,194,582
100501,2024-05-23,店舗2,商品01,2,172,344
101534,2024-05-23,店舗2,商品04,3,194,582
101731,2024-05-23,店舗2,商品08,3,194,582
102030,2024-05-23,店舗2,商品06,2,194,388
102030,2024-05-23,店舗2,商品06,3,194,582
103995,2024-05-23,店舗2,商品07,4,172,688
104513,2024-05-23,店舗2,商品04,3,194,582
104598,2024-05-23,店舗2,商品09,2,172,344
105245,2024-05-23,店舗2,商品07,3,172,516
105456,2024-05-23,店舗2,商品07,5,172,860
105594,2024-05-23,店舗2,商品09,3,172,516
105944,2024-05-23,店舗2,商品04,3,194,582
100508,2024-05-24,店舗1,商品12,5,194,970
100927,2024-05-24,店舗1,商品12,4,194,776
103600,2024-05-24,店舗1,商品12,2,194,388
103859,2024-05-24,店舗1,商品12,6,194,1164
104120,2024-05-24,店舗1,商品06,6,194,1164
104527,2024-05-24,店舗1,商品12,7,194,1358
104623,2024-05-24,店舗1,商品12,4,194,776
104680,2024-05-24,店舗1,商品12,6,194,1164
105433,2024-05-24,店舗1,商品12,7,194,1358
100311,2024-05-24,店舗2,商品09,2,172,344
100416,2024-05-24,店舗2,商品09,3,172,516
100416,2024-05-24,店舗2,商品09,2,172,344
100416,2024-05-24,店舗2,商品09,3,172,516
100921,2024-05-24,店舗2,商品09,2,172,344
102326,2024-05-24,店舗2,商品09,2,172,344
102825,2024-05-24,店舗2,商品08,1,194,194
102900,2024-05-24,店舗2,商品09,2,172,344
103053,2024-05-24,店舗2,商品07,5,172,860
103565,2024-05-24,店舗2,商品09,2,172,344
103570,2024-05-24,店舗2,商品08,2,194,388
104447,2024-05-24,店舗2,商品08,3,194,582
104848,2024-05-24,店舗2,商品07,3,172,516
105420,2024-05-24,店舗2,商品07,4,172,688
105420,2024-05-24,店舗2,商品07,4,172,688
105841,2024-05-24,店舗2,商品05,3,194,582
100869,2024-05-25,店舗1,商品12,5,194,970
100948,2024-05-25,店舗1,商品12,6,194,1164
101355,2024-05-25,店舗1,商品12,4,194,776
101363,2024-05-25,店舗1,商品12,4,194,776
101606,2024-05-25,店舗1,商品06,10,194,1940
102802,2024-05-25,店舗1,商品12,9,194,1746
102964,2024-05-25,店舗1,商品12,10,194,1940
103112,2024-05-25,店舗1,商品12,6,194,1164
103312,2024-05-25,店舗1,商品12,6,194,1164
103446,2024-05-25,店舗1,商品12,4,194,776
103552,2024-05-25,店舗1,商品12,5,194,970
103898,2024-05-25,店舗1,商品12,5,194,970
104454,2024-05-25,店舗1,商品12,11,194,2134
104567,2024-05-25,店舗1,商品07,15,172,2580
104620,2024-05-25,店舗1,商品12,9,194,1746
104678,2024-05-25,店舗1,商品12,10,194,1940
104859,2024-05-25,店舗1,商品04,5,194,970
105000,2024-05-25,店舗1,商品12,5,194,970
105456,2024-05-25,店舗1,商品12,8,194,1552
102949,2024-05-25,店舗2,商品08,1,194,194
103564,2024-05-25,店舗2,商品07,2,172,344
103805,2024-05-25,店舗2,商品04,1,194,194
105951,2024-05-25,店舗2,商品04,2,194,388
105951,2024-05-25,店舗2,商品06,3,194,582
100005,2024-05-26,店舗1,商品12,3,194,582
100774,2024-05-26,店舗1,商品12,6,194,1164
101090,2024-05-26,店舗1,商品12,9,194,1746
101195,2024-05-26,店舗1,商品12,10,194,1940
101266,2024-05-26,店舗1,商品12,5,194,970
102509,2024-05-26,店舗1,商品12,7,194,1358
102609,2024-05-26,店舗1,商品12,4,194,776
102971,2024-05-26,店舗1,商品12,6,194,1164
103281,2024-05-26,店舗1,商品12,5,194,970
103281,2024-05-26,店舗1,商品12,5,194,970
104396,2024-05-26,店舗1,商品12,6,194,1164
104396,2024-05-26,店舗1,商品12,6,194,1164
104396,2024-05-26,店舗1,商品12,5,194,970
104713,2024-05-26,店舗1,商品12,6,194,1164
104867,2024-05-26,店舗1,商品12,7,194,1358
104942,2024-05-26,店舗1,商品12,8,194,1552
104942,2024-05-26,店舗1,商品12,8,194,1552
105098,2024-05-26,店舗1,商品12,4,194,776
105212,2024-05-26,店舗1,商品12,5,194,970
105342,2024-05-26,店舗1,商品12,5,194,970
105342,2024-05-26,店舗1,商品12,3,194,582
105759,2024-05-26,店舗1,商品12,5,194,970
103461,2024-05-26,店舗2,商品08,3,194,582
104399,2024-05-26,店舗2,商品06,2,194,388
105950,2024-05-26,店舗2,商品10,2,194,388
101175,2024-05-27,店舗1,商品12,3,194,582
101175,2024-05-27,店舗1,商品12,5,194,970
101999,2024-05-27,店舗1,商品12,3,194,582
102806,2024-05-27,店舗1,商品01,4,172,688
103966,2024-05-27,店舗1,商品12,5,194,970
104337,2024-05-27,店舗1,商品12,4,194,776
104908,2024-05-27,店舗1,商品12,2,194,388
101534,2024-05-27,店舗2,商品09,6,172,1032
102279,2024-05-27,店舗2,商品05,2,194,388
102371,2024-05-27,店舗2,商品07,1,172,172
102825,2024-05-27,店舗2,商品08,3,194,582
102936,2024-05-27,店舗2,商品08,2,194,388
103048,2024-05-27,店舗2,商品09,2,172,344
104009,2024-05-27,店舗2,商品06,6,194,1164
104383,2024-05-27,店舗2,商品08,3,194,582
104435,2024-05-27,店舗2,商品09,4,172,688
104753,2024-05-27,店舗2,商品07,3,172,516
105396,2024-05-27,店舗2,商品09,5,172,860
105628,2024-05-27,店舗2,商品10,3,194,582
100713,2024-05-28,店舗1,商品12,9,194,1746
102065,2024-05-28,店舗1,商品12,4,194,776
103074,2024-05-28,店舗1,商品10,5,194,970
103123,2024-05-28,店舗1,商品12,4,194,776
103308,2024-05-28,店舗1,商品12,5,194,970
105742,2024-05-28,店舗1,商品09,4,172,688
100340,2024-05-28,店舗2,商品03,1,421,421
100340,2024-05-28,店舗2,商品03,1,421,421
101403,2024-05-28,店舗2,商品08,4,194,776
101403,2024-05-28,店舗2,商品08,3,194,582
101570,2024-05-28,店舗2,商品09,2,172,344
101916,2024-05-28,店舗2,商品08,6,194,1164
102112,2024-05-28,店舗2,商品07,3,172,516
102489,2024-05-28,店舗2,商品07,2,172,344
102703,2024-05-28,店舗2,商品08,3,194,582
103585,2024-05-28,店舗2,商品09,2,172,344
103689,2024-05-28,店舗2,商品01,1,172,172
104567,2024-05-28,店舗2,商品07,2,172,344
105329,2024-05-28,店舗2,商品09,4,172,688
105611,2024-05-28,店舗2,商品09,4,172,688
101022,2024-05-29,店舗1,商品12,6,194,1164
101026,2024-05-29,店舗1,商品12,4,194,776
101587,2024-05-29,店舗1,商品12,5,194,970
101670,2024-05-29,店舗1,商品12,4,194,776
101779,2024-05-29,店舗1,商品12,4,194,776
103719,2024-05-29,店舗1,商品12,3,194,582
105859,2024-05-29,店舗1,商品09,7,172,1204
100150,2024-05-29,店舗2,商品04,3,194,582
100150,2024-05-29,店舗2,商品09,2,172,344
100313,2024-05-29,店舗2,商品08,2,194,388
100510,2024-05-29,店舗2,商品07,3,172,516
101591,2024-05-29,店舗2,商品04,2,194,388
101848,2024-05-29,店舗2,商品01,3,172,516
102207,2024-05-29,店舗2,商品06,4,194,776
102207,2024-05-29,店舗2,商品07,2,172,344
102917,2024-05-29,店舗2,商品06,2,194,388
102917,2024-05-29,店舗2,商品06,3,194,582
104326,2024-05-29,店舗2,商品07,2,172,344
104623,2024-05-29,店舗2,商品04,4,194,776
105153,2024-05-29,店舗2,商品08,2,194,388
105552,2024-05-29,店舗2,商品04,2,194,388
105952,2024-05-29,店舗2,商品09,3,172,516
101520,2024-05-30,店舗1,商品12,7,194,1358
102975,2024-05-30,店舗1,商品12,3,194,582
103473,2024-05-30,店舗1,商品12,5,194,970
104097,2024-05-30,店舗1,商品12,3,194,582
104581,2024-05-30,店舗1,商品12,4,194,776
105068,2024-05-30,店舗1,商品12,4,194,776
105068,2024-05-30,店舗1,商品12,4,194,776
100550,2024-05-30,店舗2,商品04,2,194,388
100826,2024-05-30,店舗2,商品08,3,194,582
100981,2024-05-30,店舗2,商品07,4,172,688
101214,2024-05-30,店舗2,商品08,3,194,582
103337,2024-05-30,店舗2,商品07,2,172,344
103869,2024-05-30,店舗2,商品05,2,194,388
103869,2024-05-30,店舗2,商品06,3,194,582
104561,2024-05-30,店舗2,商品07,3,172,516
104725,2024-05-30,店舗2,商品04,2,194,388
104725,2024-05-30,店舗2,商品04,2,194,388
104848,2024-05-30,店舗2,商品07,2,172,344
104848,2024-05-30,店舗2,商品09,4,172,688
104858,2024-05-30,店舗2,商品09,2,172,344
105033,2024-05-30,店舗2,商品09,2,172,344
105033,2024-05-30,店舗2,商品09,2,172,344
105556,2024-05-30,店舗2,商品07,1,172,172
101212,2024-05-31,店舗1,商品12,4,194,776
101465,2024-05-31,店舗1,商品12,2,194,388
101465,2024-05-31,店舗1,商品12,3,194,582
101465,2024-05-31,店舗1,商品12,2,194,388
102199,2024-05-31,店舗1,商品12,3,194,582
103082,2024-05-31,店舗1,商品12,3,194,582
103460,2024-05-31,店舗1,商品12,5,194,970
103460,2024-05-31,店舗1,商品12,3,194,582
103699,2024-05-31,店舗1,商品12,8,194,1552
104058,2024-05-31,店舗1,商品12,5,194,970
104848,2024-05-31,店舗1,商品12,3,194,582
104848,2024-05-31,店舗1,商品12,2,194,388
105962,2024-05-31,店舗1,商品12,1,194,194
105962,2024-05-31,店舗1,商品12,4,194,776
100589,2024-05-31,店舗2,商品08,2,194,388
100589,2024-05-31,店舗2,商品08,3,194,582
101046,2024-05-31,店舗2,商品06,2,194,388
101626,2024-05-31,店舗2,商品09,3,172,516
102988,2024-05-31,店舗2,商品09,2,172,344
103166,2024-05-31,店舗2,商品09,2,172,344
103670,2024-05-31,店舗2,商品01,2,172,344
103699,2024-05-31,店舗2,商品04,2,194,388
103800,2024-05-31,店舗2,商品04,2,194,388
103800,2024-05-31,店舗2,商品04,1,194,194
104575,2024-05-31,店舗2,商品04,2,194,388
105350,2024-05-31,店舗2,商品09,2,172,344
105350,2024-05-31,店舗2,商品09,2,172,344
105581,2024-05-31,店舗2,商品09,2,172,344
105581,2024-05-31,店舗2,商品09,1,172,172
105581,2024-05-31,店舗2,商品09,1,172,172
105581,2024-05-31,店舗2,商品09,1,172,172
105581,2024-05-31,店舗2,商品09,2,172,344
105581,2024-05-31,店舗2,商品09,2,172,344
105581,2024-05-31,店舗2,商品09,2,172,344
105611,2024-05-31,店舗2,商品04,3,194,582
105780,2024-05-31,店舗2,商品07,1,172,172
105780,2024-05-31,店舗2,商品08,2,194,388
100312,2024-06-01,店舗1,商品12,9,194,1746
101427,2024-06-01,店舗1,商品12,5,194,970
102003,2024-06-01,店舗1,商品12,7,194,1358
102086,2024-06-01,店舗1,商品12,4,194,776
102341,2024-06-01,店舗1,商品12,7,194,1358
102341,2024-06-01,店舗1,商品12,8,194,1552
102580,2024-06-01,店舗1,商品12,6,194,1164
102665,2024-06-01,店舗1,商品12,5,194,970
102817,2024-06-01,店舗1,商品12,7,194,1358
103467,2024-06-01,店舗1,商品10,4,194,776
103754,2024-06-01,店舗1,商品12,5,194,970
104189,2024-06-01,店舗1,商品12,5,194,970
104473,2024-06-01,店舗1,商品12,8,194,1552
104892,2024-06-01,店舗1,商品12,7,194,1358
104892,2024-06-01,店舗1,商品12,7,194,1358
104977,2024-06-01,店舗1,商品12,3,194,582
105071,2024-06-01,店舗1,商品01,9,172,1548
105260,2024-06-01,店舗1,商品12,6,194,1164
105427,2024-06-01,店舗1,商品12,5,194,970
105477,2024-06-01,店舗1,商品12,5,194,970
105719,2024-06-01,店舗1,商品12,9,194,1746
105719,2024-06-01,店舗1,商品12,3,194,582
102522,2024-06-01,店舗2,商品06,1,194,194
104009,2024-06-01,店舗2,商品05,3,194,582
104087,2024-06-01,店舗2,商品04,2,194,388
105048,2024-06-01,店舗2,商品04,4,194,776
100340,2024-06-02,店舗1,商品12,7,194,1358
100575,2024-06-02,店舗1,商品12,3,194,582
100575,2024-06-02,店舗1,商品12,4,194,776
100608,2024-06-02,店舗1,商品12,7,194,1358
101401,2024-06-02,店舗1,商品12,7,194,1358
102284,2024-06-02,店舗1,商品12,2,194,388
102374,2024-06-02,店舗1,商品12,7,194,1358
102506,2024-06-02,店舗1,商品12,8,194,1552
102922,2024-06-02,店舗1,商品12,6,194,1164
102922,2024-06-02,店舗1,商品12,8,194,1552
102922,2024-06-02,店舗1,商品12,7,194,1358
103316,2024-06-02,店舗1,商品12,8,194,1552
103563,2024-06-02,店舗1,商品11,1,594,594
103916,2024-06-02,店舗1,商品12,6,194,1164
104057,2024-06-02,店舗1,商品12,6,194,1164
104258,2024-06-02,店舗1,商品11,2,594,1188
104548,2024-06-02,店舗1,商品12,4,194,776
104867,2024-06-02,店舗1,商品10,8,194,1552
104892,2024-06-02,店舗1,商品08,6,194,1164
104989,2024-06-02,店舗1,商品12,6,194,1164
105868,2024-06-02,店舗1,商品12,9,194,1746
101427,2024-06-02,店舗2,商品07,2,172,344
101626,2024-06-02,店舗2,商品09,3,172,516
102368,2024-06-02,店舗2,商品08,1,194,194
100265,2024-06-03,店舗1,商品12,3,194,582
100265,2024-06-03,店舗1,商品12,1,194,194
102308,2024-06-03,店舗1,商品12,6,194,1164
104508,2024-06-03,店舗1,商品12,4,194,776
105334,2024-06-03,店舗1,商品12,4,194,776
105611,2024-06-03,店舗1,商品12,4,194,776
105725,2024-06-03,店舗1,商品12,3,194,582
105725,2024-06-03,店舗1,商品12,3,194,582
105725,2024-06-03,店舗1,商品12,1,194,194
100575,2024-06-03,店舗2,商品09,3,172,516
100575,2024-06-03,店舗2,商品09,3,172,516
100575,2024-06-03,店舗2,商品09,2,172,344
101029,2024-06-03,店舗2,商品08,3,194,582
101100,2024-06-03,店舗2,商品08,2,194,388
101899,2024-06-03,店舗2,商品08,4,194,776
102341,2024-06-03,店舗2,商品09,1,172,172
102865,2024-06-03,店舗2,商品09,1,172,172
103135,2024-06-03,店舗2,商品02,1,297,297
103135,2024-06-03,店舗2,商品05,2,194,388
103135,2024-06-03,店舗2,商品07,4,172,688
103156,2024-06-03,店舗2,商品04,2,194,388
103820,2024-06-03,店舗2,商品09,2,172,344
103820,2024-06-03,店舗2,商品09,2,172,344
104436,2024-06-03,店舗2,商品07,2,172,344
104821,2024-06-03,店舗2,商品08,2,194,388
105033,2024-06-03,店舗2,商品09,2,172,344
100533,2024-06-04,店舗1,商品12,2,194,388
101502,2024-06-04,店舗1,商品12,3,194,582
101502,2024-06-04,店舗1,商品12,6,194,1164
102374,2024-06-04,店舗1,商品12,5,194,970
102374,2024-06-04,店舗1,商品12,4,194,776
102562,2024-06-04,店舗1,商品12,3,194,582
103353,2024-06-04,店舗1,商品12,3,194,582
104410,2024-06-04,店舗1,商品12,3,194,582
100054,2024-06-04,店舗2,商品09,2,172,344
100055,2024-06-04,店舗2,商品09,2,172,344
101073,2024-06-04,店舗2,商品04,2,194,388
101073,2024-06-04,店舗2,商品04,1,194,194
101073,2024-06-04,店舗2,商品04,1,194,194
101275,2024-06-04,店舗2,商品04,2,194,388
101355,2024-06-04,店舗2,商品08,3,194,582
101568,2024-06-04,店舗2,商品06,2,194,388
101980,2024-06-04,店舗2,商品05,2,194,388
103898,2024-06-04,店舗2,商品08,2,194,388
103917,2024-06-04,店舗2,商品09,2,172,344
103917,2024-06-04,店舗2,商品09,2,172,344
103917,2024-06-04,店舗2,商品09,5,172,860
103917,2024-06-04,店舗2,商品09,3,172,516
104066,2024-06-04,店舗2,商品01,2,172,344
105120,2024-06-04,店舗2,商品09,2,172,344
105740,2024-06-04,店舗2,商品09,3,172,516
100418,2024-06-05,店舗1,商品12,7,194,1358
100709,2024-06-05,店舗1,商品12,3,194,582
101848,2024-06-05,店舗1,商品12,8,194,1552
102266,2024-06-05,店舗1,商品12,4,194,776
103849,2024-06-05,店舗1,商品12,5,194,970
105350,2024-06-05,店舗1,商品07,3,172,516
105740,2024-06-05,店舗1,商品12,4,194,776
100358,2024-06-05,店舗2,商品07,2,172,344
100358,2024-06-05,店舗2,商品07,1,172,172
101293,2024-06-05,店舗2,商品09,4,172,688
101542,2024-06-05,店舗2,商品09,3,172,516
101542,2024-06-05,店舗2,商品09,2,172,344
101542,2024-06-05,店舗2,商品09,2,172,344
102279,2024-06-05,店舗2,商品05,3,194,582
102397,2024-06-05,店舗2,商品07,2,172,344
102523,2024-06-05,店舗2,商品09,5,172,860
102661,2024-06-05,店舗2,商品09,3,172,516
104780,2024-06-05,店舗2,商品06,3,194,582
105212,2024-06-05,店舗2,商品09,2,172,344
105335,2024-06-05,店舗2,商品09,2,172,344
105667,2024-06-05,店舗2,商品06,2,194,388
105667,2024-06-05,店舗2,商品09,3,172,516
105755,2024-06-05,店舗2,商品07,2,172,344
100852,2024-06-06,店舗1,商品12,4,194,776
101810,2024-06-06,店舗1,商品12,5,194,970
102279,2024-06-06,店舗1,商品12,5,194,970
103082,2024-06-06,店舗1,商品12,8,194,1552
103176,2024-06-06,店舗1,商品01,4,172,688
104913,2024-06-06,店舗1,商品12,5,194,970
100206,2024-06-06,店舗2,商品08,2,194,388
100891,2024-06-06,店舗2,商品07,3,172,516
101464,2024-06-06,店舗2,商品08,2,194,388
101471,2024-06-06,店舗2,商品01,4,172,688
102371,2024-06-06,店舗2,商品05,2,194,388
102374,2024-06-06,店舗2,商品08,3,194,582
102439,2024-06-06,店舗2,商品07,3,172,516
102581,2024-06-06,店舗2,商品05,2,194,388
102667,2024-06-06,店舗2,商品09,2,172,344
103257,2024-06-06,店舗2,商品01,2,172,344
103257,2024-06-06,店舗2,商品01,2,172,344
104827,2024-06-06,店舗2,商品05,6,194,1164
104862,2024-06-06,店舗2,商品07,4,172,688
100784,2024-06-07,店舗1,商品06,3,194,582
101427,2024-06-07,店舗1,商品12,3,194,582
102642,2024-06-07,店舗1,商品12,3,194,582
103053,2024-06-07,店舗1,商品05,3,194,582
103053,2024-06-07,店舗1,商品05,3,194,582
103053,2024-06-07,店舗1,商品05,4,194,776
103369,2024-06-07,店舗1,商品10,3,194,582
103461,2024-06-07,店舗1,商品12,5,194,970
104387,2024-06-07,店舗1,商品04,7,194,1358
104387,2024-06-07,店舗1,商品12,4,194,776
105027,2024-06-07,店舗1,商品12,5,194,970
105716,2024-06-07,店舗1,商品12,3,194,582
100726,2024-06-07,店舗2,商品09,4,172,688
101220,2024-06-07,店舗2,商品09,1,172,172
101427,2024-06-07,店舗2,商品09,2,172,344
101559,2024-06-07,店舗2,商品09,1,172,172
101992,2024-06-07,店舗2,商品04,2,194,388
101992,2024-06-07,店舗2,商品08,2,194,388
101999,2024-06-07,店舗2,商品09,1,172,172
102537,2024-06-07,店舗2,商品06,1,194,194
103166,2024-06-07,店舗2,商品06,3,194,582
104665,2024-06-07,店舗2,商品07,1,172,172
104665,2024-06-07,店舗2,商品07,3,172,516
104665,2024-06-07,店舗2,商品07,3,172,516
104665,2024-06-07,店舗2,商品07,1,172,172
104665,2024-06-07,店舗2,商品07,2,172,344
104665,2024-06-07,店舗2,商品07,2,172,344
104958,2024-06-07,店舗2,商品09,2,172,344
105109,2024-06-07,店舗2,商品09,2,172,344
105109,2024-06-07,店舗2,商品09,2,172,344
105109,2024-06-07,店舗2,商品09,2,172,344
105109,2024-06-07,店舗2,商品09,2,172,344
105109,2024-06-07,店舗2,商品09,1,172,172
105116,2024-06-07,店舗2,商品06,2,194,388
105780,2024-06-07,店舗2,商品07,1,172,172
105780,2024-06-07,店舗2,商品09,1,172,172
100165,2024-06-08,店舗1,商品12,10,194,1940
100313,2024-06-08,店舗1,商品12,5,194,970
100981,2024-06-08,店舗1,商品12,7,194,1358
101659,2024-06-08,店舗1,商品12,7,194,1358
101731,2024-06-08,店舗1,商品12,6,194,1164
102015,2024-06-08,店舗1,商品12,7,194,1358
102372,2024-06-08,店舗1,商品12,6,194,1164
102472,2024-06-08,店舗1,商品12,5,194,970
102675,2024-06-08,店舗1,商品10,4,194,776
102675,2024-06-08,店舗1,商品10,3,194,582
102918,2024-06-08,店舗1,商品12,4,194,776
102920,2024-06-08,店舗1,商品12,5,194,970
104871,2024-06-08,店舗1,商品12,4,194,776
104940,2024-06-08,店舗1,商品01,5,172,860
104977,2024-06-08,店舗1,商品12,4,194,776
104977,2024-06-08,店舗1,商品12,7,194,1358
105325,2024-06-08,店舗1,商品12,3,194,582
105353,2024-06-08,店舗1,商品07,9,172,1548
105353,2024-06-08,店舗1,商品07,6,172,1032
105353,2024-06-08,店舗1,商品12,4,194,776
105708,2024-06-08,店舗1,商品12,5,194,970
105708,2024-06-08,店舗1,商品12,6,194,1164
105868,2024-06-08,店舗1,商品12,4,194,776
100859,2024-06-08,店舗2,商品04,2,194,388
101973,2024-06-08,店舗2,商品08,2,194,388
102695,2024-06-08,店舗2,商品06,2,194,388
102695,2024-06-08,店舗2,商品06,1,194,194
104088,2024-06-08,店舗2,商品06,3,194,582
104691,2024-06-08,店舗2,商品04,1,194,194
100487,2024-06-09,店舗1,商品12,5,194,970
101174,2024-06-09,店舗1,商品12,7,194,1358
101324,2024-06-09,店舗1,商品11,1,594,594
101827,2024-06-09,店舗1,商品12,7,194,1358
101855,2024-06-09,店舗1,商品12,5,194,970
101892,2024-06-09,店舗1,商品12,6,194,1164
101892,2024-06-09,店舗1,商品12,8,194,1552
102521,2024-06-09,店舗1,商品12,5,194,970
102521,2024-06-09,店舗1,商品12,6,194,1164
102684,2024-06-09,店舗1,商品12,6,194,1164
102997,2024-06-09,店舗1,商品12,3,194,582
103992,2024-06-09,店舗1,商品12,6,194,1164
104018,2024-06-09,店舗1,商品12,5,194,970
104097,2024-06-09,店舗1,商品12,8,194,1552
104160,2024-06-09,店舗1,商品12,9,194,1746
104598,2024-06-09,店舗1,商品12,5,194,970
105287,2024-06-09,店舗1,商品09,3,172,516
105468,2024-06-09,店舗1,商品12,10,194,1940
105740,2024-06-09,店舗1,商品09,4,172,688
105740,2024-06-09,店舗1,商品10,10,194,1940
103033,2024-06-09,店舗2,商品05,1,194,194
103033,2024-06-09,店舗2,商品05,1,194,194
103033,2024-06-09,店舗2,商品05,1,194,194
104240,2024-06-09,店舗2,商品09,1,172,172
104575,2024-06-09,店舗2,商品09,2,172,344
100146,2024-06-10,店舗1,商品10,6,194,1164
101177,2024-06-10,店舗1,商品12,4,194,776
101246,2024-06-10,店舗1,商品12,4,194,776
103025,2024-06-10,店舗1,商品12,7,194,1358
103809,2024-06-10,店舗1,商品12,3,194,582
105389,2024-06-10,店舗1,商品12,3,194,582
100051,2024-06-10,店舗2,商品06,3,194,582
100239,2024-06-10,店舗2,商品07,1,172,172
100355,2024-06-10,店舗2,商品04,2,194,388
101392,2024-06-10,店舗2,商品04,2,194,388
102794,2024-06-10,店舗2,商品08,1,194,194
102996,2024-06-10,店舗2,商品09,3,172,516
103671,2024-06-10,店舗2,商品07,1,172,172
103671,2024-06-10,店舗2,商品07,2,172,344
103755,2024-06-10,店舗2,商品07,3,172,516
103898,2024-06-10,店舗2,商品04,1,194,194
103898,2024-06-10,店舗2,商品09,3,172,516
104396,2024-06-10,店舗2,商品07,2,172,344
105762,2024-06-10,店舗2,商品01,1,172,172
105762,2024-06-10,店舗2,商品07,2,172,344
105762,2024-06-10,店舗2,商品07,5,172,860
105920,2024-06-10,店舗2,商品09,2,172,344
105920,2024-06-10,店舗2,商品09,2,172,344
102085,2024-06-11,店舗1,商品12,4,194,776
102333,2024-06-11,店舗1,商品12,4,194,776
102570,2024-06-11,店舗1,商品12,8,194,1552
103571,2024-06-11,店舗1,商品12,3,194,582
104424,2024-06-11,店舗1,商品12,6,194,1164
105622,2024-06-11,店舗1,商品12,5,194,970
100741,2024-06-11,店舗2,商品01,1,172,172
101121,2024-06-11,店舗2,商品04,1,194,194
101606,2024-06-11,店舗2,商品01,1,172,172
101713,2024-06-11,店舗2,商品08,3,194,582
102157,2024-06-11,店舗2,商品09,3,172,516
102419,2024-06-11,店舗2,商品09,4,172,688
102791,2024-06-11,店舗2,商品07,3,172,516
102791,2024-06-11,店舗2,商品07,4,172,688
102997,2024-06-11,店舗2,商品04,5,194,970
103034,2024-06-11,店舗2,商品01,2,172,344
103034,2024-06-11,店舗2,商品01,2,172,344
103712,2024-06-11,店舗2,商品01,2,172,344
104560,2024-06-11,店舗2,商品06,2,194,388
104560,2024-06-11,店舗2,商品07,3,172,516
105379,2024-06-11,店舗2,商品07,2,172,344
101111,2024-06-12,店舗1,商品12,4,194,776
101111,2024-06-12,店舗1,商品12,3,194,582
101111,2024-06-12,店舗1,商品12,2,194,388
101688,2024-06-12,店舗1,商品12,5,194,970
102485,2024-06-12,店舗1,商品12,3,194,582
102709,2024-06-12,店舗1,商品02,1,297,297
102709,2024-06-12,店舗1,商品02,1,297,297
102709,2024-06-12,店舗1,商品12,5,194,970
102933,2024-06-12,店舗1,商品12,5,194,970
104403,2024-06-12,店舗1,商品12,2,194,388
104503,2024-06-12,店舗1,商品12,3,194,582
100076,2024-06-12,店舗2,商品02,1,297,297
101013,2024-06-12,店舗2,商品09,1,172,172
101229,2024-06-12,店舗2,商品01,6,172,1032
101731,2024-06-12,店舗2,商品09,3,172,516
102207,2024-06-12,店舗2,商品07,3,172,516
102936,2024-06-12,店舗2,商品09,5,172,860
103995,2024-06-12,店舗2,商品09,3,172,516
104097,2024-06-12,店舗2,商品07,3,172,516
104330,2024-06-12,店舗2,商品08,2,194,388
104330,2024-06-12,店舗2,商品09,4,172,688
104477,2024-06-12,店舗2,商品09,3,172,516
105119,2024-06-12,店舗2,商品08,2,194,388
105551,2024-06-12,店舗2,商品04,1,194,194
105551,2024-06-12,店舗2,商品08,2,194,388
101224,2024-06-13,店舗1,商品12,5,194,970
102592,2024-06-13,店舗1,商品12,7,194,1358
102820,2024-06-13,店舗1,商品12,6,194,1164
103722,2024-06-13,店舗1,商品12,3,194,582
104258,2024-06-13,店舗1,商品11,1,594,594
104745,2024-06-13,店舗1,商品12,3,194,582
104745,2024-06-13,店舗1,商品12,5,194,970
100454,2024-06-13,店舗2,商品04,4,194,776
100642,2024-06-13,店舗2,商品09,3,172,516
101691,2024-06-13,店舗2,商品07,4,172,688
101918,2024-06-13,店舗2,商品08,2,194,388
102488,2024-06-13,店舗2,商品07,4,172,688
102523,2024-06-13,店舗2,商品07,2,172,344
103168,2024-06-13,店舗2,商品07,2,172,344
103174,2024-06-13,店舗2,商品06,2,194,388
103174,2024-06-13,店舗2,商品06,2,194,388
103787,2024-06-13,店舗2,商品05,3,194,582
104163,2024-06-13,店舗2,商品07,3,172,516
105395,2024-06-13,店舗2,商品04,2,194,388
105671,2024-06-13,店舗2,商品07,4,172,688
101606,2024-06-14,店舗1,商品12,4,132,528
101719,2024-06-14,店舗1,商品12,6,132,792
102437,2024-06-14,店舗1,商品12,5,132,660
103163,2024-06-14,店舗1,商品12,10,132,1320
103456,2024-06-14,店舗1,商品12,8,132,1056
103456,2024-06-14,店舗1,商品12,5,132,660
104525,2024-06-14,店舗1,商品12,4,132,528
104756,2024-06-14,店舗1,商品12,5,132,660
105214,2024-06-14,店舗1,商品10,4,132,528
105214,2024-06-14,店舗1,商品11,1,594,594
105453,2024-06-14,店舗1,商品12,3,132,396
105468,2024-06-14,店舗1,商品12,6,132,792
105967,2024-06-14,店舗1,商品12,4,132,528
100858,2024-06-14,店舗2,商品04,2,132,264
100858,2024-06-14,店舗2,商品04,1,132,132
100878,2024-06-14,店舗2,商品04,2,132,264
100878,2024-06-14,店舗2,商品04,1,132,132
100878,2024-06-14,店舗2,商品06,3,132,396
100906,2024-06-14,店舗2,商品08,2,132,264
100944,2024-06-14,店舗2,商品01,2,117,234
101359,2024-06-14,店舗2,商品08,3,132,396
101688,2024-06-14,店舗2,商品04,5,132,660
101836,2024-06-14,店舗2,商品08,7,132,924
102145,2024-06-14,店舗2,商品07,2,117,234
102145,2024-06-14,店舗2,商品07,3,117,351
102410,2024-06-14,店舗2,商品07,3,117,351
102662,2024-06-14,店舗2,商品09,1,117,117
102793,2024-06-14,店舗2,商品07,3,117,351
102817,2024-06-14,店舗2,商品08,2,132,264
102869,2024-06-14,店舗2,商品05,6,132,792
102869,2024-06-14,店舗2,商品05,2,132,264
103701,2024-06-14,店舗2,商品04,2,132,264
103992,2024-06-14,店舗2,商品09,3,117,351
103992,2024-06-14,店舗2,商品09,3,117,351
104485,2024-06-14,店舗2,商品10,4,132,528
105195,2024-06-14,店舗2,商品09,2,117,234
100217,2024-06-15,店舗1,商品12,4,132,528
100329,2024-06-15,店舗1,商品12,5,132,660
100329,2024-06-15,店舗1,商品12,5,132,660
100501,2024-06-15,店舗1,商品12,7,132,924
100664,2024-06-15,店舗1,商品12,5,132,660
101129,2024-06-15,店舗1,商品12,8,132,1056
102012,2024-06-15,店舗1,商品12,9,132,1188
102098,2024-06-15,店舗1,商品10,9,132,1188
102300,2024-06-15,店舗1,商品12,6,132,792
102565,2024-06-15,店舗1,商品12,7,132,924
102708,2024-06-15,店舗1,商品12,6,132,792
102931,2024-06-15,店舗1,商品12,7,132,924
102931,2024-06-15,店舗1,商品12,9,132,1188
103564,2024-06-15,店舗1,商品12,4,132,528
103600,2024-06-15,店舗1,商品12,7,132,924
104009,2024-06-15,店舗1,商品06,8,132,1056
104079,2024-06-15,店舗1,商品12,10,132,1320
104691,2024-06-15,店舗1,商品12,7,132,924
104729,2024-06-15,店舗1,商品12,7,132,924
104942,2024-06-15,店舗1,商品12,10,132,1320
104942,2024-06-15,店舗1,商品12,9,132,1188
104954,2024-06-15,店舗1,商品12,5,132,660
105040,2024-06-15,店舗1,商品12,5,132,660
105456,2024-06-15,店舗1,商品12,6,132,792
105780,2024-06-15,店舗1,商品12,4,132,528
105948,2024-06-15,店舗1,商品09,12,117,1404
105948,2024-06-15,店舗1,商品10,10,132,1320
101306,2024-06-15,店舗2,商品09,2,117,234
102045,2024-06-15,店舗2,商品04,3,132,396
103169,2024-06-15,店舗2,商品04,1,132,132
103233,2024-06-15,店舗2,商品06,2,132,264
103233,2024-06-15,店舗2,商品06,2,132,264
103367,2024-06-15,店舗2,商品01,2,117,234
103738,2024-06-15,店舗2,商品09,2,117,234
103738,2024-06-15,店舗2,商品09,1,117,117
100409,2024-06-16,店舗1,商品12,5,132,660
100475,2024-06-16,店舗1,商品12,10,132,1320
100962,2024-06-16,店舗1,商品12,4,132,528
101587,2024-06-16,店舗1,商品12,5,132,660
101768,2024-06-16,店舗1,商品12,6,132,792
102446,2024-06-16,店舗1,商品12,6,132,792
102612,2024-06-16,店舗1,商品12,7,132,924
103084,2024-06-16,店舗1,商品10,8,132,1056
103084,2024-06-16,店舗1,商品11,2,594,1188
103084,2024-06-16,店舗1,商品11,2,594,1188
103192,2024-06-16,店舗1,商品12,6,132,792
103192,2024-06-16,店舗1,商品12,7,132,924
103205,2024-06-16,店舗1,商品12,11,132,1452
103250,2024-06-16,店舗1,商品12,4,132,528
103425,2024-06-16,店舗1,商品12,4,132,528
103909,2024-06-16,店舗1,商品12,4,132,528
104555,2024-06-16,店舗1,商品12,5,132,660
104852,2024-06-16,店舗1,商品08,10,132,1320
104858,2024-06-16,店舗1,商品12,8,132,1056
104874,2024-06-16,店舗1,商品12,7,132,924
104874,2024-06-16,店舗1,商品12,4,132,528
105322,2024-06-16,店舗1,商品12,6,132,792
105322,2024-06-16,店舗1,商品12,6,132,792
105439,2024-06-16,店舗1,商品12,8,132,1056
105444,2024-06-16,店舗1,商品12,5,132,660
105755,2024-06-16,店舗1,商品04,4,132,528
105755,2024-06-16,店舗1,商品07,7,117,819
105824,2024-06-16,店舗1,商品12,10,132,1320
105938,2024-06-16,店舗1,商品12,8,132,1056
105967,2024-06-16,店舗1,商品12,4,132,528
102696,2024-06-16,店舗2,商品01,3,117,351
103532,2024-06-16,店舗2,商品07,2,117,234
103754,2024-06-16,店舗2,商品08,2,132,264
103787,2024-06-16,店舗2,商品09,3,117,351
101400,2024-06-17,店舗1,商品12,7,132,924
101403,2024-06-17,店舗1,商品12,4,132,528
102256,2024-06-17,店舗1,商品12,3,132,396
102997,2024-06-17,店舗1,商品12,7,132,924
103257,2024-06-17,店舗1,商品12,5,132,660
103559,2024-06-17,店舗1,商品12,4,132,528
104028,2024-06-17,店舗1,商品12,7,132,924
105268,2024-06-17,店舗1,商品12,5,132,660
100111,2024-06-17,店舗2,商品04,2,132,264
100111,2024-06-17,店舗2,商品04,2,132,264
100111,2024-06-17,店舗2,商品04,3,132,396
102310,2024-06-17,店舗2,商品08,2,132,264
102374,2024-06-17,店舗2,商品08,1,132,132
103316,2024-06-17,店舗2,商品08,2,132,264
103400,2024-06-17,店舗2,商品07,2,117,234
103400,2024-06-17,店舗2,商品08,1,132,132
103402,2024-06-17,店舗2,商品07,2,117,234
103501,2024-06-17,店舗2,商品07,4,117,468
104121,2024-06-17,店舗2,商品08,2,132,264
104314,2024-06-17,店舗2,商品04,2,132,264
104523,2024-06-17,店舗2,商品04,3,132,396
104931,2024-06-17,店舗2,商品04,3,132,396
104931,2024-06-17,店舗2,商品06,2,132,264
105005,2024-06-17,店舗2,商品09,2,117,234
105005,2024-06-17,店舗2,商品09,2,117,234
105005,2024-06-17,店舗2,商品09,3,117,351
105005,2024-06-17,店舗2,商品09,3,117,351
105005,2024-06-17,店舗2,商品09,2,117,234
105552,2024-06-17,店舗2,商品08,1,132,132
105592,2024-06-17,店舗2,商品05,2,132,264
105592,2024-06-17,店舗2,商品09,3,117,351
105863,2024-06-17,店舗2,商品08,3,132,396
105962,2024-06-17,店舗2,商品07,1,117,117
100589,2024-06-18,店舗1,商品12,6,132,792
100865,2024-06-18,店舗1,商品12,3,132,396
101450,2024-06-18,店舗1,商品12,3,132,396
101781,2024-06-18,店舗1,商品12,4,132,528
103877,2024-06-18,店舗1,商品12,4,132,528
103877,2024-06-18,店舗1,商品12,4,132,528
104525,2024-06-18,店舗1,商品12,3,132,396
104691,2024-06-18,店舗1,商品12,4,132,528
104691,2024-06-18,店舗1,商品12,7,132,924
100303,2024-06-18,店舗2,商品09,2,117,234
100389,2024-06-18,店舗2,商品09,2,117,234
101403,2024-06-18,店舗2,商品07,2,117,234
101403,2024-06-18,店舗2,商品07,2,117,234
101403,2024-06-18,店舗2,商品07,4,117,468
101403,2024-06-18,店舗2,商品07,1,117,117
101403,2024-06-18,店舗2,商品07,2,117,234
101530,2024-06-18,店舗2,商品04,2,132,264
101530,2024-06-18,店舗2,商品04,3,132,396
101999,2024-06-18,店舗2,商品09,2,117,234
101999,2024-06-18,店舗2,商品09,2,117,234
102098,2024-06-18,店舗2,商品05,2,132,264
102303,2024-06-18,店舗2,商品07,1,117,117
102869,2024-06-18,店舗2,商品05,2,132,264
102869,2024-06-18,店舗2,商品05,4,132,528
103254,2024-06-18,店舗2,商品06,3,132,396
103565,2024-06-18,店舗2,商品09,1,117,117
104009,2024-06-18,店舗2,商品06,2,132,264
104169,2024-06-18,店舗2,商品04,3,132,396
104169,2024-06-18,店舗2,商品09,4,117,468
104169,2024-06-18,店舗2,商品09,3,117,351
104867,2024-06-18,店舗2,商品08,3,132,396
105318,2024-06-18,店舗2,商品07,1,117,117
105557,2024-06-18,店舗2,商品08,2,132,264
100798,2024-06-19,店舗1,商品12,5,132,660
102372,2024-06-19,店舗1,商品12,4,132,528
102397,2024-06-19,店舗1,商品12,4,132,528
103183,2024-06-19,店舗1,商品12,3,132,396
103183,2024-06-19,店舗1,商品12,4,132,528
103600,2024-06-19,店舗1,商品12,6,132,792
104009,2024-06-19,店舗1,商品12,4,132,528
104009,2024-06-19,店舗1,商品12,4,132,528
104285,2024-06-19,店舗1,商品12,3,132,396
104598,2024-06-19,店舗1,商品12,3,132,396
104598,2024-06-19,店舗1,商品12,3,132,396
105576,2024-06-19,店舗1,商品12,5,132,660
100001,2024-06-19,店舗2,商品04,2,132,264
100741,2024-06-19,店舗2,商品07,2,117,234
100845,2024-06-19,店舗2,商品09,2,117,234
101814,2024-06-19,店舗2,商品04,3,132,396
101943,2024-06-19,店舗2,商品07,3,117,351
102845,2024-06-19,店舗2,商品04,2,132,264
102845,2024-06-19,店舗2,商品07,2,117,234
103090,2024-06-19,店舗2,商品07,2,117,234
103198,2024-06-19,店舗2,商品08,3,132,396
103800,2024-06-19,店舗2,商品04,1,132,132
104671,2024-06-19,店舗2,商品08,5,132,660
104867,2024-06-19,店舗2,商品09,1,117,117
104867,2024-06-19,店舗2,商品09,4,117,468
104967,2024-06-19,店舗2,商品08,3,132,396
105231,2024-06-19,店舗2,商品05,4,132,528
105231,2024-06-19,店舗2,商品05,3,132,396
105231,2024-06-19,店舗2,商品05,2,132,264
105231,2024-06-19,店舗2,商品05,2,132,264
105231,2024-06-19,店舗2,商品05,2,132,264
105231,2024-06-19,店舗2,商品05,1,132,132
105279,2024-06-19,店舗2,商品09,2,117,234
105587,2024-06-19,店舗2,商品07,3,117,351
105740,2024-06-19,店舗2,商品08,1,132,132
101121,2024-06-20,店舗1,商品12,2,132,264
101160,2024-06-20,店舗1,商品12,3,132,396
101195,2024-06-20,店舗1,商品12,4,132,528
102279,2024-06-20,店舗1,商品04,2,132,264
102279,2024-06-20,店舗1,商品06,4,132,528
102279,2024-06-20,店舗1,商品09,5,117,585
104445,2024-06-20,店舗1,商品12,5,132,660
105376,2024-06-20,店舗1,商品11,1,594,594
105468,2024-06-20,店舗1,商品04,4,132,528
105468,2024-06-20,店舗1,商品04,3,132,396
105468,2024-06-20,店舗1,商品04,7,132,924
105468,2024-06-20,店舗1,商品05,4,132,528
100020,2024-06-20,店舗2,商品01,6,117,702
100020,2024-06-20,店舗2,商品09,3,117,351
100501,2024-06-20,店舗2,商品08,5,132,660
100587,2024-06-20,店舗2,商品07,1,117,117
100865,2024-06-20,店舗2,商品09,4,117,468
101688,2024-06-20,店舗2,商品04,2,132,264
102814,2024-06-20,店舗2,商品08,3,132,396
103168,2024-06-20,店舗2,商品09,3,117,351
103403,2024-06-20,店舗2,商品08,3,132,396
103403,2024-06-20,店舗2,商品08,3,132,396
103532,2024-06-20,店舗2,商品07,5,117,585
104574,2024-06-20,店舗2,商品01,2,117,234
104948,2024-06-20,店舗2,商品05,4,132,528
104948,2024-06-20,店舗2,商品05,2,132,264
105396,2024-06-20,店舗2,商品01,3,117,351
105667,2024-06-20,店舗2,商品06,3,132,396
105770,2024-06-20,店舗2,商品01,2,117,234
100533,2024-06-21,店舗1,商品12,4,194,776
101279,2024-06-21,店舗1,商品12,2,194,388
101279,2024-06-21,店舗1,商品12,5,194,970
102095,2024-06-21,店舗1,商品10,5,194,970
103799,2024-06-21,店舗1,商品12,4,194,776
104453,2024-06-21,店舗1,商品12,3,194,582
104453,2024-06-21,店舗1,商品12,3,194,582
105128,2024-06-21,店舗1,商品12,2,194,388
105237,2024-06-21,店舗1,商品12,6,194,1164
105725,2024-06-21,店舗1,商品12,4,194,776
105725,2024-06-21,店舗1,商品12,2,194,388
100921,2024-06-21,店舗2,商品08,3,194,582
100921,2024-06-21,店舗2,商品09,2,172,344
101028,2024-06-21,店舗2,商品08,3,194,582
101818,2024-06-21,店舗2,商品09,2,172,344
101850,2024-06-21,店舗2,商品07,4,172,688
102261,2024-06-21,店舗2,商品07,2,172,344
102388,2024-06-21,店舗2,商品09,3,172,516
103142,2024-06-21,店舗2,商品06,5,194,970
104494,2024-06-21,店舗2,商品04,5,194,970
104572,2024-06-21,店舗2,商品07,2,172,344
104925,2024-06-21,店舗2,商品07,4,172,688
105451,2024-06-21,店舗2,商品09,2,172,344
105624,2024-06-21,店舗2,商品04,2,194,388
105704,2024-06-21,店舗2,商品04,5,194,970
100532,2024-06-22,店舗1,商品12,4,194,776
100839,2024-06-22,店舗1,商品12,4,194,776
100864,2024-06-22,店舗1,商品12,5,194,970
100864,2024-06-22,店舗1,商品12,6,194,1164
101141,2024-06-22,店舗1,商品12,6,194,1164
101450,2024-06-22,店舗1,商品12,8,194,1552
101659,2024-06-22,店舗1,商品12,7,194,1358
101848,2024-06-22,店舗1,商品12,9,194,1746
101902,2024-06-22,店舗1,商品12,11,194,2134
102119,2024-06-22,店舗1,商品12,7,194,1358
102695,2024-06-22,店舗1,商品12,3,194,582
102942,2024-06-22,店舗1,商品12,6,194,1164
103394,2024-06-22,店舗1,商品12,8,194,1552
103394,2024-06-22,店舗1,商品12,5,194,970
103394,2024-06-22,店舗1,商品12,7,194,1358
104247,2024-06-22,店舗1,商品12,4,194,776
104389,2024-06-22,店舗1,商品03,2,421,842
104596,2024-06-22,店舗1,商品12,4,194,776
104596,2024-06-22,店舗1,商品12,5,194,970
104939,2024-06-22,店舗1,商品12,8,194,1552
105036,2024-06-22,店舗1,商品03,2,421,842
102045,2024-06-22,店舗2,商品07,3,172,516
103559,2024-06-22,店舗2,商品09,2,172,344
105395,2024-06-22,店舗2,商品04,1,194,194
105395,2024-06-22,店舗2,商品04,1,194,194
105978,2024-06-22,店舗2,商品05,2,194,388
100906,2024-06-23,店舗1,商品12,6,194,1164
101625,2024-06-23,店舗1,商品12,6,194,1164
101740,2024-06-23,店舗1,商品12,9,194,1746
102045,2024-06-23,店舗1,商品12,10,194,1940
102958,2024-06-23,店舗1,商品12,5,194,970
103074,2024-06-23,店舗1,商品11,1,594,594
103177,2024-06-23,店舗1,商品12,4,194,776
103484,2024-06-23,店舗1,商品12,10,194,1940
103587,2024-06-23,店舗1,商品12,7,194,1358
104251,2024-06-23,店舗1,商品12,7,194,1358
104277,2024-06-23,店舗1,商品09,5,172,860
104429,2024-06-23,店舗1,商品12,7,194,1358
104620,2024-06-23,店舗1,商品12,7,194,1358
104948,2024-06-23,店舗1,商品12,7,194,1358
105279,2024-06-23,店舗1,商品10,10,194,1940
105868,2024-06-23,店舗1,商品12,7,194,1358
102609,2024-06-23,店舗2,商品07,1,172,172
104867,2024-06-23,店舗2,商品01,2,172,344
105747,2024-06-23,店舗2,商品01,1,172,172
105747,2024-06-23,店舗2,商品01,1,172,172
105747,2024-06-23,店舗2,商品01,1,172,172
100070,2024-06-24,店舗1,商品12,3,194,582
102015,2024-06-24,店舗1,商品06,4,194,776
102015,2024-06-24,店舗1,商品06,3,194,582
102362,2024-06-24,店舗1,商品12,5,194,970
104149,2024-06-24,店舗1,商品07,2,172,344
104379,2024-06-24,店舗1,商品12,6,194,1164
105568,2024-06-24,店舗1,商品12,3,194,582
100357,2024-06-24,店舗2,商品01,3,172,516
102372,2024-06-24,店舗2,商品08,2,194,388
102372,2024-06-24,店舗2,商品08,2,194,388
102636,2024-06-24,店舗2,商品07,4,172,688
103564,2024-06-24,店舗2,商品07,2,172,344
103917,2024-06-24,店舗2,商品09,2,172,344
103964,2024-06-24,店舗2,商品09,2,172,344
104097,2024-06-24,店舗2,商品04,1,194,194
104340,2024-06-24,店舗2,商品04,2,194,388
104571,2024-06-24,店舗2,商品08,4,194,776
104571,2024-06-24,店舗2,商品08,2,194,388
104652,2024-06-24,店舗2,商品07,3,172,516
105264,2024-06-24,店舗2,商品09,3,172,516
105264,2024-06-24,店舗2,商品09,3,172,516
105920,2024-06-24,店舗2,商品07,1,172,172
101246,2024-06-25,店舗1,商品12,4,194,776
101246,2024-06-25,店舗1,商品12,4,194,776
101516,2024-06-25,店舗1,商品12,3,194,582
101516,2024-06-25,店舗1,商品12,4,194,776
102757,2024-06-25,店舗1,商品12,3,194,582
104567,2024-06-25,店舗1,商品12,3,194,582
104567,2024-06-25,店舗1,商品12,2,194,388
105164,2024-06-25,店舗1,商品12,2,194,388
105331,2024-06-25,店舗1,商品12,2,194,388
100585,2024-06-25,店舗2,商品04,2,194,388
101761,2024-06-25,店舗2,商品07,1,172,172
101761,2024-06-25,店舗2,商品07,1,172,172
102951,2024-06-25,店舗2,商品07,2,172,344
103400,2024-06-25,店舗2,商品07,2,172,344
103400,2024-06-25,店舗2,商品09,3,172,516
103400,2024-06-25,店舗2,商品09,2,172,344
103852,2024-06-25,店舗2,商品08,2,194,388
103913,2024-06-25,店舗2,商品09,2,172,344
103934,2024-06-25,店舗2,商品09,3,172,516
103971,2024-06-25,店舗2,商品04,4,194,776
104009,2024-06-25,店舗2,商品06,2,194,388
104009,2024-06-25,店舗2,商品06,2,194,388
104335,2024-06-25,店舗2,商品09,4,172,688
105262,2024-06-25,店舗2,商品04,3,194,582
105677,2024-06-25,店舗2,商品06,3,194,582
100334,2024-06-26,店舗1,商品12,3,194,582
102236,2024-06-26,店舗1,商品12,3,194,582
102331,2024-06-26,店舗1,商品12,5,194,970
103352,2024-06-26,店舗1,商品10,3,194,582
103352,2024-06-26,店舗1,商品11,1,594,594
104874,2024-06-26,店舗1,商品12,5,194,970
105052,2024-06-26,店舗1,商品12,8,194,1552
100461,2024-06-26,店舗2,商品07,2,172,344
101562,2024-06-26,店舗2,商品09,3,172,516
102689,2024-06-26,店舗2,商品06,1,194,194
102754,2024-06-26,店舗2,商品06,2,194,388
102754,2024-06-26,店舗2,商品07,2,172,344
103724,2024-06-26,店舗2,商品08,1,194,194
104216,2024-06-26,店舗2,商品04,3,194,582
104247,2024-06-26,店舗2,商品09,4,172,688
104258,2024-06-26,店舗2,商品10,2,194,388
104381,2024-06-26,店舗2,商品05,2,194,388
104381,2024-06-26,店舗2,商品09,2,172,344
104779,2024-06-26,店舗2,商品05,2,194,388
104779,2024-06-26,店舗2,商品05,2,194,388
104779,2024-06-26,店舗2,商品05,4,194,776
104779,2024-06-26,店舗2,商品05,1,194,194
104779,2024-06-26,店舗2,商品09,3,172,516
105755,2024-06-26,店舗2,商品07,2,172,344
105945,2024-06-26,店舗2,商品08,2,194,388
100218,2024-06-27,店舗1,商品06,5,194,970
100685,2024-06-27,店舗1,商品07,4,172,688
102138,2024-06-27,店舗1,商品12,5,194,970
102138,2024-06-27,店舗1,商品12,3,194,582
102433,2024-06-27,店舗1,商品12,3,194,582
102857,2024-06-27,店舗1,商品12,8,194,1552
104075,2024-06-27,店舗1,商品12,2,194,388
100268,2024-06-27,店舗2,商品01,2,172,344
101062,2024-06-27,店舗2,商品01,4,172,688
101389,2024-06-27,店舗2,商品09,3,172,516
102245,2024-06-27,店舗2,商品10,1,194,194
102417,2024-06-27,店舗2,商品06,2,194,388
102793,2024-06-27,店舗2,商品01,3,172,516
103273,2024-06-27,店舗2,商品08,2,194,388
103337,2024-06-27,店舗2,商品07,4,172,688
103394,2024-06-27,店舗2,商品07,4,172,688
104373,2024-06-27,店舗2,商品06,3,194,582
105206,2024-06-27,店舗2,商品07,3,172,516
105667,2024-06-27,店舗2,商品09,2,172,344
105667,2024-06-27,店舗2,商品09,3,172,516
105667,2024-06-27,店舗2,商品09,2,172,344
100494,2024-06-28,店舗1,商品12,4,194,776
100494,2024-06-28,店舗1,商品12,3,194,582
101195,2024-06-28,店舗1,商品12,6,194,1164
101276,2024-06-28,店舗1,商品12,5,194,970
101276,2024-06-28,店舗1,商品12,4,194,776
102331,2024-06-28,店舗1,商品12,6,194,1164
102521,2024-06-28,店舗1,商品12,2,194,388
103958,2024-06-28,店舗1,商品12,5,194,970
104029,2024-06-28,店舗1,商品12,3,194,582
105376,2024-06-28,店舗1,商品11,2,594,1188
100058,2024-06-28,店舗2,商品01,2,172,344
100742,2024-06-28,店舗2,商品07,5,172,860
101211,2024-06-28,店舗2,商品04,2,194,388
101257,2024-06-28,店舗2,商品04,3,194,582
101925,2024-06-28,店舗2,商品01,2,172,344
102112,2024-06-28,店舗2,商品09,2,172,344
102609,2024-06-28,店舗2,商品07,3,172,516
102758,2024-06-28,店舗2,商品04,3,194,582
103229,2024-06-28,店舗2,商品01,4,172,688
105171,2024-06-28,店舗2,商品04,5,194,970
105625,2024-06-28,店舗2,商品07,3,172,516
105813,2024-06-28,店舗2,商品05,2,194,388
105813,2024-06-28,店舗2,商品08,3,194,582
100973,2024-06-29,店舗1,商品12,7,194,1358
101389,2024-06-29,店舗1,商品12,7,194,1358
101792,2024-06-29,店舗1,商品12,8,194,1552
101803,2024-06-29,店舗1,商品12,10,194,1940
101976,2024-06-29,店舗1,商品12,6,194,1164
102336,2024-06-29,店舗1,商品12,5,194,970
103174,2024-06-29,店舗1,商品12,5,194,970
103174,2024-06-29,店舗1,商品12,4,194,776
103404,2024-06-29,店舗1,商品12,7,194,1358
103406,2024-06-29,店舗1,商品12,5,194,970
104389,2024-06-29,店舗1,商品12,6,194,1164
104403,2024-06-29,店舗1,商品12,11,194,2134
104939,2024-06-29,店舗1,商品12,4,194,776
105245,2024-06-29,店舗1,商品12,7,194,1358
105274,2024-06-29,店舗1,商品12,6,194,1164
105916,2024-06-29,店舗1,商品12,2,194,388
100403,2024-06-29,店舗2,商品09,2,172,344
100939,2024-06-29,店舗2,商品07,3,172,516
103337,2024-06-29,店舗2,商品08,2,194,388
104293,2024-06-29,店舗2,商品07,1,172,172
104293,2024-06-29,店舗2,商品08,2,194,388
100511,2024-06-30,店舗1,商品12,8,194,1552
100766,2024-06-30,店舗1,商品12,9,194,1746
100836,2024-06-30,店舗1,商品12,8,194,1552
102918,2024-06-30,店舗1,商品12,6,194,1164
103171,2024-06-30,店舗1,商品12,6,194,1164
103273,2024-06-30,店舗1,商品02,1,297,297
103494,2024-06-30,店舗1,商品12,4,194,776
103494,2024-06-30,店舗1,商品12,3,194,582
103494,2024-06-30,店舗1,商品12,6,194,1164
103819,2024-06-30,店舗1,商品12,6,194,1164
103819,2024-06-30,店舗1,商品12,4,194,776
103966,2024-06-30,店舗1,商品12,4,194,776
104373,2024-06-30,店舗1,商品10,8,194,1552
104942,2024-06-30,店舗1,商品12,9,194,1746
105119,2024-06-30,店舗1,商品12,3,194,582
105179,2024-06-30,店舗1,商品12,7,194,1358
105477,2024-06-30,店舗1,商品12,5,194,970
105477,2024-06-30,店舗1,商品12,8,194,1552
105716,2024-06-30,店舗1,商品12,5,194,970
105763,2024-06-30,店舗1,商品11,1,594,594
103465,2024-06-30,店舗2,商品07,2,172,344
104058,2024-06-30,店舗2,商品09,3,172,516
105487,2024-06-30,店舗2,商品03,1,421,421
101073,2024-07-01,店舗1,商品12,2,194,388
102845,2024-07-01,店舗1,商品12,2,194,388
103699,2024-07-01,店舗1,商品12,2,194,388
104993,2024-07-01,店舗1,商品12,2,194,388
105068,2024-07-01,店舗1,商品12,2,194,388
105068,2024-07-01,店舗1,商品12,2,194,388
105068,2024-07-01,店舗1,商品12,2,194,388
105068,2024-07-01,店舗1,商品12,3,194,582
105068,2024-07-01,店舗1,商品12,4,194,776
105068,2024-07-01,店舗1,商品12,1,194,194
105068,2024-07-01,店舗1,商品12,2,194,388
100021,2024-07-01,店舗2,商品07,2,172,344
100021,2024-07-01,店舗2,商品07,4,172,688
100170,2024-07-01,店舗2,商品05,3,194,582
100459,2024-07-01,店舗2,商品03,1,421,421
100459,2024-07-01,店舗2,商品03,1,421,421
102569,2024-07-01,店舗2,商品06,1,194,194
102569,2024-07-01,店舗2,商品09,2,172,344
102869,2024-07-01,店舗2,商品05,1,194,194
102904,2024-07-01,店舗2,商品09,1,172,172
102904,2024-07-01,店舗2,商品09,2,172,344
102904,2024-07-01,店舗2,商品09,2,172,344
103246,2024-07-01,店舗2,商品06,2,194,388
103285,2024-07-01,店舗2,商品09,2,172,344
103285,2024-07-01,店舗2,商品09,1,172,172
104249,2024-07-01,店舗2,商品04,4,194,776
104286,2024-07-01,店舗2,商品07,2,172,344
104335,2024-07-01,店舗2,商品07,2,172,344
104574,2024-07-01,店舗2,商品09,2,172,344
104574,2024-07-01,店舗2,商品09,2,172,344
100184,2024-07-02,店舗1,商品12,4,194,776
102397,2024-07-02,店舗1,商品12,5,194,970
102456,2024-07-02,店舗1,商品12,7,194,1358
103177,2024-07-02,店舗1,商品12,3,194,582
103303,2024-07-02,店舗1,商品12,6,194,1164
100487,2024-07-02,店舗2,商品07,1,172,172
100494,2024-07-02,店舗2,商品07,2,172,344
101354,2024-07-02,店舗2,商品04,3,194,582
101354,2024-07-02,店舗2,商品04,1,194,194
101403,2024-07-02,店舗2,商品08,1,194,194
101913,2024-07-02,店舗2,商品08,3,194,582
102958,2024-07-02,店舗2,商品09,2,172,344
103461,2024-07-02,店舗2,商品09,1,172,172
103461,2024-07-02,店舗2,商品09,2,172,344
103800,2024-07-02,店舗2,商品04,2,194,388
103935,2024-07-02,店舗2,商品07,2,172,344
105093,2024-07-02,店舗2,商品09,2,172,344
105294,2024-07-02,店舗2,商品08,1,194,194
105978,2024-07-02,店舗2,商品05,3,194,582
105978,2024-07-02,店舗2,商品05,2,194,388
105978,2024-07-02,店舗2,商品05,1,194,194
105978,2024-07-02,店舗2,商品05,2,194,388
105978,2024-07-02,店舗2,商品05,1,194,194
105978,2024-07-02,店舗2,商品05,2,194,388
105978,2024-07-02,店舗2,商品05,1,194,194
105978,2024-07-02,店舗2,商品05,3,194,582
100162,2024-07-03,店舗1,商品12,4,194,776
102005,2024-07-03,店舗1,商品12,5,194,970
102800,2024-07-03,店舗1,商品12,4,194,776
102852,2024-07-03,店舗1,商品12,6,194,1164
102852,2024-07-03,店舗1,商品12,3,194,582
103681,2024-07-03,店舗1,商品12,3,194,582
104939,2024-07-03,店舗1,商品12,4,194,776
100118,2024-07-03,店舗2,商品04,1,194,194
100239,2024-07-03,店舗2,商品06,2,194,388
100556,2024-07-03,店舗2,商品07,2,172,344
100780,2024-07-03,店舗2,商品09,2,172,344
101175,2024-07-03,店舗2,商品04,4,194,776
101263,2024-07-03,店舗2,商品05,3,194,582
101691,2024-07-03,店舗2,商品07,3,172,516
102414,2024-07-03,店舗2,商品04,5,194,970
103781,2024-07-03,店舗2,商品01,2,172,344
104293,2024-07-03,店舗2,商品05,2,194,388
104293,2024-07-03,店舗2,商品09,2,172,344
104293,2024-07-03,店舗2,商品09,2,172,344
104293,2024-07-03,店舗2,商品09,4,172,688
105439,2024-07-03,店舗2,商品08,3,194,582
105962,2024-07-03,店舗2,商品09,2,172,344
100408,2024-07-04,店舗1,商品12,6,194,1164
103097,2024-07-04,店舗1,商品12,4,194,776
103097,2024-07-04,店舗1,商品12,3,194,582
103177,2024-07-04,店舗1,商品12,5,194,970
103521,2024-07-04,店舗1,商品12,3,194,582
104054,2024-07-04,店舗1,商品09,3,172,516
105748,2024-07-04,店舗1,商品12,3,194,582
100055,2024-07-04,店舗2,商品09,3,172,516
100055,2024-07-04,店舗2,商品09,2,172,344
102390,2024-07-04,店舗2,商品04,2,194,388
103264,2024-07-04,店舗2,商品04,1,194,194
103676,2024-07-04,店舗2,商品09,1,172,172
103917,2024-07-04,店舗2,商品09,2,172,344
103917,2024-07-04,店舗2,商品09,2,172,344
103917,2024-07-04,店舗2,商品09,1,172,172
103917,2024-07-04,店舗2,商品09,3,172,516
103917,2024-07-04,店舗2,商品09,2,172,344
103917,2024-07-04,店舗2,商品09,2,172,344
103917,2024-07-04,店舗2,商品09,2,172,344
103917,2024-07-04,店舗2,商品09,3,172,516
104184,2024-07-04,店舗2,商品07,2,172,344
104523,2024-07-04,店舗2,商品04,2,194,388
104739,2024-07-04,店舗2,商品03,1,421,421
104800,2024-07-04,店舗2,商品09,2,172,344
104827,2024-07-04,店舗2,商品07,1,172,172
105667,2024-07-04,店舗2,商品09,1,172,172
100463,2024-07-05,店舗1,商品12,3,194,582
102530,2024-07-05,店舗1,商品12,3,194,582
103021,2024-07-05,店舗1,商品12,4,194,776
103021,2024-07-05,店舗1,商品12,5,194,970
103021,2024-07-05,店舗1,商品12,3,194,582
103198,2024-07-05,店舗1,商品12,3,194,582
103527,2024-07-05,店舗1,商品12,3,194,582
103936,2024-07-05,店舗1,商品07,3,172,516
103936,2024-07-05,店舗1,商品12,3,194,582
104202,2024-07-05,店舗1,商品10,4,194,776
105755,2024-07-05,店舗1,商品04,2,194,388
105755,2024-07-05,店舗1,商品12,3,194,582
100217,2024-07-05,店舗2,商品09,2,172,344
101212,2024-07-05,店舗2,商品04,2,194,388
101377,2024-07-05,店舗2,商品09,3,172,516
101427,2024-07-05,店舗2,商品04,2,194,388
101836,2024-07-05,店舗2,商品07,2,172,344
101921,2024-07-05,店舗2,商品07,3,172,516
102034,2024-07-05,店舗2,商品07,3,172,516
102126,2024-07-05,店舗2,商品07,3,172,516
102931,2024-07-05,店舗2,商品09,5,172,860
102931,2024-07-05,店舗2,商品09,4,172,688
103948,2024-07-05,店舗2,商品07,3,172,516
104597,2024-07-05,店舗2,商品09,3,172,516
105279,2024-07-05,店舗2,商品05,2,194,388
105279,2024-07-05,店舗2,商品05,2,194,388
105889,2024-07-05,店舗2,商品09,3,172,516
100525,2024-07-06,店舗1,商品10,8,194,1552
100831,2024-07-06,店舗1,商品12,7,194,1358
100831,2024-07-06,店舗1,商品12,4,194,776
101405,2024-07-06,店舗1,商品06,6,194,1164
101405,2024-07-06,店舗1,商品06,3,194,582
101701,2024-07-06,店舗1,商品12,2,194,388
101916,2024-07-06,店舗1,商品12,5,194,970
102917,2024-07-06,店舗1,商品05,11,194,2134
103223,2024-07-06,店舗1,商品12,14,194,2716
103881,2024-07-06,店舗1,商品12,5,194,970
103964,2024-07-06,店舗1,商品12,6,194,1164
104337,2024-07-06,店舗1,商品12,4,194,776
104503,2024-07-06,店舗1,商品12,6,194,1164
104684,2024-07-06,店舗1,商品12,8,194,1552
104913,2024-07-06,店舗1,商品12,4,194,776
104942,2024-07-06,店舗1,商品12,5,194,970
105020,2024-07-06,店舗1,商品09,5,172,860
105145,2024-07-06,店舗1,商品12,6,194,1164
105358,2024-07-06,店舗1,商品12,5,194,970
101433,2024-07-06,店舗2,商品08,1,194,194
102039,2024-07-06,店舗2,商品01,3,172,516
104922,2024-07-06,店舗2,商品06,2,194,388
105519,2024-07-06,店舗2,商品04,2,194,388
105519,2024-07-06,店舗2,商品04,2,194,388
100130,2024-07-07,店舗1,商品12,3,194,582
100408,2024-07-07,店舗1,商品12,4,194,776
101026,2024-07-07,店舗1,商品12,4,194,776
101136,2024-07-07,店舗1,商品12,5,194,970
101266,2024-07-07,店舗1,商品12,10,194,1940
101266,2024-07-07,店舗1,商品12,3,194,582
101731,2024-07-07,店舗1,商品12,8,194,1552
102374,2024-07-07,店舗1,商品12,6,194,1164
102374,2024-07-07,店舗1,商品12,4,194,776
102609,2024-07-07,店舗1,商品12,5,194,970
102609,2024-07-07,店舗1,商品12,5,194,970
102609,2024-07-07,店舗1,商品12,4,194,776
102609,2024-07-07,店舗1,商品12,6,194,1164
102675,2024-07-07,店舗1,商品11,1,594,594
102748,2024-07-07,店舗1,商品12,8,194,1552
103123,2024-07-07,店舗1,商品12,4,194,776
103123,2024-07-07,店舗1,商品12,5,194,970
103364,2024-07-07,店舗1,商品12,4,194,776
103488,2024-07-07,店舗1,商品12,4,194,776
103881,2024-07-07,店舗1,商品12,3,194,582
104891,2024-07-07,店舗1,商品12,8,194,1552
105209,2024-07-07,店舗1,商品12,3,194,582
105209,2024-07-07,店舗1,商品12,4,194,776
105287,2024-07-07,店舗1,商品11,3,594,1782
100182,2024-07-07,店舗2,商品04,2,194,388
101713,2024-07-07,店舗2,商品08,4,194,776
102410,2024-07-07,店舗2,商品09,1,172,172
101354,2024-07-08,店舗1,商品12,5,194,970
101850,2024-07-08,店舗1,商品12,6,194,1164
103425,2024-07-08,店舗1,商品12,7,194,1358
104691,2024-07-08,店舗1,商品12,3,194,582
105708,2024-07-08,店舗1,商品12,4,194,776
100406,2024-07-08,店舗2,商品04,2,194,388
101380,2024-07-08,店舗2,商品06,3,194,582
101629,2024-07-08,店舗2,商品04,2,194,388
101629,2024-07-08,店舗2,商品04,4,194,776
102090,2024-07-08,店舗2,商品09,2,172,344
102090,2024-07-08,店舗2,商品09,2,172,344
102144,2024-07-08,店舗2,商品08,3,194,582
102155,2024-07-08,店舗2,商品09,2,172,344
103034,2024-07-08,店舗2,商品09,3,172,516
103084,2024-07-08,店舗2,商品09,2,172,344
104578,2024-07-08,店舗2,商品06,2,194,388
104578,2024-07-08,店舗2,商品06,3,194,582
104623,2024-07-08,店舗2,商品04,2,194,388
105642,2024-07-08,店舗2,商品07,2,172,344
100075,2024-07-09,店舗1,商品12,4,194,776
102684,2024-07-09,店舗1,商品12,3,194,582
102820,2024-07-09,店舗1,商品12,3,194,582
103054,2024-07-09,店舗1,商品12,3,194,582
105884,2024-07-09,店舗1,商品12,7,194,1358
105884,2024-07-09,店舗1,商品12,4,194,776
100103,2024-07-09,店舗2,商品07,2,172,344
100547,2024-07-09,店舗2,商品04,1,194,194
100720,2024-07-09,店舗2,商品01,1,172,172
100720,2024-07-09,店舗2,商品01,2,172,344
100891,2024-07-09,店舗2,商品07,2,172,344
101183,2024-07-09,店舗2,商品07,2,172,344
101183,2024-07-09,店舗2,商品07,1,172,172
101183,2024-07-09,店舗2,商品07,3,172,516
101183,2024-07-09,店舗2,商品07,2,172,344
101183,2024-07-09,店舗2,商品07,1,172,172
101183,2024-07-09,店舗2,商品07,1,172,172
101183,2024-07-09,店舗2,商品07,1,172,172
101183,2024-07-09,店舗2,商品07,1,172,172
101183,2024-07-09,店舗2,商品07,1,172,172
101183,2024-07-09,店舗2,商品07,2,172,344
101183,2024-07-09,店舗2,商品07,1,172,172
101328,2024-07-09,店舗2,商品05,1,194,194
101403,2024-07-09,店舗2,商品07,2,172,344
101403,2024-07-09,店舗2,商品07,2,172,344
101779,2024-07-09,店舗2,商品08,1,194,194
102522,2024-07-09,店舗2,商品01,3,172,516
103255,2024-07-09,店舗2,商品10,1,194,194
103638,2024-07-09,店舗2,商品07,1,172,172
104184,2024-07-09,店舗2,商品07,1,172,172
104184,2024-07-09,店舗2,商品07,1,172,172
102711,2024-07-10,店舗1,商品12,9,194,1746
102999,2024-07-10,店舗1,商品12,5,194,970
103449,2024-07-10,店舗1,商品12,5,194,970
103907,2024-07-10,店舗1,商品12,2,194,388
105377,2024-07-10,店舗1,商品12,3,194,582
105816,2024-07-10,店舗1,商品12,3,194,582
102915,2024-07-10,店舗2,商品09,2,172,344
103003,2024-07-10,店舗2,商品04,3,194,582
103303,2024-07-10,店舗2,商品09,4,172,688
103738,2024-07-10,店舗2,商品09,2,172,344
103738,2024-07-10,店舗2,商品09,2,172,344
104247,2024-07-10,店舗2,商品01,2,172,344
104779,2024-07-10,店舗2,商品07,2,172,344
104977,2024-07-10,店舗2,商品05,2,194,388
105005,2024-07-10,店舗2,商品09,3,172,516
105005,2024-07-10,店舗2,商品09,3,172,516
105376,2024-07-10,店舗2,商品05,3,194,582
105376,2024-07-10,店舗2,商品05,2,194,388
105581,2024-07-10,店舗2,商品09,2,172,344
105863,2024-07-10,店舗2,商品09,2,172,344
105876,2024-07-10,店舗2,商品08,2,194,388
100192,2024-07-11,店舗1,商品12,5,194,970
102424,2024-07-11,店舗1,商品12,7,194,1358
103001,2024-07-11,店舗1,商品12,3,194,582
103183,2024-07-11,店舗1,商品12,5,194,970
103703,2024-07-11,店舗1,商品12,3,194,582
105395,2024-07-11,店舗1,商品12,3,194,582
100554,2024-07-11,店舗2,商品09,2,172,344
101403,2024-07-11,店舗2,商品09,1,172,172
101403,2024-07-11,店舗2,商品09,3,172,516
101403,2024-07-11,店舗2,商品09,2,172,344
101403,2024-07-11,店舗2,商品09,4,172,688
102736,2024-07-11,店舗2,商品08,1,194,194
102736,2024-07-11,店舗2,商品09,1,172,172
102996,2024-07-11,店舗2,商品09,2,172,344
103004,2024-07-11,店舗2,商品09,3,172,516
103532,2024-07-11,店舗2,商品01,3,172,516
103532,2024-07-11,店舗2,商品01,2,172,344
104445,2024-07-11,店舗2,商品06,2,194,388
104513,2024-07-11,店舗2,商品04,3,194,582
105010,2024-07-11,店舗2,商品04,2,194,388
105598,2024-07-11,店舗2,商品09,2,172,344
105640,2024-07-11,店舗2,商品09,2,172,344
105970,2024-07-11,店舗2,商品06,2,194,388
100113,2024-07-12,店舗1,商品07,5,172,860
100113,2024-07-12,店舗1,商品07,5,172,860
100802,2024-07-12,店舗1,商品12,3,194,582
101401,2024-07-12,店舗1,商品12,3,194,582
101475,2024-07-12,店舗1,商品12,6,194,1164
101848,2024-07-12,店舗1,商品12,5,194,970
102618,2024-07-12,店舗1,商品12,2,194,388
102618,2024-07-12,店舗1,商品12,5,194,970
103494,2024-07-12,店舗1,商品12,4,194,776
100742,2024-07-12,店舗2,商品09,4,172,688
100888,2024-07-12,店舗2,商品01,1,172,172
101850,2024-07-12,店舗2,商品07,2,172,344
102372,2024-07-12,店舗2,商品08,1,194,194
102636,2024-07-12,店舗2,商品09,2,172,344
102717,2024-07-12,店舗2,商品09,2,172,344
103246,2024-07-12,店舗2,商品04,2,194,388
103634,2024-07-12,店舗2,商品09,2,172,344
103634,2024-07-12,店舗2,商品09,2,172,344
103634,2024-07-12,店舗2,商品09,2,172,344
103634,2024-07-12,店舗2,商品09,2,172,344
103732,2024-07-12,店舗2,商品07,2,172,344
103820,2024-07-12,店舗2,商品09,1,172,172
103820,2024-07-12,店舗2,商品09,2,172,344
104258,2024-07-12,店舗2,商品05,3,194,582
104867,2024-07-12,店舗2,商品09,1,172,172
104867,2024-07-12,店舗2,商品09,2,172,344
105264,2024-07-12,店舗2,商品07,3,172,516
105264,2024-07-12,店舗2,商品07,3,172,516
105264,2024-07-12,店舗2,商品07,2,172,344
105264,2024-07-12,店舗2,商品07,2,172,344
100261,2024-07-13,店舗1,商品12,5,194,970
100685,2024-07-13,店舗1,商品04,4,194,776
101028,2024-07-13,店舗1,商品12,4,194,776
101028,2024-07-13,店舗1,商品12,3,194,582
101028,2024-07-13,店舗1,商品12,3,194,582
102001,2024-07-13,店舗1,商品12,2,194,388
102024,2024-07-13,店舗1,商品12,3,194,582
102592,2024-07-13,店舗1,商品12,2,194,388
103214,2024-07-13,店舗1,商品12,6,194,1164
103214,2024-07-13,店舗1,商品12,4,194,776
103382,2024-07-13,店舗1,商品12,3,194,582
103382,2024-07-13,店舗1,商品12,3,194,582
103400,2024-07-13,店舗1,商品12,5,194,970
103400,2024-07-13,店舗1,商品12,3,194,582
103467,2024-07-13,店舗1,商品06,7,194,1358
103671,2024-07-13,店舗1,商品12,4,194,776
103949,2024-07-13,店舗1,商品12,5,194,970
104120,2024-07-13,店舗1,商品07,4,172,688
104120,2024-07-13,店舗1,商品07,8,172,1376
104120,2024-07-13,店舗1,商品07,5,172,860
104120,2024-07-13,店舗1,商品07,6,172,1032
104120,2024-07-13,店舗1,商品07,2,172,344
104120,2024-07-13,店舗1,商品07,2,172,344
104120,2024-07-13,店舗1,商品07,5,172,860
104226,2024-07-13,店舗1,商品12,5,194,970
105245,2024-07-13,店舗1,商品12,2,194,388
105898,2024-07-13,店舗1,商品12,4,194,776
101135,2024-07-13,店舗2,商品04,2,194,388
101516,2024-07-13,店舗2,商品01,3,172,516
103008,2024-07-13,店舗2,商品09,3,172,516
105847,2024-07-13,店舗2,商品07,2,172,344
100784,2024-07-14,店舗1,商品12,6,194,1164
101105,2024-07-14,店舗1,商品12,2,194,388
101666,2024-07-14,店舗1,商品12,7,194,1358
101897,2024-07-14,店舗1,商品12,6,194,1164
101897,2024-07-14,店舗1,商品12,7,194,1358
102410,2024-07-14,店舗1,商品12,10,194,1940
102437,2024-07-14,店舗1,商品12,7,194,1358
102568,2024-07-14,店舗1,商品12,5,194,970
102675,2024-07-14,店舗1,商品03,2,421,842
102675,2024-07-14,店舗1,商品03,2,421,842
102675,2024-07-14,店舗1,商品03,1,421,421
102684,2024-07-14,店舗1,商品12,3,194,582
103958,2024-07-14,店舗1,商品12,6,194,1164
104031,2024-07-14,店舗1,商品12,4,194,776
104120,2024-07-14,店舗1,商品07,6,172,1032
104120,2024-07-14,店舗1,商品08,5,194,970
104194,2024-07-14,店舗1,商品12,6,194,1164
104486,2024-07-14,店舗1,商品12,7,194,1358
105068,2024-07-14,店舗1,商品12,6,194,1164
100486,2024-07-14,店舗2,商品01,2,172,344
104448,2024-07-14,店舗2,商品08,2,194,388
105611,2024-07-14,店舗2,商品08,2,194,388
100230,2024-07-15,店舗1,商品12,4,194,776
100859,2024-07-15,店舗1,商品12,3,194,582
101002,2024-07-15,店舗1,商品12,4,194,776
101211,2024-07-15,店舗1,商品12,7,194,1358
102976,2024-07-15,店舗1,商品12,12,194,2328
103097,2024-07-15,店舗1,商品12,6,194,1164
103933,2024-07-15,店舗1,商品12,4,194,776
104002,2024-07-15,店舗1,商品12,8,194,1552
104002,2024-07-15,店舗1,商品12,9,194,1746
104335,2024-07-15,店舗1,商品12,5,194,970
105353,2024-07-15,店舗1,商品07,6,172,1032
105395,2024-07-15,店舗1,商品12,5,194,970
105859,2024-07-15,店舗1,商品11,1,594,594
100026,2024-07-15,店舗2,商品09,2,172,344
101855,2024-07-15,店舗2,商品07,2,172,344
103687,2024-07-15,店舗2,商品04,2,194,388
104247,2024-07-15,店舗2,商品01,2,172,344
105861,2024-07-15,店舗2,商品08,2,194,388
105863,2024-07-15,店舗2,商品08,3,194,582
105863,2024-07-15,店舗2,商品09,2,172,344
100335,2024-07-16,店舗1,商品12,2,194,388
101818,2024-07-16,店舗1,商品12,5,194,970
102457,2024-07-16,店舗1,商品12,7,194,1358
102457,2024-07-16,店舗1,商品12,3,194,582
104867,2024-07-16,店舗1,商品10,5,194,970
105552,2024-07-16,店舗1,商品01,3,172,516
101264,2024-07-16,店舗2,商品09,2,172,344
101731,2024-07-16,店舗2,商品07,3,172,516
102295,2024-07-16,店舗2,商品07,2,172,344
102380,2024-07-16,店舗2,商品07,4,172,688
102557,2024-07-16,店舗2,商品10,3,194,582
102900,2024-07-16,店舗2,商品08,2,194,388
102997,2024-07-16,店舗2,商品06,2,194,388
103634,2024-07-16,店舗2,商品01,1,172,172
103634,2024-07-16,店舗2,商品01,3,172,516
104235,2024-07-16,店舗2,商品09,3,172,516
105128,2024-07-16,店舗2,商品01,2,172,344
105628,2024-07-16,店舗2,商品07,2,172,344
105745,2024-07-16,店舗2,商品09,4,172,688
105745,2024-07-16,店舗2,商品09,4,172,688
100169,2024-07-17,店舗1,商品12,4,194,776
100234,2024-07-17,店舗1,商品12,3,194,582
100839,2024-07-17,店舗1,商品12,6,194,1164
103859,2024-07-17,店舗1,商品12,4,194,776
103950,2024-07-17,店舗1,商品12,4,194,776
105740,2024-07-17,店舗1,商品12,5,194,970
100127,2024-07-17,店舗2,商品09,1,172,172
100230,2024-07-17,店舗2,商品08,5,194,970
100468,2024-07-17,店舗2,商品04,3,194,582
100468,2024-07-17,店舗2,商品04,2,194,388
100891,2024-07-17,店舗2,商品05,2,194,388
101688,2024-07-17,店舗2,商品04,3,194,582
101688,2024-07-17,店舗2,商品04,3,194,582
101713,2024-07-17,店舗2,商品08,2,194,388
102045,2024-07-17,店舗2,商品09,1,172,172
102695,2024-07-17,店舗2,商品07,1,172,172
103516,2024-07-17,店舗2,商品06,2,194,388
103516,2024-07-17,店舗2,商品06,2,194,388
103708,2024-07-17,店舗2,商品04,2,194,388
103708,2024-07-17,店舗2,商品04,3,194,582
104443,2024-07-17,店舗2,商品09,2,172,344
104443,2024-07-17,店舗2,商品09,2,172,344
100373,2024-07-18,店舗1,商品12,3,194,582
103324,2024-07-18,店舗1,商品12,7,194,1358
104240,2024-07-18,店舗1,商品12,3,194,582
105257,2024-07-18,店舗1,商品12,6,194,1164
105441,2024-07-18,店舗1,商品12,3,194,582
105514,2024-07-18,店舗1,商品12,4,194,776
100642,2024-07-18,店舗2,商品09,2,172,344
102119,2024-07-18,店舗2,商品01,4,172,688
102773,2024-07-18,店舗2,商品09,1,172,172
103273,2024-07-18,店舗2,商品04,3,194,582
103273,2024-07-18,店舗2,商品04,3,194,582
103304,2024-07-18,店舗2,商品08,4,194,776
103799,2024-07-18,店舗2,商品04,3,194,582
104114,2024-07-18,店舗2,商品09,4,172,688
104373,2024-07-18,店舗2,商品05,2,194,388
104567,2024-07-18,店舗2,商品07,3,172,516
104567,2024-07-18,店舗2,商品07,2,172,344
105206,2024-07-18,店舗2,商品07,2,172,344
105745,2024-07-18,店舗2,商品09,2,172,344
101210,2024-07-19,店舗1,商品12,12,194,2328
101719,2024-07-19,店舗1,商品12,3,194,582
101719,2024-07-19,店舗1,商品12,2,194,388
102869,2024-07-19,店舗1,商品10,3,194,582
103050,2024-07-19,店舗1,商品12,5,194,970
103881,2024-07-19,店舗1,商品12,5,194,970
104042,2024-07-19,店舗1,商品12,5,194,970
105953,2024-07-19,店舗1,商品12,3,194,582
100754,2024-07-19,店舗2,商品07,3,172,516
100929,2024-07-19,店舗2,商品09,2,172,344
101202,2024-07-19,店舗2,商品09,2,172,344
101301,2024-07-19,店舗2,商品09,4,172,688
101633,2024-07-19,店舗2,商品10,5,194,970
101731,2024-07-19,店舗2,商品07,3,172,516
102469,2024-07-19,店舗2,商品05,5,194,970
102997,2024-07-19,店舗2,商品05,2,194,388
103265,2024-07-19,店舗2,商品01,2,172,344
103265,2024-07-19,店舗2,商品01,3,172,516
104017,2024-07-19,店舗2,商品08,1,194,194
105556,2024-07-19,店舗2,商品07,3,172,516
105704,2024-07-19,店舗2,商品07,2,172,344
105704,2024-07-19,店舗2,商品07,1,172,172
100297,2024-07-20,店舗1,商品12,5,194,970
100939,2024-07-20,店舗1,商品07,4,172,688
101475,2024-07-20,店舗1,商品12,4,194,776
102131,2024-07-20,店舗1,商品07,2,172,344
102131,2024-07-20,店舗1,商品07,5,172,860
102131,2024-07-20,店舗1,商品07,3,172,516
102131,2024-07-20,店舗1,商品12,6,194,1164
102131,2024-07-20,店舗1,商品12,4,194,776
102131,2024-07-20,店舗1,商品12,3,194,582
103361,2024-07-20,店舗1,商品12,4,194,776
103751,2024-07-20,店舗1,商品12,6,194,1164
103751,2024-07-20,店舗1,商品12,5,194,970
103833,2024-07-20,店舗1,商品12,4,194,776
103854,2024-07-20,店舗1,商品12,6,194,1164
104202,2024-07-20,店舗1,商品10,2,194,388
104202,2024-07-20,店舗1,商品12,6,194,1164
104815,2024-07-20,店舗1,商品12,4,194,776
104867,2024-07-20,店舗1,商品10,6,194,1164
104867,2024-07-20,店舗1,商品12,4,194,776
104933,2024-07-20,店舗1,商品12,7,194,1358
104942,2024-07-20,店舗1,商品12,5,194,970
105095,2024-07-20,店舗1,商品12,4,194,776
105541,2024-07-20,店舗1,商品12,3,194,582
105553,2024-07-20,店舗1,商品12,4,194,776
105629,2024-07-20,店舗1,商品12,5,194,970
102315,2024-07-20,店舗2,商品07,3,172,516
103211,2024-07-20,店舗2,商品01,3,172,516
104748,2024-07-20,店舗2,商品04,3,194,582
105444,2024-07-20,店舗2,商品09,1,172,172
100784,2024-07-21,店舗1,商品12,9,194,1746
101289,2024-07-21,店舗1,商品12,5,194,970
101659,2024-07-21,店舗1,商品12,8,194,1552
101687,2024-07-21,店舗1,商品12,2,194,388
102393,2024-07-21,店舗1,商品12,4,194,776
102393,2024-07-21,店舗1,商品12,3,194,582
102786,2024-07-21,店舗1,商品12,7,194,1358
103192,2024-07-21,店舗1,商品12,6,194,1164
103303,2024-07-21,店舗1,商品12,6,194,1164
103303,2024-07-21,店舗1,商品12,3,194,582
103352,2024-07-21,店舗1,商品09,5,172,860
103352,2024-07-21,店舗1,商品09,3,172,516
103366,2024-07-21,店舗1,商品12,5,194,970
103394,2024-07-21,店舗1,商品12,4,194,776
104066,2024-07-21,店舗1,商品12,3,194,582
104068,2024-07-21,店舗1,商品12,5,194,970
104293,2024-07-21,店舗1,商品12,4,194,776
104293,2024-07-21,店舗1,商品12,5,194,970
105102,2024-07-21,店舗1,商品12,9,194,1746
105747,2024-07-21,店舗1,商品12,9,194,1746
102675,2024-07-21,店舗2,商品01,3,172,516
104194,2024-07-21,店舗2,商品07,1,172,172
105477,2024-07-21,店舗2,商品09,2,172,344
100281,2024-07-22,店舗1,商品12,5,194,970
100711,2024-07-22,店舗1,商品12,4,194,776
102696,2024-07-22,店舗1,商品12,4,194,776
102696,2024-07-22,店舗1,商品12,2,194,388
103132,2024-07-22,店舗1,商品12,6,194,1164
104721,2024-07-22,店舗1,商品12,4,194,776
100736,2024-07-22,店舗2,商品09,2,172,344
101017,2024-07-22,店舗2,商品08,4,194,776
102030,2024-07-22,店舗2,商品09,3,172,516
102663,2024-07-22,店舗2,商品07,3,172,516
103038,2024-07-22,店舗2,商品09,3,172,516
103039,2024-07-22,店舗2,商品09,2,172,344
104293,2024-07-22,店舗2,商品09,4,172,688
104823,2024-07-22,店舗2,商品05,3,194,582
104823,2024-07-22,店舗2,商品05,2,194,388
105154,2024-07-22,店舗2,商品09,2,172,344
105298,2024-07-22,店舗2,商品07,3,172,516
105778,2024-07-22,店舗2,商品06,2,194,388
101349,2024-07-23,店舗1,商品12,4,194,776
103403,2024-07-23,店舗1,商品12,4,194,776
104525,2024-07-23,店舗1,商品12,4,194,776
105245,2024-07-23,店舗1,商品12,4,194,776
105342,2024-07-23,店舗1,商品12,8,194,1552
100575,2024-07-23,店舗2,商品09,2,172,344
100956,2024-07-23,店舗2,商品08,3,194,582
101855,2024-07-23,店舗2,商品07,3,172,516
102030,2024-07-23,店舗2,商品09,5,172,860
102382,2024-07-23,店舗2,商品08,4,194,776
103421,2024-07-23,店舗2,商品09,2,172,344
103881,2024-07-23,店舗2,商品09,2,172,344
103881,2024-07-23,店舗2,商品09,2,172,344
103892,2024-07-23,店舗2,商品08,3,194,582
105260,2024-07-23,店舗2,商品09,3,172,516
105598,2024-07-23,店舗2,商品09,3,172,516
105882,2024-07-23,店舗2,商品09,2,172,344
102052,2024-07-24,店舗1,商品12,4,194,776
102668,2024-07-24,店舗1,商品12,4,194,776
104129,2024-07-24,店舗1,商品04,6,194,1164
104312,2024-07-24,店舗1,商品12,4,194,776
105142,2024-07-24,店舗1,商品12,6,194,1164
105549,2024-07-24,店舗1,商品12,3,194,582
100162,2024-07-24,店舗2,商品04,1,194,194
100162,2024-07-24,店舗2,商品09,1,172,172
100780,2024-07-24,店舗2,商品09,1,172,172
101153,2024-07-24,店舗2,商品04,2,194,388
101153,2024-07-24,店舗2,商品04,1,194,194
102245,2024-07-24,店舗2,商品07,2,172,344
102245,2024-07-24,店舗2,商品07,1,172,172
102245,2024-07-24,店舗2,商品07,2,172,344
102245,2024-07-24,店舗2,商品07,1,172,172
102245,2024-07-24,店舗2,商品07,3,172,516
102245,2024-07-24,店舗2,商品07,1,172,172
102245,2024-07-24,店舗2,商品07,1,172,172
102245,2024-07-24,店舗2,商品07,1,172,172
102245,2024-07-24,店舗2,商品07,1,172,172
102245,2024-07-24,店舗2,商品09,1,172,172
102245,2024-07-24,店舗2,商品09,2,172,344
102397,2024-07-24,店舗2,商品09,1,172,172
102976,2024-07-24,店舗2,商品05,1,194,194
103948,2024-07-24,店舗2,商品07,1,172,172
103948,2024-07-24,店舗2,商品09,1,172,172
104220,2024-07-24,店舗2,商品05,1,194,194
104220,2024-07-24,店舗2,商品05,2,194,388
105128,2024-07-24,店舗2,商品07,1,172,172
105747,2024-07-24,店舗2,商品08,1,194,194
105978,2024-07-24,店舗2,商品05,1,194,194
105978,2024-07-24,店舗2,商品05,2,194,388
105978,2024-07-24,店舗2,商品05,1,194,194
100685,2024-07-25,店舗1,商品12,5,194,970
102924,2024-07-25,店舗1,商品12,6,194,1164
103425,2024-07-25,店舗1,商品12,2,194,388
103496,2024-07-25,店舗1,商品12,3,194,582
105740,2024-07-25,店舗1,商品10,2,194,388
105816,2024-07-25,店舗1,商品12,5,194,970
105816,2024-07-25,店舗1,商品12,3,194,582
100389,2024-07-25,店舗2,商品09,2,172,344
101210,2024-07-25,店舗2,商品06,2,194,388
101403,2024-07-25,店舗2,商品09,3,172,516
102733,2024-07-25,店舗2,商品06,3,194,582
103394,2024-07-25,店舗2,商品08,3,194,582
103394,2024-07-25,店舗2,商品09,2,172,344
104257,2024-07-25,店舗2,商品07,1,172,172
104257,2024-07-25,店舗2,商品09,2,172,344
104912,2024-07-25,店舗2,商品08,4,194,776
105355,2024-07-25,店舗2,商品01,2,172,344
105368,2024-07-25,店舗2,商品09,2,172,344
105740,2024-07-25,店舗2,商品01,3,172,516
105911,2024-07-25,店舗2,商品04,3,194,582
105911,2024-07-25,店舗2,商品04,2,194,388
100449,2024-07-26,店舗1,商品12,6,194,1164
100459,2024-07-26,店舗1,商品12,2,194,388
100461,2024-07-26,店舗1,商品04,3,194,582
100461,2024-07-26,店舗1,商品09,2,172,344
100840,2024-07-26,店舗1,商品12,3,194,582
100840,2024-07-26,店舗1,商品12,5,194,970
102819,2024-07-26,店舗1,商品12,6,194,1164
103372,2024-07-26,店舗1,商品12,6,194,1164
105656,2024-07-26,店舗1,商品12,3,194,582
100058,2024-07-26,店舗2,商品01,2,172,344
100111,2024-07-26,店舗2,商品04,2,194,388
100111,2024-07-26,店舗2,商品04,2,194,388
100111,2024-07-26,店舗2,商品04,2,194,388
100111,2024-07-26,店舗2,商品04,1,194,194
100111,2024-07-26,店舗2,商品04,1,194,194
100127,2024-07-26,店舗2,商品04,2,194,388
100127,2024-07-26,店舗2,商品09,2,172,344
100127,2024-07-26,店舗2,商品09,2,172,344
100127,2024-07-26,店舗2,商品09,1,172,172
100127,2024-07-26,店舗2,商品09,2,172,344
100127,2024-07-26,店舗2,商品09,2,172,344
100570,2024-07-26,店舗2,商品01,1,172,172
101633,2024-07-26,店舗2,商品01,1,172,172
102422,2024-07-26,店舗2,商品09,2,172,344
102477,2024-07-26,店舗2,商品09,2,172,344
102485,2024-07-26,店舗2,商品06,2,194,388
103494,2024-07-26,店舗2,商品07,1,172,172
103917,2024-07-26,店舗2,商品01,1,172,172
103917,2024-07-26,店舗2,商品01,2,172,344
104492,2024-07-26,店舗2,商品07,2,172,344
105030,2024-07-26,店舗2,商品06,2,194,388
100152,2024-07-27,店舗1,商品12,8,194,1552
100850,2024-07-27,店舗1,商品12,5,194,970
100853,2024-07-27,店舗1,商品12,5,194,970
100920,2024-07-27,店舗1,商品12,8,194,1552
102291,2024-07-27,店舗1,商品12,6,194,1164
102485,2024-07-27,店舗1,商品12,12,194,2328
102922,2024-07-27,店舗1,商品12,3,194,582
103029,2024-07-27,店舗1,商品12,8,194,1552
103701,2024-07-27,店舗1,商品12,3,194,582
104079,2024-07-27,店舗1,商品12,7,194,1358
104295,2024-07-27,店舗1,商品12,4,194,776
104515,2024-07-27,店舗1,商品12,5,194,970
104515,2024-07-27,店舗1,商品12,5,194,970
104745,2024-07-27,店舗1,商品12,6,194,1164
104745,2024-07-27,店舗1,商品12,8,194,1552
105274,2024-07-27,店舗1,商品12,4,194,776
105598,2024-07-27,店舗1,商品10,10,194,1940
105641,2024-07-27,店舗1,商品12,2,194,388
101427,2024-07-27,店舗2,商品07,1,172,172
101427,2024-07-27,店舗2,商品08,2,194,388
104383,2024-07-27,店舗2,商品01,1,172,172
104383,2024-07-27,店舗2,商品01,2,172,344
104399,2024-07-27,店舗2,商品09,1,172,172
105376,2024-07-27,店舗2,商品05,1,194,194
101135,2024-07-28,店舗1,商品12,4,194,776
101471,2024-07-28,店舗1,商品12,4,194,776
102420,2024-07-28,店舗1,商品12,3,194,582
102420,2024-07-28,店舗1,商品12,6,194,1164
102826,2024-07-28,店舗1,商品12,5,194,970
102904,2024-07-28,店舗1,商品06,5,194,970
103501,2024-07-28,店舗1,商品12,5,194,970
103679,2024-07-28,店舗1,商品12,6,194,1164
104075,2024-07-28,店舗1,商品12,10,194,1940
104075,2024-07-28,店舗1,商品12,6,194,1164
104199,2024-07-28,店舗1,商品12,8,194,1552
104940,2024-07-28,店舗1,商品12,4,194,776
105109,2024-07-28,店舗1,商品12,3,194,582
105279,2024-07-28,店舗1,商品06,6,194,1164
105279,2024-07-28,店舗1,商品06,5,194,970
105279,2024-07-28,店舗1,商品12,5,194,970
105413,2024-07-28,店舗1,商品12,4,194,776
105740,2024-07-28,店舗1,商品09,3,172,516
105740,2024-07-28,店舗1,商品12,4,194,776
105740,2024-07-28,店舗1,商品12,5,194,970
105838,2024-07-28,店舗1,商品12,7,194,1358
104180,2024-07-28,店舗2,商品01,3,172,516
105010,2024-07-28,店舗2,商品01,2,172,344
105010,2024-07-28,店舗2,商品08,1,194,194
100906,2024-07-29,店舗1,商品12,5,194,970
101283,2024-07-29,店舗1,商品12,4,194,776
103193,2024-07-29,店舗1,商品12,5,194,970
104634,2024-07-29,店舗1,商品06,4,194,776
104667,2024-07-29,店舗1,商品12,6,194,1164
100234,2024-07-29,店舗2,商品07,1,172,172
100564,2024-07-29,店舗2,商品08,2,194,388
100564,2024-07-29,店舗2,商品08,2,194,388
100564,2024-07-29,店舗2,商品09,3,172,516
101017,2024-07-29,店舗2,商品04,3,194,582
101017,2024-07-29,店舗2,商品04,4,194,776
101403,2024-07-29,店舗2,商品07,3,172,516
102869,2024-07-29,店舗2,商品08,2,194,388
102974,2024-07-29,店舗2,商品09,2,172,344
103339,2024-07-29,店舗2,商品08,1,194,194
103484,2024-07-29,店舗2,商品01,2,172,344
103604,2024-07-29,店舗2,商品09,3,172,516
104880,2024-07-29,店舗2,商品09,2,172,344
100331,2024-07-30,店舗1,商品12,5,194,970
101276,2024-07-30,店舗1,商品12,3,194,582
101389,2024-07-30,店舗1,商品12,4,194,776
102045,2024-07-30,店舗1,商品12,3,194,582
102045,2024-07-30,店舗1,商品12,4,194,776
103727,2024-07-30,店舗1,商品12,3,194,582
104477,2024-07-30,店舗1,商品12,3,194,582
104477,2024-07-30,店舗1,商品12,2,194,388
100055,2024-07-30,店舗2,商品07,2,172,344
100171,2024-07-30,店舗2,商品04,2,194,388
100362,2024-07-30,店舗2,商品08,2,194,388
100501,2024-07-30,店舗2,商品08,2,194,388
100564,2024-07-30,店舗2,商品01,1,172,172
101153,2024-07-30,店舗2,商品04,1,194,194
101153,2024-07-30,店舗2,商品04,2,194,388
102988,2024-07-30,店舗2,商品09,2,172,344
103501,2024-07-30,店舗2,商品10,2,194,388
103501,2024-07-30,店舗2,商品10,1,194,194
104589,2024-07-30,店舗2,商品07,2,172,344
104803,2024-07-30,店舗2,商品05,1,194,194
104803,2024-07-30,店舗2,商品08,2,194,388
105824,2024-07-30,店舗2,商品09,2,172,344
105824,2024-07-30,店舗2,商品09,2,172,344
105824,2024-07-30,店舗2,商品09,2,172,344
105824,2024-07-30,店舗2,商品09,1,172,172
105824,2024-07-30,店舗2,商品09,1,172,172
105824,2024-07-30,店舗2,商品09,1,172,172
105824,2024-07-30,店舗2,商品09,2,172,344
101285,2024-07-31,店舗1,商品12,3,194,582
101755,2024-07-31,店舗1,商品12,3,194,582
101755,2024-07-31,店舗1,商品12,2,194,388
102363,2024-07-31,店舗1,商品12,4,194,776
102920,2024-07-31,店舗1,商品12,2,194,388
102999,2024-07-31,店舗1,商品12,4,194,776
103759,2024-07-31,店舗1,商品12,4,194,776
103759,2024-07-31,店舗1,商品12,4,194,776
103759,2024-07-31,店舗1,商品12,2,194,388
100353,2024-07-31,店舗2,商品08,2,194,388
100498,2024-07-31,店舗2,商品07,2,172,344
100498,2024-07-31,店舗2,商品09,3,172,516
100825,2024-07-31,店舗2,商品07,4,172,688
101029,2024-07-31,店舗2,商品08,2,194,388
101517,2024-07-31,店舗2,商品06,1,194,194
102800,2024-07-31,店舗2,商品09,4,172,688
103291,2024-07-31,店舗2,商品07,2,172,344
103901,2024-07-31,店舗2,商品09,2,172,344
103901,2024-07-31,店舗2,商品09,3,172,516
103976,2024-07-31,店舗2,商品06,3,194,582
104948,2024-07-31,店舗2,商品09,4,172,688
105068,2024-07-31,店舗2,商品04,2,194,388
105206,2024-07-31,店舗2,商品08,3,194,582
102433,2024-08-01,店舗1,商品12,5,194,970
102697,2024-08-01,店舗1,商品12,5,194,970
102724,2024-08-01,店舗1,商品12,4,194,776
103724,2024-08-01,店舗1,商品12,5,194,970
104867,2024-08-01,店舗1,商品10,3,194,582
105556,2024-08-01,店舗1,商品12,4,194,776
101516,2024-08-01,店舗2,商品08,3,194,582
101628,2024-08-01,店舗2,商品04,2,194,388
102279,2024-08-01,店舗2,商品05,2,194,388
102709,2024-08-01,店舗2,商品08,2,194,388
103560,2024-08-01,店舗2,商品04,5,194,970
104216,2024-08-01,店舗2,商品09,4,172,688
104258,2024-08-01,店舗2,商品05,4,194,776
104486,2024-08-01,店舗2,商品05,4,194,776
104547,2024-08-01,店舗2,商品08,3,194,582
104769,2024-08-01,店舗2,商品09,2,172,344
100533,2024-08-02,店舗1,商品12,5,194,970
102109,2024-08-02,店舗1,商品12,7,194,1358
102207,2024-08-02,店舗1,商品12,5,194,970
103269,2024-08-02,店舗1,商品12,6,194,1164
103441,2024-08-02,店舗1,商品12,6,194,1164
103950,2024-08-02,店舗1,商品12,5,194,970
104640,2024-08-02,店舗1,商品12,4,194,776
101017,2024-08-02,店舗2,商品07,3,172,516
101225,2024-08-02,店舗2,商品09,4,172,688
101824,2024-08-02,店舗2,商品07,2,172,344
101824,2024-08-02,店舗2,商品07,2,172,344
101912,2024-08-02,店舗2,商品09,3,172,516
102208,2024-08-02,店舗2,商品08,2,194,388
102479,2024-08-02,店舗2,商品07,2,172,344
102479,2024-08-02,店舗2,商品07,2,172,344
104191,2024-08-02,店舗2,商品04,2,194,388
104623,2024-08-02,店舗2,商品04,2,194,388
104646,2024-08-02,店舗2,商品09,1,172,172
104902,2024-08-02,店舗2,商品09,2,172,344
105000,2024-08-02,店舗2,商品04,3,194,582
105000,2024-08-02,店舗2,商品04,3,194,582
105000,2024-08-02,店舗2,商品09,3,172,516
105860,2024-08-02,店舗2,商品09,1,172,172
101050,2024-08-03,店舗1,商品12,4,194,776
101050,2024-08-03,店舗1,商品12,3,194,582
101781,2024-08-03,店舗1,商品12,4,194,776
101781,2024-08-03,店舗1,商品12,5,194,970
102103,2024-08-03,店舗1,商品07,2,172,344
102163,2024-08-03,店舗1,商品12,9,194,1746
102665,2024-08-03,店舗1,商品11,3,594,1782
102665,2024-08-03,店舗1,商品12,5,194,970
102869,2024-08-03,店舗1,商品10,6,194,1164
102869,2024-08-03,店舗1,商品12,5,194,970
103034,2024-08-03,店舗1,商品12,5,194,970
104017,2024-08-03,店舗1,商品12,8,194,1552
104018,2024-08-03,店舗1,商品12,4,194,776
104092,2024-08-03,店舗1,商品12,4,194,776
104092,2024-08-03,店舗1,商品12,5,194,970
104092,2024-08-03,店舗1,商品12,7,194,1358
104285,2024-08-03,店舗1,商品12,6,194,1164
104399,2024-08-03,店舗1,商品12,8,194,1552
104892,2024-08-03,店舗1,商品10,5,194,970
104997,2024-08-03,店舗1,商品12,8,194,1552
105704,2024-08-03,店舗1,商品12,5,194,970
103382,2024-08-03,店舗2,商品07,1,172,172
103669,2024-08-03,店舗2,商品05,2,194,388
104097,2024-08-03,店舗2,商品07,3,172,516
104476,2024-08-03,店舗2,商品04,2,194,388
100664,2024-08-04,店舗1,商品12,6,194,1164
100664,2024-08-04,店舗1,商品12,6,194,1164
100831,2024-08-04,店舗1,商品12,3,194,582
100831,2024-08-04,店舗1,商品12,5,194,970
100888,2024-08-04,店舗1,商品12,5,194,970
100888,2024-08-04,店舗1,商品12,6,194,1164
101212,2024-08-04,店舗1,商品12,4,194,776
101633,2024-08-04,店舗1,商品09,5,172,860
101633,2024-08-04,店舗1,商品09,6,172,1032
102295,2024-08-04,店舗1,商品12,7,194,1358
102295,2024-08-04,店舗1,商品12,5,194,970
103192,2024-08-04,店舗1,商品12,3,194,582
103349,2024-08-04,店舗1,商品12,5,194,970
103614,2024-08-04,店舗1,商品12,7,194,1358
103933,2024-08-04,店舗1,商品12,4,194,776
104026,2024-08-04,店舗1,商品12,5,194,970
104429,2024-08-04,店舗1,商品12,5,194,970
104595,2024-08-04,店舗1,商品12,3,194,582
104595,2024-08-04,店舗1,商品12,6,194,1164
105164,2024-08-04,店舗1,商品12,10,194,1940
105191,2024-08-04,店舗1,商品12,3,194,582
102675,2024-08-04,店舗2,商品05,1,194,194
102675,2024-08-04,店舗2,商品05,1,194,194
102675,2024-08-04,店舗2,商品05,1,194,194
102675,2024-08-04,店舗2,商品05,1,194,194
102675,2024-08-04,店舗2,商品05,1,194,194
102675,2024-08-04,店舗2,商品05,1,194,194
103198,2024-08-04,店舗2,商品08,1,194,194
104571,2024-08-04,店舗2,商品08,1,194,194
101074,2024-08-05,店舗1,商品12,3,194,582
101520,2024-08-05,店舗1,商品12,4,194,776
104815,2024-08-05,店舗1,商品12,4,194,776
104980,2024-08-05,店舗1,商品12,3,194,582
105576,2024-08-05,店舗1,商品12,3,194,582
105576,2024-08-05,店舗1,商品12,3,194,582
105576,2024-08-05,店舗1,商品12,3,194,582
105576,2024-08-05,店舗1,商品12,2,194,388
102845,2024-08-05,店舗2,商品08,3,194,582
102918,2024-08-05,店舗2,商品01,3,172,516
103121,2024-08-05,店舗2,商品03,1,421,421
103350,2024-08-05,店舗2,商品04,4,194,776
103355,2024-08-05,店舗2,商品07,3,172,516
103935,2024-08-05,店舗2,商品07,4,172,688
104029,2024-08-05,店舗2,商品08,4,194,776
104464,2024-08-05,店舗2,商品07,3,172,516
105323,2024-08-05,店舗2,商品01,3,172,516
105962,2024-08-05,店舗2,商品09,3,172,516
100587,2024-08-06,店舗1,商品12,7,194,1358
102933,2024-08-06,店舗1,商品12,4,194,776
103177,2024-08-06,店舗1,商品12,3,194,582
104077,2024-08-06,店舗1,商品12,2,194,388
104867,2024-08-06,店舗1,商品10,3,194,582
104976,2024-08-06,店舗1,商品12,6,194,1164
100464,2024-08-06,店舗2,商品09,3,172,516
100670,2024-08-06,店舗2,商品01,3,172,516
101157,2024-08-06,店舗2,商品04,3,194,582
101500,2024-08-06,店舗2,商品09,3,172,516
102433,2024-08-06,店舗2,商品10,5,194,970
104140,2024-08-06,店舗2,商品09,3,172,516
104574,2024-08-06,店舗2,商品08,3,194,582
105679,2024-08-06,店舗2,商品09,2,172,344
105868,2024-08-06,店舗2,商品06,3,194,582
105960,2024-08-06,店舗2,商品09,4,172,688
101587,2024-08-07,店舗1,商品12,3,194,582
101587,2024-08-07,店舗1,商品12,11,194,2134
102086,2024-08-07,店舗1,商品12,3,194,582
102618,2024-08-07,店舗1,商品12,3,194,582
103418,2024-08-07,店舗1,商品12,3,194,582
103724,2024-08-07,店舗1,商品12,2,194,388
105863,2024-08-07,店舗1,商品12,4,194,776
100226,2024-08-07,店舗2,商品04,3,194,582
100785,2024-08-07,店舗2,商品08,5,194,970
101427,2024-08-07,店舗2,商品07,3,172,516
103004,2024-08-07,店舗2,商品09,3,172,516
103199,2024-08-07,店舗2,商品05,2,194,388
103303,2024-08-07,店舗2,商品06,2,194,388
103400,2024-08-07,店舗2,商品07,3,172,516
103421,2024-08-07,店舗2,商品09,3,172,516
104561,2024-08-07,店舗2,商品09,3,172,516
105335,2024-08-07,店舗2,商品09,4,172,688
105781,2024-08-07,店舗2,商品04,2,194,388
101482,2024-08-08,店舗1,商品12,3,194,582
102552,2024-08-08,店舗1,商品12,4,194,776
102800,2024-08-08,店舗1,商品12,3,194,582
103394,2024-08-08,店舗1,商品12,4,194,776
104009,2024-08-08,店舗1,商品12,4,194,776
104009,2024-08-08,店舗1,商品12,3,194,582
104009,2024-08-08,店舗1,商品12,3,194,582
105474,2024-08-08,店舗1,商品12,4,194,776
100587,2024-08-08,店舗2,商品09,2,172,344
100957,2024-08-08,店舗2,商品09,3,172,516
101500,2024-08-08,店舗2,商品07,4,172,688
101628,2024-08-08,店舗2,商品04,3,194,582
101713,2024-08-08,店舗2,商品08,4,194,776
102184,2024-08-08,店舗2,商品09,2,172,344
102483,2024-08-08,店舗2,商品06,3,194,582
103168,2024-08-08,店舗2,商品09,3,172,516
103484,2024-08-08,店舗2,商品09,2,172,344
105658,2024-08-08,店舗2,商品08,5,194,970
100076,2024-08-09,店舗1,商品11,1,594,594
100077,2024-08-09,店舗1,商品12,4,194,776
100813,2024-08-09,店舗1,商品12,5,194,970
101659,2024-08-09,店舗1,商品12,4,194,776
102778,2024-08-09,店舗1,商品12,5,194,970
103595,2024-08-09,店舗1,商品12,4,194,776
105704,2024-08-09,店舗1,商品12,12,194,2328
105938,2024-08-09,店舗1,商品12,6,194,1164
100985,2024-08-09,店舗2,商品09,2,172,344
101110,2024-08-09,店舗2,商品07,2,172,344
102709,2024-08-09,店舗2,商品09,2,172,344
103754,2024-08-09,店舗2,商品07,3,172,516
103754,2024-08-09,店舗2,商品07,2,172,344
103754,2024-08-09,店舗2,商品08,2,194,388
104120,2024-08-09,店舗2,商品07,2,172,344
104120,2024-08-09,店舗2,商品07,2,172,344
104120,2024-08-09,店舗2,商品07,3,172,516
104253,2024-08-09,店舗2,商品08,2,194,388
104607,2024-08-09,店舗2,商品09,2,172,344
104823,2024-08-09,店舗2,商品07,2,172,344
105318,2024-08-09,店舗2,商品07,2,172,344
105622,2024-08-09,店舗2,商品07,3,172,516
105893,2024-08-09,店舗2,商品04,2,194,388
100340,2024-08-10,店舗1,商品06,7,194,1358
100920,2024-08-10,店舗1,商品12,7,194,1358
100920,2024-08-10,店舗1,商品12,8,194,1552
100988,2024-08-10,店舗1,商品12,4,194,776
101177,2024-08-10,店舗1,商品12,6,194,1164
101312,2024-08-10,店舗1,商品12,11,194,2134
101719,2024-08-10,店舗1,商品12,8,194,1552
102230,2024-08-10,店舗1,商品12,6,194,1164
102730,2024-08-10,店舗1,商品12,8,194,1552
102833,2024-08-10,店舗1,商品12,8,194,1552
103029,2024-08-10,店舗1,商品12,4,194,776
103177,2024-08-10,店舗1,商品12,4,194,776
103400,2024-08-10,店舗1,商品12,5,194,970
103412,2024-08-10,店舗1,商品12,3,194,582
103559,2024-08-10,店舗1,商品12,6,194,1164
103747,2024-08-10,店舗1,商品12,4,194,776
103881,2024-08-10,店舗1,商品01,7,172,1204
105109,2024-08-10,店舗1,商品12,9,194,1746
105109,2024-08-10,店舗1,商品12,10,194,1940
105592,2024-08-10,店舗1,商品12,5,194,970
105748,2024-08-10,店舗1,商品12,4,194,776
105762,2024-08-10,店舗1,商品12,8,194,1552
105967,2024-08-10,店舗1,商品12,8,194,1552
101029,2024-08-10,店舗2,商品08,1,194,194
102792,2024-08-10,店舗2,商品08,2,194,388
105745,2024-08-10,店舗2,商品09,2,172,344
100101,2024-08-11,店舗1,商品12,6,194,1164
100184,2024-08-11,店舗1,商品12,4,194,776
100390,2024-08-11,店舗1,商品12,4,194,776
100534,2024-08-11,店舗1,商品12,7,194,1358
100534,2024-08-11,店舗1,商品12,3,194,582
101074,2024-08-11,店舗1,商品12,4,194,776
101436,2024-08-11,店舗1,商品06,6,194,1164
101485,2024-08-11,店舗1,商品12,6,194,1164
101485,2024-08-11,店舗1,商品12,3,194,582
102437,2024-08-11,店舗1,商品12,4,194,776
102744,2024-08-11,店舗1,商品12,6,194,1164
102744,2024-08-11,店舗1,商品12,5,194,970
102744,2024-08-11,店舗1,商品12,11,194,2134
102744,2024-08-11,店舗1,商品12,6,194,1164
103082,2024-08-11,店舗1,商品12,5,194,970
103084,2024-08-11,店舗1,商品03,2,421,842
103084,2024-08-11,店舗1,商品12,8,194,1552
103115,2024-08-11,店舗1,商品10,3,194,582
103115,2024-08-11,店舗1,商品12,11,194,2134
103316,2024-08-11,店舗1,商品12,5,194,970
103556,2024-08-11,店舗1,商品12,3,194,582
104009,2024-08-11,店舗1,商品12,4,194,776
104598,2024-08-11,店舗1,商品12,3,194,582
105118,2024-08-11,店舗1,商品12,6,194,1164
105268,2024-08-11,店舗1,商品12,6,194,1164
105268,2024-08-11,店舗1,商品12,4,194,776
105268,2024-08-11,店舗1,商品12,2,194,388
105748,2024-08-11,店舗1,商品12,6,194,1164
100733,2024-08-11,店舗2,商品04,2,194,388
102940,2024-08-11,店舗2,商品07,1,172,172
100570,2024-08-12,店舗1,商品12,4,194,776
101121,2024-08-12,店舗1,商品12,4,194,776
101408,2024-08-12,店舗1,商品12,4,194,776
101454,2024-08-12,店舗1,商品12,6,194,1164
102024,2024-08-12,店舗1,商品12,6,194,1164
102279,2024-08-12,店舗1,商品04,3,194,582
102279,2024-08-12,店舗1,商品04,3,194,582
102279,2024-08-12,店舗1,商品12,5,194,970
102379,2024-08-12,店舗1,商品12,6,194,1164
102379,2024-08-12,店舗1,商品12,3,194,582
102379,2024-08-12,店舗1,商品12,11,194,2134
102920,2024-08-12,店舗1,商品12,3,194,582
103104,2024-08-12,店舗1,商品12,4,194,776
103205,2024-08-12,店舗1,商品12,4,194,776
103727,2024-08-12,店舗1,商品12,9,194,1746
103933,2024-08-12,店舗1,商品12,4,194,776
104545,2024-08-12,店舗1,商品12,7,194,1358
105102,2024-08-12,店舗1,商品12,7,194,1358
105224,2024-08-12,店舗1,商品10,3,194,582
105859,2024-08-12,店舗1,商品09,6,172,1032
101852,2024-08-12,店舗2,商品04,1,194,194
105194,2024-08-12,店舗2,商品05,3,194,582
105529,2024-08-12,店舗2,商品09,1,172,172
105706,2024-08-12,店舗2,商品06,3,194,582
102180,2024-08-13,店舗1,商品12,2,194,388
103435,2024-08-13,店舗1,商品12,3,194,582
103527,2024-08-13,店舗1,商品12,4,194,776
104220,2024-08-13,店舗1,商品07,5,172,860
104220,2024-08-13,店舗1,商品10,4,194,776
104220,2024-08-13,店舗1,商品10,3,194,582
104220,2024-08-13,店舗1,商品10,1,194,194
104347,2024-08-13,店舗1,商品12,5,194,970
104587,2024-08-13,店舗1,商品12,3,194,582
104805,2024-08-13,店舗1,商品07,3,172,516
101719,2024-08-13,店舗2,商品09,4,172,688
102757,2024-08-13,店舗2,商品04,2,194,388
102924,2024-08-13,店舗2,商品08,1,194,194
103602,2024-08-13,店舗2,商品05,1,194,194
103602,2024-08-13,店舗2,商品05,5,194,970
105549,2024-08-13,店舗2,商品08,3,194,582
105746,2024-08-13,店舗2,商品04,1,194,194
105780,2024-08-13,店舗2,商品09,1,172,172
105853,2024-08-13,店舗2,商品08,2,194,388
101482,2024-08-14,店舗1,商品12,4,194,776
103053,2024-08-14,店舗1,商品12,6,194,1164
104648,2024-08-14,店舗1,商品12,6,194,1164
104852,2024-08-14,店舗1,商品04,7,194,1358
104942,2024-08-14,店舗1,商品12,4,194,776
105097,2024-08-14,店舗1,商品12,3,194,582
105884,2024-08-14,店舗1,商品12,8,194,1552
101194,2024-08-14,店舗2,商品07,3,172,516
101194,2024-08-14,店舗2,商品07,1,172,172
101669,2024-08-14,店舗2,商品04,2,194,388
102952,2024-08-14,店舗2,商品01,3,172,516
102952,2024-08-14,店舗2,商品01,2,172,344
103142,2024-08-14,店舗2,商品06,2,194,388
103511,2024-08-14,店舗2,商品08,3,194,582
104220,2024-08-14,店舗2,商品04,2,194,388
104547,2024-08-14,店舗2,商品08,2,194,388
105747,2024-08-14,店舗2,商品04,1,194,194
101342,2024-08-15,店舗1,商品12,3,194,582
101519,2024-08-15,店舗1,商品12,3,194,582
101803,2024-08-15,店舗1,商品12,3,194,582
103272,2024-08-15,店舗1,商品07,5,172,860
103443,2024-08-15,店舗1,商品12,7,194,1358
104337,2024-08-15,店舗1,商品12,4,194,776
104337,2024-08-15,店舗1,商品12,6,194,1164
104598,2024-08-15,店舗1,商品12,2,194,388
102658,2024-08-15,店舗2,商品08,2,194,388
102908,2024-08-15,店舗2,商品08,3,194,582
103562,2024-08-15,店舗2,商品09,3,172,516
103976,2024-08-15,店舗2,商品06,2,194,388
104029,2024-08-15,店舗2,商品08,3,194,582
104249,2024-08-15,店舗2,商品04,3,194,582
104249,2024-08-15,店舗2,商品04,2,194,388
105415,2024-08-15,店舗2,商品04,1,194,194
105780,2024-08-15,店舗2,商品04,2,194,388
100511,2024-08-16,店舗1,商品12,2,194,388
100511,2024-08-16,店舗1,商品12,3,194,582
100534,2024-08-16,店舗1,商品12,3,194,582
101105,2024-08-16,店舗1,商品12,2,194,388
101303,2024-08-16,店舗1,商品12,2,194,388
101303,2024-08-16,店舗1,商品12,4,194,776
101303,2024-08-16,店舗1,商品12,4,194,776
102340,2024-08-16,店舗1,商品12,5,194,970
103404,2024-08-16,店舗1,商品12,6,194,1164
103754,2024-08-16,店舗1,商品10,2,194,388
103754,2024-08-16,店舗1,商品10,4,194,776
103754,2024-08-16,店舗1,商品11,1,594,594
103754,2024-08-16,店舗1,商品12,2,194,388
103754,2024-08-16,店舗1,商品12,4,194,776
105141,2024-08-16,店舗1,商品12,4,194,776
105933,2024-08-16,店舗1,商品12,2,194,388
100883,2024-08-16,店舗2,商品08,3,194,582
102292,2024-08-16,店舗2,商品07,2,172,344
102314,2024-08-16,店舗2,商品04,3,194,582
102979,2024-08-16,店舗2,商品04,1,194,194
103511,2024-08-16,店舗2,商品07,2,172,344
104623,2024-08-16,店舗2,商品04,2,194,388
105420,2024-08-16,店舗2,商品07,3,172,516
105552,2024-08-16,店舗2,商品06,3,194,582
105552,2024-08-16,店舗2,商品06,2,194,388
105552,2024-08-16,店舗2,商品06,2,194,388
100113,2024-08-17,店舗1,商品12,5,194,970
100475,2024-08-17,店舗1,商品12,7,194,1358
100920,2024-08-17,店舗1,商品12,6,194,1164
101247,2024-08-17,店舗1,商品12,9,194,1746
101904,2024-08-17,店舗1,商品12,8,194,1552
102119,2024-08-17,店舗1,商品12,5,194,970
102437,2024-08-17,店舗1,商品12,5,194,970
103269,2024-08-17,店舗1,商品12,7,194,1358
103394,2024-08-17,店舗1,商品12,2,194,388
104009,2024-08-17,店舗1,商品06,4,194,776
104100,2024-08-17,店舗1,商品12,6,194,1164
104197,2024-08-17,店舗1,商品12,10,194,1940
104374,2024-08-17,店舗1,商品12,5,194,970
104575,2024-08-17,店舗1,商品12,5,194,970
104581,2024-08-17,店舗1,商品12,7,194,1358
104581,2024-08-17,店舗1,商品12,3,194,582
104640,2024-08-17,店舗1,商品12,5,194,970
104640,2024-08-17,店舗1,商品12,7,194,1358
104971,2024-08-17,店舗1,商品12,5,194,970
105206,2024-08-17,店舗1,商品12,9,194,1746
105395,2024-08-17,店舗1,商品07,10,172,1720
105395,2024-08-17,店舗1,商品12,4,194,776
105576,2024-08-17,店舗1,商品12,7,194,1358
101608,2024-08-17,店舗2,商品09,2,172,344
103754,2024-08-17,店舗2,商品08,1,194,194
105461,2024-08-17,店舗2,商品09,2,172,344
100643,2024-08-18,店舗1,商品12,8,194,1552
100725,2024-08-18,店舗1,商品12,5,194,970
100735,2024-08-18,店舗1,商品12,4,194,776
100735,2024-08-18,店舗1,商品12,7,194,1358
101213,2024-08-18,店舗1,商品12,7,194,1358
102235,2024-08-18,店舗1,商品12,6,194,1164
102417,2024-08-18,店舗1,商品12,7,194,1358
102513,2024-08-18,店舗1,商品12,6,194,1164
102841,2024-08-18,店舗1,商品12,6,194,1164
103120,2024-08-18,店舗1,商品09,6,172,1032
103436,2024-08-18,店舗1,商品12,4,194,776
103949,2024-08-18,店舗1,商品12,6,194,1164
104054,2024-08-18,店舗1,商品12,11,194,2134
104295,2024-08-18,店舗1,商品12,12,194,2328
104314,2024-08-18,店舗1,商品12,6,194,1164
104954,2024-08-18,店舗1,商品12,8,194,1552
105097,2024-08-18,店舗1,商品12,3,194,582
105740,2024-08-18,店舗1,商品11,1,594,594
105863,2024-08-18,店舗1,商品12,8,194,1552
101713,2024-08-18,店舗2,商品08,2,194,388
101820,2024-08-18,店舗2,商品08,2,194,388
101263,2024-08-19,店舗1,商品06,5,194,970
101699,2024-08-19,店舗1,商品12,7,194,1358
102143,2024-08-19,店舗1,商品12,2,194,388
102618,2024-08-19,店舗1,商品12,7,194,1358
102881,2024-08-19,店舗1,商品12,2,194,388
104071,2024-08-19,店舗1,商品12,3,194,582
100184,2024-08-19,店舗2,商品09,1,172,172
101731,2024-08-19,店舗2,商品07,2,172,344
101997,2024-08-19,店舗2,商品09,2,172,344
102581,2024-08-19,店舗2,商品09,2,172,344
102581,2024-08-19,店舗2,商品09,2,172,344
102900,2024-08-19,店舗2,商品07,1,172,172
102900,2024-08-19,店舗2,商品07,1,172,172
103168,2024-08-19,店舗2,商品01,2,172,344
103720,2024-08-19,店舗2,商品09,4,172,688
104344,2024-08-19,店舗2,商品07,2,172,344
104344,2024-08-19,店舗2,商品08,2,194,388
104344,2024-08-19,店舗2,商品08,2,194,388
104344,2024-08-19,店舗2,商品08,2,194,388
104344,2024-08-19,店舗2,商品08,2,194,388
104622,2024-08-19,店舗2,商品08,1,194,194
104623,2024-08-19,店舗2,商品04,1,194,194
100726,2024-08-20,店舗1,商品12,4,194,776
101433,2024-08-20,店舗1,商品11,2,594,1188
103396,2024-08-20,店舗1,商品12,7,194,1358
105439,2024-08-20,店舗1,商品12,6,194,1164
105498,2024-08-20,店舗1,商品12,5,194,970
105916,2024-08-20,店舗1,商品12,3,194,582
100220,2024-08-20,店舗2,商品04,4,194,776
100929,2024-08-20,店舗2,商品07,2,172,344
101687,2024-08-20,店舗2,商品09,3,172,516
102065,2024-08-20,店舗2,商品09,4,172,688
102138,2024-08-20,店舗2,商品04,4,194,776
102229,2024-08-20,店舗2,商品01,3,172,516
102460,2024-08-20,店舗2,商品09,3,172,516
103091,2024-08-20,店舗2,商品07,4,172,688
104030,2024-08-20,店舗2,商品07,1,172,172
104426,2024-08-20,店舗2,商品09,3,172,516
101261,2024-08-21,店舗1,商品12,3,194,582
101568,2024-08-21,店舗1,商品12,4,194,776
102217,2024-08-21,店舗1,商品12,5,194,970
102217,2024-08-21,店舗1,商品12,3,194,582
102279,2024-08-21,店舗1,商品09,3,172,516
103400,2024-08-21,店舗1,商品12,6,194,1164
103400,2024-08-21,店舗1,商品12,3,194,582
103933,2024-08-21,店舗1,商品12,4,194,776
100579,2024-08-21,店舗2,商品07,4,172,688
101427,2024-08-21,店舗2,商品04,4,194,776
102371,2024-08-21,店舗2,商品04,3,194,582
103010,2024-08-21,店舗2,商品04,2,194,388
103010,2024-08-21,店舗2,商品04,2,194,388
103025,2024-08-21,店舗2,商品09,2,172,344
103025,2024-08-21,店舗2,商品09,2,172,344
103025,2024-08-21,店舗2,商品09,2,172,344
103168,2024-08-21,店舗2,商品07,1,172,172
103316,2024-08-21,店舗2,商品04,1,194,194
104977,2024-08-21,店舗2,商品07,3,172,516
105768,2024-08-21,店舗2,商品09,3,172,516
105780,2024-08-21,店舗2,商品09,2,172,344
100012,2024-08-22,店舗1,商品12,4,194,776
103141,2024-08-22,店舗1,商品12,3,194,582
103141,2024-08-22,店舗1,商品12,2,194,388
103372,2024-08-22,店舗1,商品12,4,194,776
104314,2024-08-22,店舗1,商品10,4,194,776
105422,2024-08-22,店舗1,商品12,5,194,970
105461,2024-08-22,店舗1,商品12,5,194,970
100487,2024-08-22,店舗2,商品09,1,172,172
100487,2024-08-22,店舗2,商品09,1,172,172
100487,2024-08-22,店舗2,商品09,2,172,344
100709,2024-08-22,店舗2,商品07,2,172,344
100709,2024-08-22,店舗2,商品07,2,172,344
100709,2024-08-22,店舗2,商品07,1,172,172
101116,2024-08-22,店舗2,商品09,3,172,516
101263,2024-08-22,店舗2,商品09,1,172,172
101263,2024-08-22,店舗2,商品09,1,172,172
101263,2024-08-22,店舗2,商品09,1,172,172
103352,2024-08-22,店舗2,商品08,4,194,776
103532,2024-08-22,店舗2,商品09,2,172,344
104293,2024-08-22,店舗2,商品05,3,194,582
104525,2024-08-22,店舗2,商品08,2,194,388
104802,2024-08-22,店舗2,商品07,2,172,344
105762,2024-08-22,店舗2,商品07,1,172,172
100731,2024-08-23,店舗1,商品12,3,194,582
103084,2024-08-23,店舗1,商品07,6,172,1032
103084,2024-08-23,店舗1,商品07,4,172,688
103084,2024-08-23,店舗1,商品07,2,172,344
103701,2024-08-23,店舗1,商品12,5,194,970
103850,2024-08-23,店舗1,商品12,2,194,388
103850,2024-08-23,店舗1,商品12,6,194,1164
104097,2024-08-23,店舗1,商品12,3,194,582
104285,2024-08-23,店舗1,商品12,5,194,970
104523,2024-08-23,店舗1,商品12,3,194,582
104746,2024-08-23,店舗1,商品12,3,194,582
100578,2024-08-23,店舗2,商品06,3,194,582
101781,2024-08-23,店舗2,商品07,5,172,860
101781,2024-08-23,店舗2,商品07,2,172,344
102213,2024-08-23,店舗2,商品01,2,172,344
102931,2024-08-23,店舗2,商品08,3,194,582
102931,2024-08-23,店舗2,商品08,5,194,970
103705,2024-08-23,店舗2,商品01,3,172,516
103815,2024-08-23,店舗2,商品07,2,172,344
104506,2024-08-23,店舗2,商品07,2,172,344
104978,2024-08-23,店舗2,商品09,2,172,344
105740,2024-08-23,店舗2,商品08,2,194,388
105778,2024-08-23,店舗2,商品06,3,194,582
105935,2024-08-23,店舗2,商品04,2,194,388
100184,2024-08-24,店舗1,商品12,4,194,776
100184,2024-08-24,店舗1,商品12,4,194,776
100212,2024-08-24,店舗1,商品12,4,194,776
100234,2024-08-24,店舗1,商品12,4,194,776
100735,2024-08-24,店舗1,商品12,5,194,970
101105,2024-08-24,店舗1,商品12,4,194,776
101105,2024-08-24,店舗1,商品12,3,194,582
101105,2024-08-24,店舗1,商品12,8,194,1552
102119,2024-08-24,店舗1,商品12,5,194,970
102918,2024-08-24,店舗1,商品12,6,194,1164
102952,2024-08-24,店舗1,商品12,4,194,776
102990,2024-08-24,店舗1,商品12,4,194,776
103250,2024-08-24,店舗1,商品07,4,172,688
103522,2024-08-24,店舗1,商品12,6,194,1164
103667,2024-08-24,店舗1,商品12,6,194,1164
103667,2024-08-24,店舗1,商品12,4,194,776
103667,2024-08-24,店舗1,商品12,8,194,1552
104200,2024-08-24,店舗1,商品12,7,194,1358
104220,2024-08-24,店舗1,商品11,1,594,594
104220,2024-08-24,店舗1,商品11,1,594,594
104337,2024-08-24,店舗1,商品12,4,194,776
105396,2024-08-24,店舗1,商品12,10,194,1940
105396,2024-08-24,店舗1,商品12,3,194,582
105521,2024-08-24,店舗1,商品12,2,194,388
105521,2024-08-24,店舗1,商品12,6,194,1164
103394,2024-08-24,店舗2,商品07,1,172,172
103820,2024-08-24,店舗2,商品08,1,194,194
103917,2024-08-24,店舗2,商品09,1,172,172
103917,2024-08-24,店舗2,商品09,2,172,344
103917,2024-08-24,店舗2,商品09,1,172,172
103917,2024-08-24,店舗2,商品09,1,172,172
103923,2024-08-24,店舗2,商品07,1,172,172
103923,2024-08-24,店舗2,商品07,1,172,172
100071,2024-08-25,店舗1,商品12,4,194,776
101460,2024-08-25,店舗1,商品12,4,194,776
102045,2024-08-25,店舗1,商品12,4,194,776
102045,2024-08-25,店舗1,商品12,8,194,1552
103090,2024-08-25,店舗1,商品12,10,194,1940
103162,2024-08-25,店舗1,商品12,6,194,1164
103437,2024-08-25,店舗1,商品11,2,594,1188
103437,2024-08-25,店舗1,商品11,1,594,594
103437,2024-08-25,店舗1,商品11,2,594,1188
103476,2024-08-25,店舗1,商品12,6,194,1164
103476,2024-08-25,店舗1,商品12,5,194,970
104997,2024-08-25,店舗1,商品12,4,194,776
105033,2024-08-25,店舗1,商品01,8,172,1376
105135,2024-08-25,店舗1,商品12,3,194,582
105468,2024-08-25,店舗1,商品12,5,194,970
105495,2024-08-25,店舗1,商品12,13,194,2522
105498,2024-08-25,店舗1,商品12,5,194,970
105668,2024-08-25,店舗1,商品12,5,194,970
105740,2024-08-25,店舗1,商品10,4,194,776
105740,2024-08-25,店舗1,商品10,5,194,970
105816,2024-08-25,店舗1,商品12,6,194,1164
100731,2024-08-25,店舗2,商品04,1,194,194
101902,2024-08-25,店舗2,商品09,1,172,172
101902,2024-08-25,店舗2,商品09,2,172,344
105318,2024-08-25,店舗2,商品07,1,172,172
101606,2024-08-26,店舗1,商品12,4,194,776
103050,2024-08-26,店舗1,商品12,5,194,970
103295,2024-08-26,店舗1,商品06,3,194,582
103503,2024-08-26,店舗1,商品12,2,194,388
104371,2024-08-26,店舗1,商品12,6,194,1164
105868,2024-08-26,店舗1,商品07,5,172,860
100029,2024-08-26,店舗2,商品07,1,172,172
100845,2024-08-26,店舗2,商品09,2,172,344
100845,2024-08-26,店舗2,商品09,3,172,516
101427,2024-08-26,店舗2,商品08,3,194,582
101446,2024-08-26,店舗2,商品07,2,172,344
102513,2024-08-26,店舗2,商品07,6,172,1032
103039,2024-08-26,店舗2,商品09,2,172,344
103115,2024-08-26,店舗2,商品07,4,172,688
104156,2024-08-26,店舗2,商品08,2,194,388
104852,2024-08-26,店舗2,商品08,2,194,388
104942,2024-08-26,店舗2,商品09,2,172,344
105508,2024-08-26,店舗2,商品08,3,194,582
100037,2024-08-27,店舗1,商品12,5,194,970
100731,2024-08-27,店舗1,商品12,5,194,970
102524,2024-08-27,店舗1,商品12,4,194,776
102530,2024-08-27,店舗1,商品12,4,194,776
105222,2024-08-27,店舗1,商品12,5,194,970
105893,2024-08-27,店舗1,商品12,5,194,970
100308,2024-08-27,店舗2,商品08,3,194,582
101136,2024-08-27,店舗2,商品07,3,172,516
102217,2024-08-27,店舗2,商品06,3,194,582
102217,2024-08-27,店舗2,商品06,2,194,388
102636,2024-08-27,店舗2,商品03,1,421,421
103261,2024-08-27,店舗2,商品09,2,172,344
103261,2024-08-27,店舗2,商品09,2,172,344
103369,2024-08-27,店舗2,商品09,2,172,344
104029,2024-08-27,店舗2,商品01,4,172,688
104121,2024-08-27,店舗2,商品08,2,194,388
104948,2024-08-27,店舗2,商品09,3,172,516
105005,2024-08-27,店舗2,商品09,1,172,172
105005,2024-08-27,店舗2,商品09,2,172,344
105109,2024-08-27,店舗2,商品07,3,172,516
105109,2024-08-27,店舗2,商品09,2,172,344
100977,2024-08-28,店舗1,商品12,5,194,970
103082,2024-08-28,店舗1,商品12,2,194,388
103082,2024-08-28,店舗1,商品12,5,194,970
103157,2024-08-28,店舗1,商品12,4,194,776
103265,2024-08-28,店舗1,商品11,1,594,594
103265,2024-08-28,店舗1,商品12,6,194,1164
104826,2024-08-28,店舗1,商品12,3,194,582
105232,2024-08-28,店舗1,商品12,3,194,582
100610,2024-08-28,店舗2,商品06,3,194,582
100610,2024-08-28,店舗2,商品06,1,194,194
100768,2024-08-28,店舗2,商品09,1,172,172
100957,2024-08-28,店舗2,商品01,3,172,516
102845,2024-08-28,店舗2,商品07,2,172,344
103025,2024-08-28,店舗2,商品07,2,172,344
104066,2024-08-28,店舗2,商品04,2,194,388
104194,2024-08-28,店舗2,商品09,2,172,344
104194,2024-08-28,店舗2,商品09,2,172,344
104194,2024-08-28,店舗2,商品09,2,172,344
104194,2024-08-28,店舗2,商品09,1,172,172
104194,2024-08-28,店舗2,商品09,2,172,344
104194,2024-08-28,店舗2,商品09,2,172,344
104194,2024-08-28,店舗2,商品09,2,172,344
104797,2024-08-28,店舗2,商品08,1,194,194
104797,2024-08-28,店舗2,商品10,3,194,582
104853,2024-08-28,店舗2,商品05,1,194,194
105389,2024-08-28,店舗2,商品07,2,172,344
105796,2024-08-28,店舗2,商品01,2,172,344
105944,2024-08-28,店舗2,商品04,1,194,194
101105,2024-08-29,店舗1,商品12,4,194,776
101105,2024-08-29,店舗1,商品12,6,194,1164
101105,2024-08-29,店舗1,商品12,2,194,388
101105,2024-08-29,店舗1,商品12,3,194,582
101392,2024-08-29,店舗1,商品12,2,194,388
102117,2024-08-29,店舗1,商品12,2,194,388
103174,2024-08-29,店舗1,商品12,3,194,582
103230,2024-08-29,店舗1,商品12,3,194,582
103385,2024-08-29,店舗1,商品09,6,172,1032
100030,2024-08-29,店舗2,商品07,2,172,344
100780,2024-08-29,店舗2,商品09,2,172,344
100780,2024-08-29,店舗2,商品09,4,172,688
100898,2024-08-29,店舗2,商品06,2,194,388
101301,2024-08-29,店舗2,商品09,3,172,516
101427,2024-08-29,店舗2,商品08,4,194,776
101825,2024-08-29,店舗2,商品01,2,172,344
101985,2024-08-29,店舗2,商品04,3,194,582
102010,2024-08-29,店舗2,商品05,2,194,388
102010,2024-08-29,店舗2,商品05,2,194,388
102477,2024-08-29,店舗2,商品01,2,172,344
102477,2024-08-29,店舗2,商品01,3,172,516
102695,2024-08-29,店舗2,商品09,2,172,344
102979,2024-08-29,店舗2,商品04,2,194,388
100280,2024-08-30,店舗1,商品12,8,194,1552
100784,2024-08-30,店舗1,商品12,4,194,776
100985,2024-08-30,店舗1,商品12,7,194,1358
101401,2024-08-30,店舗1,商品12,4,194,776
101568,2024-08-30,店舗1,商品12,5,194,970
104253,2024-08-30,店舗1,商品12,4,194,776
104253,2024-08-30,店舗1,商品12,4,194,776
104477,2024-08-30,店舗1,商品12,3,194,582
104548,2024-08-30,店舗1,商品12,2,194,388
100101,2024-08-30,店舗2,商品08,5,194,970
100101,2024-08-30,店舗2,商品08,3,194,582
101171,2024-08-30,店舗2,商品08,2,194,388
101582,2024-08-30,店舗2,商品07,2,172,344
101687,2024-08-30,店舗2,商品09,3,172,516
102675,2024-08-30,店舗2,商品06,2,194,388
103730,2024-08-30,店舗2,商品07,3,172,516
104009,2024-08-30,店舗2,商品01,2,172,344
105102,2024-08-30,店舗2,商品09,3,172,516
105137,2024-08-30,店舗2,商品09,4,172,688
105379,2024-08-30,店舗2,商品07,2,172,344
105498,2024-08-30,店舗2,商品04,4,194,776
105629,2024-08-30,店舗2,商品05,4,194,776
100360,2024-08-31,店舗1,商品07,5,172,860
100570,2024-08-31,店舗1,商品12,7,194,1358
100682,2024-08-31,店舗1,商品12,6,194,1164
101099,2024-08-31,店舗1,商品12,9,194,1746
102447,2024-08-31,店舗1,商品12,3,194,582
102534,2024-08-31,店舗1,商品12,7,194,1358
102748,2024-08-31,店舗1,商品12,3,194,582
103049,2024-08-31,店舗1,商品12,7,194,1358
103049,2024-08-31,店舗1,商品12,4,194,776
103596,2024-08-31,店舗1,商品12,7,194,1358
104424,2024-08-31,店舗1,商品12,3,194,582
104547,2024-08-31,店舗1,商品12,2,194,388
104582,2024-08-31,店舗1,商品12,4,194,776
104598,2024-08-31,店舗1,商品12,6,194,1164
104892,2024-08-31,店舗1,商品12,4,194,776
105055,2024-08-31,店舗1,商品12,5,194,970
105055,2024-08-31,店舗1,商品12,5,194,970
105055,2024-08-31,店舗1,商品12,6,194,1164
105395,2024-08-31,店舗1,商品12,5,194,970
105395,2024-08-31,店舗1,商品12,7,194,1358
105395,2024-08-31,店舗1,商品12,5,194,970
105395,2024-08-31,店舗1,商品12,8,194,1552
105704,2024-08-31,店舗1,商品12,4,194,776
101212,2024-08-31,店舗2,商品04,2,194,388
103174,2024-08-31,店舗2,商品04,2,194,388
105143,2024-08-31,店舗2,商品08,3,194,582
105925,2024-08-31,店舗2,商品07,2,172,344
100217,2024-09-01,店舗1,商品12,16,194,3104
100685,2024-09-01,店舗1,商品12,7,194,1358
100850,2024-09-01,店舗1,商品12,4,194,776
100966,2024-09-01,店舗1,商品03,1,421,421
100966,2024-09-01,店舗1,商品03,1,421,421
100989,2024-09-01,店舗1,商品12,4,194,776
101050,2024-09-01,店舗1,商品12,4,194,776
101050,2024-09-01,店舗1,商品12,4,194,776
101603,2024-09-01,店舗1,商品12,5,194,970
101649,2024-09-01,店舗1,商品12,5,194,970
101666,2024-09-01,店舗1,商品12,9,194,1746
101998,2024-09-01,店舗1,商品12,5,194,970
101998,2024-09-01,店舗1,商品12,6,194,1164
102437,2024-09-01,店舗1,商品12,4,194,776
103317,2024-09-01,店舗1,商品12,8,194,1552
103743,2024-09-01,店舗1,商品12,3,194,582
104396,2024-09-01,店舗1,商品12,3,194,582
104396,2024-09-01,店舗1,商品12,11,194,2134
104976,2024-09-01,店舗1,商品12,3,194,582
105059,2024-09-01,店舗1,商品12,3,194,582
101382,2024-09-01,店舗2,商品01,1,172,172
102135,2024-09-01,店舗2,商品04,2,194,388
102135,2024-09-01,店舗2,商品06,2,194,388
103402,2024-09-01,店舗2,商品07,1,172,172
100501,2024-09-02,店舗1,商品12,2,194,388
100568,2024-09-02,店舗1,商品12,4,194,776
100929,2024-09-02,店舗1,商品12,4,194,776
103444,2024-09-02,店舗1,商品12,4,194,776
103444,2024-09-02,店舗1,商品12,5,194,970
104197,2024-09-02,店舗1,商品12,3,194,582
104197,2024-09-02,店舗1,商品12,3,194,582
104708,2024-09-02,店舗1,商品12,2,194,388
100017,2024-09-02,店舗2,商品05,1,194,194
100587,2024-09-02,店舗2,商品07,4,172,688
101443,2024-09-02,店舗2,商品09,3,172,516
102303,2024-09-02,店舗2,商品07,2,172,344
102303,2024-09-02,店舗2,商品07,3,172,516
103129,2024-09-02,店舗2,商品07,2,172,344
103192,2024-09-02,店舗2,商品07,4,172,688
103560,2024-09-02,店舗2,商品04,4,194,776
103689,2024-09-02,店舗2,商品04,3,194,582
104028,2024-09-02,店舗2,商品09,3,172,516
105212,2024-09-02,店舗2,商品09,3,172,516
105960,2024-09-02,店舗2,商品09,2,172,344
100640,2024-09-03,店舗1,商品12,2,194,388
101460,2024-09-03,店舗1,商品12,1,194,194
102379,2024-09-03,店舗1,商品12,2,194,388
102665,2024-09-03,店舗1,商品12,4,194,776
102794,2024-09-03,店舗1,商品07,3,172,516
102794,2024-09-03,店舗1,商品07,1,172,172
102794,2024-09-03,店舗1,商品07,1,172,172
102794,2024-09-03,店舗1,商品07,4,172,688
102794,2024-09-03,店舗1,商品07,3,172,516
104120,2024-09-03,店舗1,商品07,2,172,344
104120,2024-09-03,店舗1,商品07,3,172,516
104120,2024-09-03,店舗1,商品07,2,172,344
100533,2024-09-03,店舗2,商品08,3,194,582
101214,2024-09-03,店舗2,商品08,2,194,388
101786,2024-09-03,店舗2,商品08,2,194,388
101970,2024-09-03,店舗2,商品08,1,194,194
101970,2024-09-03,店舗2,商品10,2,194,388
102936,2024-09-03,店舗2,商品08,2,194,388
102936,2024-09-03,店舗2,商品08,2,194,388
102958,2024-09-03,店舗2,商品09,3,172,516
103183,2024-09-03,店舗2,商品06,2,194,388
103557,2024-09-03,店舗2,商品09,3,172,516
103557,2024-09-03,店舗2,商品09,3,172,516
104667,2024-09-03,店舗2,商品09,3,172,516
104738,2024-09-03,店舗2,商品09,1,172,172
105755,2024-09-03,店舗2,商品03,2,421,842
105755,2024-09-03,店舗2,商品07,3,172,516
100876,2024-09-04,店舗1,商品12,4,194,776
101737,2024-09-04,店舗1,商品12,4,194,776
102869,2024-09-04,店舗1,商品11,2,594,1188
103484,2024-09-04,店舗1,商品12,5,194,970
103857,2024-09-04,店舗1,商品12,7,194,1358
104075,2024-09-04,店舗1,商品12,4,194,776
105865,2024-09-04,店舗1,商品12,8,194,1552
100600,2024-09-04,店舗2,商品07,2,172,344
101517,2024-09-04,店舗2,商品06,3,194,582
101743,2024-09-04,店舗2,商品08,2,194,388
102157,2024-09-04,店舗2,商品09,3,172,516
102245,2024-09-04,店舗2,商品10,1,194,194
102374,2024-09-04,店舗2,商品04,2,194,388
102471,2024-09-04,店舗2,商品09,4,172,688
102471,2024-09-04,店舗2,商品09,2,172,344
102471,2024-09-04,店舗2,商品09,4,172,688
102471,2024-09-04,店舗2,商品09,2,172,344
102958,2024-09-04,店舗2,商品04,1,194,194
103912,2024-09-04,店舗2,商品07,4,172,688
103939,2024-09-04,店舗2,商品09,2,172,344
104862,2024-09-04,店舗2,商品09,3,172,516
104939,2024-09-04,店舗2,商品06,2,194,388
103600,2024-09-05,店舗1,商品12,7,194,1358
103701,2024-09-05,店舗1,商品12,3,194,582
103979,2024-09-05,店舗1,商品01,6,172,1032
104225,2024-09-05,店舗1,商品05,4,194,776
105516,2024-09-05,店舗1,商品12,6,194,1164
105676,2024-09-05,店舗1,商品12,5,194,970
100243,2024-09-05,店舗2,商品01,2,172,344
101559,2024-09-05,店舗2,商品08,3,194,582
101559,2024-09-05,店舗2,商品09,4,172,688
101626,2024-09-05,店舗2,商品06,2,194,388
102430,2024-09-05,店舗2,商品08,3,194,582
103168,2024-09-05,店舗2,商品07,2,172,344
103168,2024-09-05,店舗2,商品09,3,172,516
103176,2024-09-05,店舗2,商品08,2,194,388
104129,2024-09-05,店舗2,商品08,2,194,388
104129,2024-09-05,店舗2,商品08,3,194,582
104891,2024-09-05,店舗2,商品04,3,194,582
105244,2024-09-05,店舗2,商品04,2,194,388
105318,2024-09-05,店舗2,商品07,2,172,344
105677,2024-09-05,店舗2,商品06,3,194,582
101313,2024-09-06,店舗1,商品12,2,194,388
101696,2024-09-06,店舗1,商品12,4,194,776
102279,2024-09-06,店舗1,商品09,3,172,516
102279,2024-09-06,店舗1,商品12,4,194,776
102391,2024-09-06,店舗1,商品06,3,194,582
102958,2024-09-06,店舗1,商品12,1,194,194
103518,2024-09-06,店舗1,商品12,6,194,1164
103518,2024-09-06,店舗1,商品12,2,194,388
103518,2024-09-06,店舗1,商品12,4,194,776
103518,2024-09-06,店舗1,商品12,3,194,582
105335,2024-09-06,店舗1,商品12,3,194,582
105687,2024-09-06,店舗1,商品12,4,194,776
105687,2024-09-06,店舗1,商品12,3,194,582
100395,2024-09-06,店舗2,商品09,2,172,344
100395,2024-09-06,店舗2,商品09,1,172,172
100395,2024-09-06,店舗2,商品09,2,172,344
100501,2024-09-06,店舗2,商品08,2,194,388
100501,2024-09-06,店舗2,商品09,2,172,344
100788,2024-09-06,店舗2,商品09,3,172,516
101263,2024-09-06,店舗2,商品06,2,194,388
101483,2024-09-06,店舗2,商品08,3,194,582
102879,2024-09-06,店舗2,商品07,2,172,344
102931,2024-09-06,店舗2,商品09,3,172,516
103917,2024-09-06,店舗2,商品09,2,172,344
104031,2024-09-06,店舗2,商品08,1,194,194
104560,2024-09-06,店舗2,商品04,4,194,776
104560,2024-09-06,店舗2,商品07,2,172,344
105620,2024-09-06,店舗2,商品05,4,194,776
105620,2024-09-06,店舗2,商品08,2,194,388
105640,2024-09-06,店舗2,商品05,1,194,194
105640,2024-09-06,店舗2,商品05,2,194,388
105876,2024-09-06,店舗2,商品08,2,194,388
100720,2024-09-07,店舗1,商品12,4,194,776
100720,2024-09-07,店舗1,商品12,3,194,582
100720,2024-09-07,店舗1,商品12,2,194,388
101500,2024-09-07,店舗1,商品12,2,194,388
101848,2024-09-07,店舗1,商品12,5,194,970
101892,2024-09-07,店舗1,商品12,2,194,388
102112,2024-09-07,店舗1,商品12,4,194,776
102397,2024-09-07,店舗1,商品07,5,172,860
102397,2024-09-07,店舗1,商品07,3,172,516
103155,2024-09-07,店舗1,商品12,7,194,1358
103301,2024-09-07,店舗1,商品12,7,194,1358
103301,2024-09-07,店舗1,商品12,5,194,970
103301,2024-09-07,店舗1,商品12,2,194,388
103301,2024-09-07,店舗1,商品12,7,194,1358
103501,2024-09-07,店舗1,商品06,5,194,970
103892,2024-09-07,店舗1,商品12,5,194,970
103936,2024-09-07,店舗1,商品12,2,194,388
103992,2024-09-07,店舗1,商品12,8,194,1552
103992,2024-09-07,店舗1,商品12,6,194,1164
103992,2024-09-07,店舗1,商品12,3,194,582
103992,2024-09-07,店舗1,商品12,4,194,776
104199,2024-09-07,店舗1,商品12,5,194,970
104199,2024-09-07,店舗1,商品12,6,194,1164
104454,2024-09-07,店舗1,商品12,6,194,1164
104454,2024-09-07,店舗1,商品12,4,194,776
104788,2024-09-07,店舗1,商品12,4,194,776
104942,2024-09-07,店舗1,商品12,3,194,582
105055,2024-09-07,店舗1,商品12,5,194,970
105667,2024-09-07,店舗1,商品12,3,194,582
101677,2024-09-07,店舗2,商品07,2,172,344
102187,2024-09-07,店舗2,商品01,3,172,516
102471,2024-09-07,店舗2,商品09,4,172,688
105376,2024-09-07,店舗2,商品02,1,297,297
100017,2024-09-08,店舗1,商品11,2,594,1188
100145,2024-09-08,店舗1,商品12,9,194,1746
101073,2024-09-08,店舗1,商品12,12,194,2328
101312,2024-09-08,店舗1,商品06,6,194,1164
101312,2024-09-08,店舗1,商品06,5,194,970
101327,2024-09-08,店舗1,商品12,10,194,1940
101773,2024-09-08,店舗1,商品12,6,194,1164
102180,2024-09-08,店舗1,商品12,6,194,1164
102287,2024-09-08,店舗1,商品12,5,194,970
102287,2024-09-08,店舗1,商品12,5,194,970
102802,2024-09-08,店舗1,商品12,7,194,1358
102869,2024-09-08,店舗1,商品10,5,194,970
103115,2024-09-08,店舗1,商品12,5,194,970
103364,2024-09-08,店舗1,商品06,6,194,1164
103701,2024-09-08,店舗1,商品12,5,194,970
103892,2024-09-08,店舗1,商品12,4,194,776
104018,2024-09-08,店舗1,商品12,6,194,1164
104120,2024-09-08,店舗1,商品05,3,194,582
104296,2024-09-08,店舗1,商品06,5,194,970
104296,2024-09-08,店舗1,商品06,4,194,776
105055,2024-09-08,店舗1,商品12,7,194,1358
100301,2024-09-08,店舗2,商品06,1,194,194
102841,2024-09-08,店舗2,商品06,3,194,582
102958,2024-09-08,店舗2,商品09,2,172,344
100585,2024-09-09,店舗1,商品12,4,194,776
100604,2024-09-09,店舗1,商品12,3,194,582
103613,2024-09-09,店舗1,商品12,2,194,388
103613,2024-09-09,店舗1,商品12,2,194,388
103807,2024-09-09,店舗1,商品12,3,194,582
103807,2024-09-09,店舗1,商品12,3,194,582
104976,2024-09-09,店舗1,商品12,3,194,582
105725,2024-09-09,店舗1,商品12,2,194,388
105725,2024-09-09,店舗1,商品12,4,194,776
105725,2024-09-09,店舗1,商品12,2,194,388
100825,2024-09-09,店舗2,商品09,4,172,688
100919,2024-09-09,店舗2,商品09,2,172,344
101017,2024-09-09,店舗2,商品07,3,172,516
101116,2024-09-09,店舗2,商品06,2,194,388
101992,2024-09-09,店舗2,商品08,3,194,582
102397,2024-09-09,店舗2,商品07,2,172,344
102660,2024-09-09,店舗2,商品09,3,172,516
103629,2024-09-09,店舗2,商品09,2,172,344
103877,2024-09-09,店舗2,商品04,5,194,970
103992,2024-09-09,店舗2,商品09,3,172,516
105447,2024-09-09,店舗2,商品05,4,194,776
105447,2024-09-09,店舗2,商品05,2,194,388
105468,2024-09-09,店舗2,商品09,3,172,516
100739,2024-09-10,店舗1,商品12,3,194,582
101175,2024-09-10,店舗1,商品12,5,194,970
101175,2024-09-10,店舗1,商品12,5,194,970
103050,2024-09-10,店舗1,商品12,3,194,582
104874,2024-09-10,店舗1,商品12,6,194,1164
105376,2024-09-10,店舗1,商品10,4,194,776
105408,2024-09-10,店舗1,商品10,4,194,776
100726,2024-09-10,店舗2,商品07,3,172,516
101033,2024-09-10,店舗2,商品05,3,194,582
101033,2024-09-10,店舗2,商品05,3,194,582
101074,2024-09-10,店舗2,商品04,2,194,388
101405,2024-09-10,店舗2,商品09,3,172,516
102485,2024-09-10,店舗2,商品05,2,194,388
103494,2024-09-10,店舗2,商品07,4,172,688
103724,2024-09-10,店舗2,商品07,4,172,688
103781,2024-09-10,店舗2,商品09,4,172,688
104030,2024-09-10,店舗2,商品09,2,172,344
104097,2024-09-10,店舗2,商品08,2,194,388
105444,2024-09-10,店舗2,商品10,3,194,582
105688,2024-09-10,店舗2,商品01,2,172,344
105688,2024-09-10,店舗2,商品01,3,172,516
100906,2024-09-11,店舗1,商品12,3,194,582
102063,2024-09-11,店舗1,商品12,6,194,1164
102063,2024-09-11,店舗1,商品12,3,194,582
104595,2024-09-11,店舗1,商品12,6,194,1164
105339,2024-09-11,店舗1,商品12,7,194,1358
105556,2024-09-11,店舗1,商品12,2,194,388
105915,2024-09-11,店舗1,商品12,3,194,582
100130,2024-09-11,店舗2,商品09,2,172,344
100281,2024-09-11,店舗2,商品08,2,194,388
100281,2024-09-11,店舗2,商品08,2,194,388
100607,2024-09-11,店舗2,商品07,1,172,172
100607,2024-09-11,店舗2,商品07,2,172,344
101405,2024-09-11,店舗2,商品07,2,172,344
101713,2024-09-11,店舗2,商品08,1,194,194
102397,2024-09-11,店舗2,商品07,3,172,516
103459,2024-09-11,店舗2,商品01,3,172,516
103459,2024-09-11,店舗2,商品01,2,172,344
103901,2024-09-11,店舗2,商品07,2,172,344
103901,2024-09-11,店舗2,商品07,1,172,172
104780,2024-09-11,店舗2,商品04,2,194,388
104780,2024-09-11,店舗2,商品06,2,194,388
104992,2024-09-11,店舗2,商品05,5,194,970
104992,2024-09-11,店舗2,商品05,2,194,388
105519,2024-09-11,店舗2,商品04,1,194,194
105519,2024-09-11,店舗2,商品04,1,194,194
105840,2024-09-11,店舗2,商品07,2,172,344
100978,2024-09-12,店舗1,商品12,5,194,970
102135,2024-09-12,店舗1,商品12,7,194,1358
102757,2024-09-12,店舗1,商品12,5,194,970
103192,2024-09-12,店舗1,商品12,4,194,776
104445,2024-09-12,店舗1,商品12,2,194,388
105460,2024-09-12,店舗1,商品12,5,194,970
105556,2024-09-12,店舗1,商品12,4,194,776
100653,2024-09-12,店舗2,商品09,6,172,1032
101719,2024-09-12,店舗2,商品07,1,172,172
103049,2024-09-12,店舗2,商品04,2,194,388
103304,2024-09-12,店舗2,商品04,5,194,970
103394,2024-09-12,店舗2,商品07,3,172,516
103394,2024-09-12,店舗2,商品08,2,194,388
103494,2024-09-12,店舗2,商品04,2,194,388
103564,2024-09-12,店舗2,商品07,3,172,516
104120,2024-09-12,店舗2,商品05,3,194,582
104253,2024-09-12,店舗2,商品09,3,172,516
105031,2024-09-12,店舗2,商品08,2,194,388
105204,2024-09-12,店舗2,商品04,2,194,388
100585,2024-09-13,店舗1,商品12,4,132,528
101304,2024-09-13,店舗1,商品12,5,132,660
101755,2024-09-13,店舗1,商品12,12,132,1584
102552,2024-09-13,店舗1,商品12,7,132,924
102778,2024-09-13,店舗1,商品12,5,132,660
102862,2024-09-13,店舗1,商品12,5,132,660
103155,2024-09-13,店舗1,商品12,4,132,528
103348,2024-09-13,店舗1,商品12,5,132,660
103454,2024-09-13,店舗1,商品12,6,132,792
104291,2024-09-13,店舗1,商品11,2,594,1188
105385,2024-09-13,店舗1,商品12,5,132,660
105385,2024-09-13,店舗1,商品12,7,132,924
105868,2024-09-13,店舗1,商品12,3,132,396
100382,2024-09-13,店舗2,商品09,2,117,234
100973,2024-09-13,店舗2,商品01,4,117,468
100985,2024-09-13,店舗2,商品09,3,117,351
101210,2024-09-13,店舗2,商品06,3,132,396
101244,2024-09-13,店舗2,商品09,1,117,117
101244,2024-09-13,店舗2,商品09,6,117,702
101566,2024-09-13,店舗2,商品08,6,132,792
102869,2024-09-13,店舗2,商品05,3,132,396
102928,2024-09-13,店舗2,商品08,2,132,264
103120,2024-09-13,店舗2,商品08,5,132,660
103141,2024-09-13,店舗2,商品09,2,117,234
103141,2024-09-13,店舗2,商品10,2,132,264
103141,2024-09-13,店舗2,商品10,3,132,396
103141,2024-09-13,店舗2,商品10,2,132,264
103250,2024-09-13,店舗2,商品09,2,117,234
103394,2024-09-13,店舗2,商品07,2,117,234
103569,2024-09-13,店舗2,商品09,3,117,351
104634,2024-09-13,店舗2,商品08,1,132,132
104977,2024-09-13,店舗2,商品07,3,117,351
105355,2024-09-13,店舗2,商品07,2,117,234
105477,2024-09-13,店舗2,商品08,2,132,264
105477,2024-09-13,店舗2,商品08,2,132,264
100045,2024-09-14,店舗1,商品12,5,132,660
100165,2024-09-14,店舗1,商品09,6,117,702
100165,2024-09-14,店舗1,商品12,5,132,660
100165,2024-09-14,店舗1,商品12,4,132,528
100165,2024-09-14,店舗1,商品12,4,132,528
100165,2024-09-14,店舗1,商品12,7,132,924
101167,2024-09-14,店舗1,商品12,8,132,1056
101258,2024-09-14,店舗1,商品12,7,132,924
101361,2024-09-14,店舗1,商品12,5,132,660
101398,2024-09-14,店舗1,商品12,14,132,1848
101730,2024-09-14,店舗1,商品12,11,132,1452
101730,2024-09-14,店舗1,商品12,6,132,792
102793,2024-09-14,店舗1,商品12,4,132,528
102869,2024-09-14,店舗1,商品09,6,117,702
103123,2024-09-14,店舗1,商品12,5,132,660
103205,2024-09-14,店舗1,商品12,5,132,660
103367,2024-09-14,店舗1,商品09,3,117,351
103494,2024-09-14,店舗1,商品12,9,132,1188
103613,2024-09-14,店舗1,商品06,6,132,792
103636,2024-09-14,店舗1,商品12,8,132,1056
103788,2024-09-14,店舗1,商品12,6,132,792
103805,2024-09-14,店舗1,商品12,8,132,1056
103892,2024-09-14,店舗1,商品12,3,132,396
103992,2024-09-14,店舗1,商品12,8,132,1056
103992,2024-09-14,店舗1,商品12,5,132,660
104184,2024-09-14,店舗1,商品12,4,132,528
104527,2024-09-14,店舗1,商品12,7,132,924
104560,2024-09-14,店舗1,商品12,5,132,660
104678,2024-09-14,店舗1,商品12,7,132,924
104678,2024-09-14,店舗1,商品12,7,132,924
104924,2024-09-14,店舗1,商品12,4,132,528
104980,2024-09-14,店舗1,商品12,4,132,528
105307,2024-09-14,店舗1,商品12,9,132,1188
100252,2024-09-14,店舗2,商品08,1,132,132
100645,2024-09-14,店舗2,商品01,1,117,117
100645,2024-09-14,店舗2,商品01,1,117,117
100645,2024-09-14,店舗2,商品01,1,117,117
100645,2024-09-14,店舗2,商品01,1,117,117
100645,2024-09-14,店舗2,商品01,1,117,117
100645,2024-09-14,店舗2,商品01,2,117,234
100645,2024-09-14,店舗2,商品01,1,117,117
100645,2024-09-14,店舗2,商品01,2,117,234
103755,2024-09-14,店舗2,商品07,1,117,117
104078,2024-09-14,店舗2,商品09,1,117,117
104273,2024-09-14,店舗2,商品06,1,132,132
105206,2024-09-14,店舗2,商品08,2,132,264
100012,2024-09-15,店舗1,商品12,2,132,264
100417,2024-09-15,店舗1,商品12,6,132,792
100672,2024-09-15,店舗1,商品09,8,117,936
100957,2024-09-15,店舗1,商品11,1,594,594
101502,2024-09-15,店舗1,商品12,6,132,792
101839,2024-09-15,店舗1,商品12,5,132,660
101945,2024-09-15,店舗1,商品12,4,132,528
102684,2024-09-15,店舗1,商品12,2,132,264
102802,2024-09-15,店舗1,商品12,4,132,528
103112,2024-09-15,店舗1,商品12,8,132,1056
103295,2024-09-15,店舗1,商品09,6,117,702
103295,2024-09-15,店舗1,商品09,6,117,702
103295,2024-09-15,店舗1,商品09,6,117,702
103295,2024-09-15,店舗1,商品12,3,132,396
103352,2024-09-15,店舗1,商品09,14,117,1638
103511,2024-09-15,店舗1,商品12,4,132,528
103724,2024-09-15,店舗1,商品12,6,132,792
104283,2024-09-15,店舗1,商品12,4,132,528
104283,2024-09-15,店舗1,商品12,7,132,924
104379,2024-09-15,店舗1,商品12,5,132,660
104523,2024-09-15,店舗1,商品12,5,132,660
104523,2024-09-15,店舗1,商品12,5,132,660
104525,2024-09-15,店舗1,商品12,10,132,1320
104573,2024-09-15,店舗1,商品12,7,132,924
104916,2024-09-15,店舗1,商品12,3,132,396
105360,2024-09-15,店舗1,商品12,6,132,792
105487,2024-09-15,店舗1,商品06,5,132,660
105487,2024-09-15,店舗1,商品06,8,132,1056
105487,2024-09-15,店舗1,商品06,6,132,792
105487,2024-09-15,店舗1,商品06,6,132,792
105856,2024-09-15,店舗1,商品12,5,132,660
105910,2024-09-15,店舗1,商品03,2,421,842
105910,2024-09-15,店舗1,商品12,7,132,924
102679,2024-09-15,店舗2,商品09,2,117,234
103695,2024-09-15,店舗2,商品08,2,132,264
103806,2024-09-15,店舗2,商品07,2,117,234
104301,2024-09-15,店舗2,商品05,3,132,396
105129,2024-09-15,店舗2,商品09,1,117,117
100836,2024-09-16,店舗1,商品12,5,132,660
101850,2024-09-16,店舗1,商品12,10,132,1320
101940,2024-09-16,店舗1,商品12,4,132,528
102565,2024-09-16,店舗1,商品12,6,132,792
102684,2024-09-16,店舗1,商品12,6,132,792
102920,2024-09-16,店舗1,商品12,6,132,792
103157,2024-09-16,店舗1,商品12,6,132,792
103433,2024-09-16,店舗1,商品01,8,117,936
104068,2024-09-16,店舗1,商品12,6,132,792
104100,2024-09-16,店舗1,商品12,6,132,792
104381,2024-09-16,店舗1,商品04,9,132,1188
104736,2024-09-16,店舗1,商品12,9,132,1188
104834,2024-09-16,店舗1,商品09,6,117,702
104874,2024-09-16,店舗1,商品10,9,132,1188
104874,2024-09-16,店舗1,商品12,9,132,1188
104942,2024-09-16,店舗1,商品12,7,132,924
105355,2024-09-16,店舗1,商品09,6,117,702
105355,2024-09-16,店舗1,商品12,8,132,1056
105629,2024-09-16,店舗1,商品04,6,132,792
105839,2024-09-16,店舗1,商品12,5,132,660
100042,2024-09-16,店舗2,商品09,2,117,234
102405,2024-09-16,店舗2,商品07,2,117,234
102992,2024-09-16,店舗2,商品10,2,132,264
103356,2024-09-16,店舗2,商品07,2,117,234
103634,2024-09-16,店舗2,商品07,2,117,234
103634,2024-09-16,店舗2,商品09,3,117,351
104689,2024-09-16,店舗2,商品05,1,132,132
104803,2024-09-16,店舗2,商品05,1,132,132
104803,2024-09-16,店舗2,商品08,5,132,660
105890,2024-09-16,店舗2,商品08,2,132,264
100735,2024-09-17,店舗1,商品12,5,132,660
101520,2024-09-17,店舗1,商品12,5,132,660
101520,2024-09-17,店舗1,商品12,2,132,264
102045,2024-09-17,店舗1,商品12,5,132,660
102230,2024-09-17,店舗1,商品12,6,132,792
103084,2024-09-17,店舗1,商品05,2,132,264
103084,2024-09-17,店舗1,商品05,3,132,396
103084,2024-09-17,店舗1,商品06,3,132,396
103425,2024-09-17,店舗1,商品12,2,132,264
103835,2024-09-17,店舗1,商品12,3,132,396
103835,2024-09-17,店舗1,商品12,3,132,396
103835,2024-09-17,店舗1,商品12,4,132,528
104488,2024-09-17,店舗1,商品10,3,132,396
105161,2024-09-17,店舗1,商品12,3,132,396
100055,2024-09-17,店舗2,商品09,3,117,351
100501,2024-09-17,店舗2,商品09,2,117,234
101005,2024-09-17,店舗2,商品04,2,132,264
101005,2024-09-17,店舗2,商品04,2,132,264
101028,2024-09-17,店舗2,商品04,1,132,132
101148,2024-09-17,店舗2,商品07,3,117,351
101493,2024-09-17,店舗2,商品04,6,132,792
101493,2024-09-17,店舗2,商品04,3,132,396
102410,2024-09-17,店舗2,商品07,4,117,468
102569,2024-09-17,店舗2,商品06,4,132,528
102600,2024-09-17,店舗2,商品09,2,117,234
102695,2024-09-17,店舗2,商品08,2,132,264
103444,2024-09-17,店舗2,商品09,1,117,117
103800,2024-09-17,店舗2,商品01,4,117,468
104075,2024-09-17,店舗2,商品09,3,117,351
105264,2024-09-17,店舗2,商品07,2,117,234
105264,2024-09-17,店舗2,商品07,3,117,351
105264,2024-09-17,店舗2,商品07,1,117,117
105264,2024-09-17,店舗2,商品07,4,117,468
105297,2024-09-17,店舗2,商品08,2,132,264
105335,2024-09-17,店舗2,商品07,4,117,468
100049,2024-09-18,店舗1,商品12,3,132,396
102393,2024-09-18,店舗1,商品12,7,132,924
102562,2024-09-18,店舗1,商品12,4,132,528
102571,2024-09-18,店舗1,商品12,7,132,924
102976,2024-09-18,店舗1,商品12,4,132,528
102976,2024-09-18,店舗1,商品12,5,132,660
103193,2024-09-18,店舗1,商品12,5,132,660
103791,2024-09-18,店舗1,商品12,3,132,396
103791,2024-09-18,店舗1,商品12,3,132,396
104018,2024-09-18,店舗1,商品12,5,132,660
104853,2024-09-18,店舗1,商品12,4,132,528
105667,2024-09-18,店舗1,商品12,4,132,528
100198,2024-09-18,店舗2,商品08,4,132,528
100198,2024-09-18,店舗2,商品08,3,132,396
100582,2024-09-18,店舗2,商品08,5,132,660
100906,2024-09-18,店舗2,商品04,3,132,396
102021,2024-09-18,店舗2,商品09,2,117,234
102337,2024-09-18,店舗2,商品09,3,117,351
102791,2024-09-18,店舗2,商品07,2,117,234
102791,2024-09-18,店舗2,商品07,3,117,351
102931,2024-09-18,店舗2,商品08,1,132,132
102978,2024-09-18,店舗2,商品07,3,117,351
103031,2024-09-18,店舗2,商品07,3,117,351
103031,2024-09-18,店舗2,商品09,3,117,351
103501,2024-09-18,店舗2,商品07,2,117,234
103541,2024-09-18,店舗2,商品08,1,132,132
103781,2024-09-18,店舗2,商品09,2,117,234
103820,2024-09-18,店舗2,商品09,4,117,468
104545,2024-09-18,店舗2,商品09,2,117,234
104545,2024-09-18,店舗2,商品09,2,117,234
104545,2024-09-18,店舗2,商品09,3,117,351
104570,2024-09-18,店舗2,商品08,2,132,264
104616,2024-09-18,店舗2,商品07,3,117,351
105556,2024-09-18,店舗2,商品09,2,117,234
105556,2024-09-18,店舗2,商品09,2,117,234
100335,2024-09-19,店舗1,商品12,4,132,528
100692,2024-09-19,店舗1,商品12,5,132,660
101037,2024-09-19,店舗1,商品12,6,132,792
101122,2024-09-19,店舗1,商品12,5,132,660
101755,2024-09-19,店舗1,商品12,6,132,792
102331,2024-09-19,店舗1,商品12,6,132,792
103264,2024-09-19,店舗1,商品06,3,132,396
103264,2024-09-19,店舗1,商品12,4,132,528
103317,2024-09-19,店舗1,商品12,2,132,264
103541,2024-09-19,店舗1,商品12,9,132,1188
100498,2024-09-19,店舗2,商品01,2,117,234
101192,2024-09-19,店舗2,商品07,3,117,351
101328,2024-09-19,店舗2,商品07,1,117,117
101562,2024-09-19,店舗2,商品10,2,132,264
102374,2024-09-19,店舗2,商品09,3,117,351
103142,2024-09-19,店舗2,商品06,2,132,264
103400,2024-09-19,店舗2,商品09,2,117,234
103400,2024-09-19,店舗2,商品09,5,117,585
103757,2024-09-19,店舗2,商品04,5,132,660
103917,2024-09-19,店舗2,商品09,3,117,351
103917,2024-09-19,店舗2,商品09,2,117,234
103917,2024-09-19,店舗2,商品09,5,117,585
104356,2024-09-19,店舗2,商品07,2,117,234
104473,2024-09-19,店舗2,商品06,3,132,396
104779,2024-09-19,店舗2,商品09,3,117,351
105598,2024-09-19,店舗2,商品09,3,117,351
105755,2024-09-19,店舗2,商品07,2,117,234
105809,2024-09-19,店舗2,商品08,3,132,396
105916,2024-09-19,店舗2,商品07,5,117,585
100048,2024-09-20,店舗1,商品12,5,194,970
100055,2024-09-20,店舗1,商品12,3,194,582
100389,2024-09-20,店舗1,商品12,4,194,776
101836,2024-09-20,店舗1,商品12,9,194,1746
101836,2024-09-20,店舗1,商品12,4,194,776
102123,2024-09-20,店舗1,商品12,7,194,1358
102964,2024-09-20,店舗1,商品12,4,194,776
103106,2024-09-20,店舗1,商品12,3,194,582
103819,2024-09-20,店舗1,商品12,3,194,582
105529,2024-09-20,店舗1,商品12,6,194,1164
100508,2024-09-20,店舗2,商品07,1,172,172
100600,2024-09-20,店舗2,商品01,3,172,516
100921,2024-09-20,店舗2,商品09,5,172,860
101065,2024-09-20,店舗2,商品05,4,194,776
101359,2024-09-20,店舗2,商品06,4,194,776
102157,2024-09-20,店舗2,商品08,3,194,582
102157,2024-09-20,店舗2,商品08,3,194,582
102405,2024-09-20,店舗2,商品01,2,172,344
103501,2024-09-20,店舗2,商品07,2,172,344
103775,2024-09-20,店舗2,商品06,2,194,388
104029,2024-09-20,店舗2,商品08,2,194,388
105547,2024-09-20,店舗2,商品08,2,194,388
105551,2024-09-20,店舗2,商品07,3,172,516
105551,2024-09-20,店舗2,商品07,2,172,344
105551,2024-09-20,店舗2,商品07,3,172,516
105863,2024-09-20,店舗2,商品05,4,194,776
100766,2024-09-21,店舗1,商品12,6,194,1164
100973,2024-09-21,店舗1,商品12,4,194,776
101051,2024-09-21,店舗1,商品12,4,194,776
101213,2024-09-21,店舗1,商品12,7,194,1358
101306,2024-09-21,店舗1,商品12,7,194,1358
101380,2024-09-21,店舗1,商品11,1,594,594
101401,2024-09-21,店舗1,商品12,5,194,970
101623,2024-09-21,店舗1,商品12,8,194,1552
101731,2024-09-21,店舗1,商品12,4,194,776
101755,2024-09-21,店舗1,商品12,4,194,776
102521,2024-09-21,店舗1,商品12,7,194,1358
102748,2024-09-21,店舗1,商品12,6,194,1164
103163,2024-09-21,店舗1,商品07,10,172,1720
103587,2024-09-21,店舗1,商品12,11,194,2134
103877,2024-09-21,店舗1,商品12,6,194,1164
104488,2024-09-21,店舗1,商品09,3,172,516
104488,2024-09-21,店舗1,商品09,5,172,860
104488,2024-09-21,店舗1,商品09,7,172,1204
105055,2024-09-21,店舗1,商品12,9,194,1746
105055,2024-09-21,店舗1,商品12,5,194,970
105350,2024-09-21,店舗1,商品07,5,172,860
105376,2024-09-21,店舗1,商品09,7,172,1204
103394,2024-09-21,店舗2,商品09,2,172,344
104121,2024-09-21,店舗2,商品08,2,194,388
104258,2024-09-21,店舗2,商品01,2,172,344
104880,2024-09-21,店舗2,商品07,2,172,344
105810,2024-09-21,店舗2,商品09,2,172,344
100527,2024-09-22,店舗1,商品12,3,194,582
100733,2024-09-22,店舗1,商品07,4,172,688
100733,2024-09-22,店舗1,商品07,4,172,688
100733,2024-09-22,店舗1,商品12,5,194,970
101781,2024-09-22,店舗1,商品12,6,194,1164
102771,2024-09-22,店舗1,商品12,3,194,582
102771,2024-09-22,店舗1,商品12,6,194,1164
102999,2024-09-22,店舗1,商品12,5,194,970
103301,2024-09-22,店舗1,商品12,4,194,776
103349,2024-09-22,店舗1,商品12,5,194,970
103394,2024-09-22,店舗1,商品12,5,194,970
103394,2024-09-22,店舗1,商品12,6,194,1164
103394,2024-09-22,店舗1,商品12,6,194,1164
103394,2024-09-22,店舗1,商品12,4,194,776
104656,2024-09-22,店舗1,商品04,3,194,582
105068,2024-09-22,店舗1,商品12,7,194,1358
105068,2024-09-22,店舗1,商品12,8,194,1552
105068,2024-09-22,店舗1,商品12,2,194,388
105207,2024-09-22,店舗1,商品12,4,194,776
105277,2024-09-22,店舗1,商品12,3,194,582
105342,2024-09-22,店舗1,商品12,5,194,970
101699,2024-09-22,店舗2,商品09,4,172,688
102126,2024-09-22,店舗2,商品01,2,172,344
102562,2024-09-22,店舗2,商品07,2,172,344
104087,2024-09-22,店舗2,商品04,1,194,194
104373,2024-09-22,店舗2,商品05,1,194,194
104373,2024-09-22,店舗2,商品07,2,172,344
104373,2024-09-22,店舗2,商品08,2,194,388
105953,2024-09-22,店舗2,商品04,2,194,388
100692,2024-09-23,店舗1,商品12,7,194,1358
100809,2024-09-23,店舗1,商品12,6,194,1164
100973,2024-09-23,店舗1,商品12,5,194,970
102619,2024-09-23,店舗1,商品12,3,194,582
102758,2024-09-23,店舗1,商品12,3,194,582
103009,2024-09-23,店舗1,商品12,4,194,776
103162,2024-09-23,店舗1,商品12,6,194,1164
103177,2024-09-23,店舗1,商品12,6,194,1164
103257,2024-09-23,店舗1,商品07,12,172,2064
103317,2024-09-23,店舗1,商品12,7,194,1358
103352,2024-09-23,店舗1,商品09,4,172,688
103364,2024-09-23,店舗1,商品07,4,172,688
103364,2024-09-23,店舗1,商品12,7,194,1358
103364,2024-09-23,店舗1,商品12,3,194,582
103364,2024-09-23,店舗1,商品12,4,194,776
103701,2024-09-23,店舗1,商品12,5,194,970
104197,2024-09-23,店舗1,商品12,5,194,970
105057,2024-09-23,店舗1,商品12,6,194,1164
105915,2024-09-23,店舗1,商品12,6,194,1164
100529,2024-09-23,店舗2,商品07,2,172,344
100845,2024-09-23,店舗2,商品09,2,172,344
100845,2024-09-23,店舗2,商品09,1,172,172
100845,2024-09-23,店舗2,商品09,1,172,172
100845,2024-09-23,店舗2,商品09,1,172,172
100845,2024-09-23,店舗2,商品09,1,172,172
100845,2024-09-23,店舗2,商品09,1,172,172
100845,2024-09-23,店舗2,商品09,1,172,172
102621,2024-09-23,店舗2,商品01,1,172,172
105210,2024-09-23,店舗2,商品06,1,194,194
105210,2024-09-23,店舗2,商品06,1,194,194
105514,2024-09-23,店舗2,商品09,1,172,172
105942,2024-09-23,店舗2,商品08,1,194,194
100120,2024-09-24,店舗1,商品12,2,194,388
101375,2024-09-24,店舗1,商品12,3,194,582
102001,2024-09-24,店舗1,商品12,6,194,1164
104341,2024-09-24,店舗1,商品12,9,194,1746
104587,2024-09-24,店舗1,商品12,3,194,582
105863,2024-09-24,店舗1,商品12,5,194,970
105863,2024-09-24,店舗1,商品12,2,194,388
101276,2024-09-24,店舗2,商品04,3,194,582
101276,2024-09-24,店舗2,商品04,2,194,388
101403,2024-09-24,店舗2,商品01,2,172,344
101850,2024-09-24,店舗2,商品07,2,172,344
102471,2024-09-24,店舗2,商品09,2,172,344
102471,2024-09-24,店舗2,商品09,3,172,516
102471,2024-09-24,店舗2,商品09,1,172,172
102471,2024-09-24,店舗2,商品09,2,172,344
104194,2024-09-24,店舗2,商品07,3,172,516
104194,2024-09-24,店舗2,商品09,2,172,344
104212,2024-09-24,店舗2,商品01,4,172,688
104285,2024-09-24,店舗2,商品09,3,172,516
105102,2024-09-24,店舗2,商品07,3,172,516
105102,2024-09-24,店舗2,商品09,2,172,344
105447,2024-09-24,店舗2,商品06,2,194,388
105514,2024-09-24,店舗2,商品01,2,172,344
105688,2024-09-24,店舗2,商品08,1,194,194
105745,2024-09-24,店舗2,商品09,1,172,172
102256,2024-09-25,店舗1,商品12,3,194,582
102331,2024-09-25,店舗1,商品12,3,194,582
102510,2024-09-25,店舗1,商品12,3,194,582
103183,2024-09-25,店舗1,商品12,3,194,582
104058,2024-09-25,店舗1,商品12,8,194,1552
104258,2024-09-25,店舗1,商品10,6,194,1164
104258,2024-09-25,店舗1,商品11,3,594,1782
104678,2024-09-25,店舗1,商品12,3,194,582
104867,2024-09-25,店舗1,商品09,4,172,688
104867,2024-09-25,店舗1,商品10,3,194,582
100542,2024-09-25,店舗2,商品01,2,172,344
101375,2024-09-25,店舗2,商品04,3,194,582
101559,2024-09-25,店舗2,商品09,5,172,860
102052,2024-09-25,店舗2,商品09,4,172,688
102417,2024-09-25,店舗2,商品08,3,194,582
102420,2024-09-25,店舗2,商品08,2,194,388
103917,2024-09-25,店舗2,商品09,2,172,344
104075,2024-09-25,店舗2,商品09,3,172,516
104293,2024-09-25,店舗2,商品09,4,172,688
104477,2024-09-25,店舗2,商品05,3,194,582
104477,2024-09-25,店舗2,商品05,3,194,582
104941,2024-09-25,店舗2,商品09,2,172,344
104976,2024-09-25,店舗2,商品07,3,172,516
105747,2024-09-25,店舗2,商品05,3,194,582
100012,2024-09-26,店舗1,商品12,6,194,1164
100239,2024-09-26,店舗1,商品12,2,194,388
100239,2024-09-26,店舗1,商品12,4,194,776
101485,2024-09-26,店舗1,商品12,6,194,1164
102001,2024-09-26,店舗1,商品12,4,194,776
102509,2024-09-26,店舗1,商品12,4,194,776
103084,2024-09-26,店舗1,商品12,4,194,776
104523,2024-09-26,店舗1,商品12,2,194,388
104523,2024-09-26,店舗1,商品12,3,194,582
100726,2024-09-26,店舗2,商品07,2,172,344
101403,2024-09-26,店舗2,商品07,4,172,688
102030,2024-09-26,店舗2,商品09,1,172,172
102030,2024-09-26,店舗2,商品09,2,172,344
102556,2024-09-26,店舗2,商品09,3,172,516
102556,2024-09-26,店舗2,商品09,2,172,344
103230,2024-09-26,店舗2,商品06,4,194,776
103230,2024-09-26,店舗2,商品06,2,194,388
103274,2024-09-26,店舗2,商品07,2,172,344
103898,2024-09-26,店舗2,商品06,4,194,776
104097,2024-09-26,店舗2,商品08,3,194,582
104486,2024-09-26,店舗2,商品09,4,172,688
104667,2024-09-26,店舗2,商品01,2,172,344
105323,2024-09-26,店舗2,商品07,2,172,344
105431,2024-09-26,店舗2,商品07,3,172,516
100568,2024-09-27,店舗1,商品12,4,194,776
101454,2024-09-27,店舗1,商品12,4,194,776
101733,2024-09-27,店舗1,商品07,5,172,860
102697,2024-09-27,店舗1,商品12,7,194,1358
103171,2024-09-27,店舗1,商品12,3,194,582
103177,2024-09-27,店舗1,商品12,8,194,1552
103948,2024-09-27,店舗1,商品12,3,194,582
104018,2024-09-27,店舗1,商品12,6,194,1164
105978,2024-09-27,店舗1,商品05,6,194,1164
105978,2024-09-27,店舗1,商品05,4,194,776
100094,2024-09-27,店舗2,商品04,3,194,582
100892,2024-09-27,店舗2,商品09,2,172,344
101403,2024-09-27,店舗2,商品04,2,194,388
102506,2024-09-27,店舗2,商品08,3,194,582
102615,2024-09-27,店舗2,商品05,1,194,194
102615,2024-09-27,店舗2,商品05,2,194,388
102615,2024-09-27,店舗2,商品05,2,194,388
103169,2024-09-27,店舗2,商品07,6,172,1032
103309,2024-09-27,店舗2,商品05,2,194,388
103309,2024-09-27,店舗2,商品09,2,172,344
103648,2024-09-27,店舗2,商品01,3,172,516
104018,2024-09-27,店舗2,商品08,2,194,388
104075,2024-09-27,店舗2,商品01,3,172,516
104567,2024-09-27,店舗2,商品07,2,172,344
104567,2024-09-27,店舗2,商品07,2,172,344
104567,2024-09-27,店舗2,商品07,2,172,344
104859,2024-09-27,店舗2,商品04,2,194,388
105650,2024-09-27,店舗2,商品09,3,172,516
105739,2024-09-27,店舗2,商品06,2,194,388
100415,2024-09-28,店舗1,商品12,4,194,776
100454,2024-09-28,店舗1,商品12,7,194,1358
100454,2024-09-28,店舗1,商品12,4,194,776
100454,2024-09-28,店舗1,商品12,4,194,776
100774,2024-09-28,店舗1,商品12,5,194,970
100878,2024-09-28,店舗1,商品12,4,194,776
100887,2024-09-28,店舗1,商品12,9,194,1746
100957,2024-09-28,店舗1,商品12,7,194,1358
101250,2024-09-28,店舗1,商品12,4,194,776
101530,2024-09-28,店舗1,商品12,4,194,776
101889,2024-09-28,店舗1,商品12,5,194,970
101889,2024-09-28,店舗1,商品12,4,194,776
102003,2024-09-28,店舗1,商品12,8,194,1552
102636,2024-09-28,店舗1,商品07,5,172,860
103062,2024-09-28,店舗1,商品12,6,194,1164
103062,2024-09-28,店舗1,商品12,4,194,776
103062,2024-09-28,店舗1,商品12,6,194,1164
103265,2024-09-28,店舗1,商品10,8,194,1552
104042,2024-09-28,店舗1,商品12,7,194,1358
104058,2024-09-28,店舗1,商品06,4,194,776
104266,2024-09-28,店舗1,商品12,4,194,776
105228,2024-09-28,店舗1,商品12,5,194,970
105395,2024-09-28,店舗1,商品12,8,194,1552
105395,2024-09-28,店舗1,商品12,6,194,1164
105395,2024-09-28,店舗1,商品12,6,194,1164
105576,2024-09-28,店舗1,商品12,5,194,970
105716,2024-09-28,店舗1,商品12,3,194,582
101681,2024-09-28,店舗2,商品09,1,172,172
102245,2024-09-28,店舗2,商品07,1,172,172
102245,2024-09-28,店舗2,商品07,1,172,172
102245,2024-09-28,店舗2,商品07,1,172,172
102245,2024-09-28,店舗2,商品07,1,172,172
102245,2024-09-28,店舗2,商品07,1,172,172
102245,2024-09-28,店舗2,商品07,1,172,172
102245,2024-09-28,店舗2,商品07,1,172,172
103692,2024-09-28,店舗2,商品08,1,194,194
103692,2024-09-28,店舗2,商品08,1,194,194
104914,2024-09-28,店舗2,商品07,1,172,172
104914,2024-09-28,店舗2,商品07,1,172,172
105236,2024-09-28,店舗2,商品09,1,172,172
100369,2024-09-29,店舗1,商品12,7,194,1358
100550,2024-09-29,店舗1,商品12,6,194,1164
100550,2024-09-29,店舗1,商品12,6,194,1164
100720,2024-09-29,店舗1,商品12,5,194,970
101836,2024-09-29,店舗1,商品12,3,194,582
101836,2024-09-29,店舗1,商品12,3,194,582
101884,2024-09-29,店舗1,商品12,4,194,776
102573,2024-09-29,店舗1,商品12,4,194,776
102573,2024-09-29,店舗1,商品12,6,194,1164
102997,2024-09-29,店舗1,商品12,4,194,776
102999,2024-09-29,店舗1,商品12,4,194,776
103010,2024-09-29,店舗1,商品12,5,194,970
103437,2024-09-29,店舗1,商品11,3,594,1782
103901,2024-09-29,店舗1,商品12,6,194,1164
104092,2024-09-29,店舗1,商品12,8,194,1552
104568,2024-09-29,店舗1,商品12,4,194,776
104568,2024-09-29,店舗1,商品12,3,194,582
104598,2024-09-29,店舗1,商品12,4,194,776
104598,2024-09-29,店舗1,商品12,3,194,582
104598,2024-09-29,店舗1,商品12,6,194,1164
104703,2024-09-29,店舗1,商品12,3,194,582
104942,2024-09-29,店舗1,商品12,8,194,1552
105279,2024-09-29,店舗1,商品07,4,172,688
105629,2024-09-29,店舗1,商品12,17,194,3298
100533,2024-09-29,店舗2,商品01,1,172,172
101899,2024-09-29,店舗2,商品08,3,194,582
102279,2024-09-29,店舗2,商品05,1,194,194
105245,2024-09-29,店舗2,商品07,2,172,344
102135,2024-09-30,店舗1,商品12,3,194,582
102374,2024-09-30,店舗1,商品12,2,194,388
102374,2024-09-30,店舗1,商品12,4,194,776
102374,2024-09-30,店舗1,商品12,3,194,582
102666,2024-09-30,店舗1,商品12,3,194,582
104068,2024-09-30,店舗1,商品12,4,194,776
104068,2024-09-30,店舗1,商品12,6,194,1164
104678,2024-09-30,店舗1,商品12,3,194,582
105212,2024-09-30,店舗1,商品12,1,194,194
105863,2024-09-30,店舗1,商品12,3,194,582
100201,2024-09-30,店舗2,商品04,1,194,194
100331,2024-09-30,店舗2,商品09,3,172,516
101568,2024-09-30,店舗2,商品06,3,194,582
101973,2024-09-30,店舗2,商品08,3,194,582
102689,2024-09-30,店舗2,商品07,3,172,516
103009,2024-09-30,店舗2,商品01,3,172,516
103132,2024-09-30,店舗2,商品08,3,194,582
103429,2024-09-30,店舗2,商品07,3,172,516
103429,2024-09-30,店舗2,商品07,2,172,344
103429,2024-09-30,店舗2,商品07,2,172,344
104880,2024-09-30,店舗2,商品07,2,172,344
104880,2024-09-30,店舗2,商品07,3,172,516
105334,2024-09-30,店舗2,商品08,2,194,388
105725,2024-09-30,店舗2,商品08,3,194,582
105863,2024-09-30,店舗2,商品09,3,172,516
103461,2024-10-01,店舗1,商品12,3,194,582
103461,2024-10-01,店舗1,商品12,5,194,970
103560,2024-10-01,店舗1,商品12,5,194,970
104063,2024-10-01,店舗1,商品12,3,194,582
104220,2024-10-01,店舗1,商品10,3,194,582
104356,2024-10-01,店舗1,商品12,5,194,970
104564,2024-10-01,店舗1,商品12,5,194,970
105055,2024-10-01,店舗1,商品12,3,194,582
100735,2024-10-01,店舗2,商品04,3,194,582
101257,2024-10-01,店舗2,商品04,2,194,388
101307,2024-10-01,店舗2,商品06,3,194,582
101558,2024-10-01,店舗2,商品09,2,172,344
101558,2024-10-01,店舗2,商品09,3,172,516
101789,2024-10-01,店舗2,商品08,3,194,582
102583,2024-10-01,店舗2,商品04,1,194,194
103019,2024-10-01,店舗2,商品08,2,194,388
104464,2024-10-01,店舗2,商品08,2,194,388
104867,2024-10-01,店舗2,商品08,4,194,776
104867,2024-10-01,店舗2,商品09,4,172,688
104867,2024-10-01,店舗2,商品09,3,172,516
104867,2024-10-01,店舗2,商品09,3,172,516
105231,2024-10-01,店舗2,商品01,2,172,344
105876,2024-10-01,店舗2,商品01,3,172,516
100819,2024-10-02,店舗1,商品12,4,194,776
100819,2024-10-02,店舗1,商品12,2,194,388
101375,2024-10-02,店舗1,商品12,5,194,970
102393,2024-10-02,店舗1,商品12,4,194,776
102665,2024-10-02,店舗1,商品12,4,194,776
103316,2024-10-02,店舗1,商品12,3,194,582
104068,2024-10-02,店舗1,商品12,5,194,970
104097,2024-10-02,店舗1,商品12,9,194,1746
101121,2024-10-02,店舗2,商品04,2,194,388
101264,2024-10-02,店舗2,商品04,2,194,388
101556,2024-10-02,店舗2,商品04,3,194,582
101883,2024-10-02,店舗2,商品08,2,194,388
102507,2024-10-02,店舗2,商品01,4,172,688
103142,2024-10-02,店舗2,商品06,2,194,388
103754,2024-10-02,店舗2,商品05,1,194,194
104030,2024-10-02,店舗2,商品07,3,172,516
104038,2024-10-02,店舗2,商品09,2,172,344
104038,2024-10-02,店舗2,商品09,1,172,172
104058,2024-10-02,店舗2,商品01,3,172,516
104738,2024-10-02,店舗2,商品09,3,172,516
105395,2024-10-02,店舗2,商品04,1,194,194
105395,2024-10-02,店舗2,商品04,3,194,582
105395,2024-10-02,店舗2,商品04,2,194,388
105395,2024-10-02,店舗2,商品04,3,194,582
105395,2024-10-02,店舗2,商品04,2,194,388
105514,2024-10-02,店舗2,商品07,4,172,688
100077,2024-10-03,店舗1,商品12,1,194,194
100077,2024-10-03,店舗1,商品12,2,194,388
100077,2024-10-03,店舗1,商品12,2,194,388
100077,2024-10-03,店舗1,商品12,4,194,776
100186,2024-10-03,店舗1,商品12,3,194,582
101798,2024-10-03,店舗1,商品07,3,172,516
101798,2024-10-03,店舗1,商品12,2,194,388
102619,2024-10-03,店舗1,商品12,1,194,194
102619,2024-10-03,店舗1,商品12,2,194,388
102619,2024-10-03,店舗1,商品12,4,194,776
102619,2024-10-03,店舗1,商品12,2,194,388
102661,2024-10-03,店舗1,商品12,2,194,388
102661,2024-10-03,店舗1,商品12,3,194,582
103038,2024-10-03,店舗1,商品12,2,194,388
104578,2024-10-03,店舗1,商品12,3,194,582
100981,2024-10-03,店舗2,商品07,2,172,344
101967,2024-10-03,店舗2,商品08,3,194,582
102045,2024-10-03,店舗2,商品03,1,421,421
102315,2024-10-03,店舗2,商品07,5,172,860
103421,2024-10-03,店舗2,商品07,3,172,516
103730,2024-10-03,店舗2,商品08,4,194,776
103881,2024-10-03,店舗2,商品09,4,172,688
104017,2024-10-03,店舗2,商品08,3,194,582
104048,2024-10-03,店舗2,商品04,2,194,388
104665,2024-10-03,店舗2,商品07,2,172,344
104665,2024-10-03,店舗2,商品07,3,172,516
105010,2024-10-03,店舗2,商品05,3,194,582
105204,2024-10-03,店舗2,商品04,4,194,776
105476,2024-10-03,店舗2,商品07,3,172,516
101562,2024-10-04,店舗1,商品12,9,194,1746
102109,2024-10-04,店舗1,商品12,5,194,970
102557,2024-10-04,店舗1,商品11,1,594,594
102964,2024-10-04,店舗1,商品12,8,194,1552
103135,2024-10-04,店舗1,商品07,7,172,1204
105376,2024-10-04,店舗1,商品10,6,194,1164
105414,2024-10-04,店舗1,商品12,4,194,776
105545,2024-10-04,店舗1,商品12,4,194,776
105768,2024-10-04,店舗1,商品12,8,194,1552
100367,2024-10-04,店舗2,商品06,3,194,582
100494,2024-10-04,店舗2,商品07,4,172,688
101017,2024-10-04,店舗2,商品04,2,194,388
101216,2024-10-04,店舗2,商品06,2,194,388
101628,2024-10-04,店舗2,商品04,2,194,388
102336,2024-10-04,店舗2,商品08,3,194,582
102663,2024-10-04,店舗2,商品09,2,172,344
103634,2024-10-04,店舗2,商品09,4,172,688
103634,2024-10-04,店舗2,商品09,2,172,344
103634,2024-10-04,店舗2,商品09,3,172,516
103634,2024-10-04,店舗2,商品09,4,172,688
103993,2024-10-04,店舗2,商品04,2,194,388
104204,2024-10-04,店舗2,商品07,4,172,688
104269,2024-10-04,店舗2,商品09,2,172,344
104858,2024-10-04,店舗2,商品09,3,172,516
105173,2024-10-04,店舗2,商品09,2,172,344
105780,2024-10-04,店舗2,商品09,3,172,516
100070,2024-10-05,店舗1,商品12,7,194,1358
100171,2024-10-05,店舗1,商品12,4,194,776
100280,2024-10-05,店舗1,商品12,5,194,970
100867,2024-10-05,店舗1,商品12,5,194,970
101573,2024-10-05,店舗1,商品12,7,194,1358
101586,2024-10-05,店舗1,商品01,5,172,860
101586,2024-10-05,店舗1,商品01,5,172,860
102437,2024-10-05,店舗1,商品12,4,194,776
102457,2024-10-05,店舗1,商品12,4,194,776
102457,2024-10-05,店舗1,商品12,3,194,582
102918,2024-10-05,店舗1,商品12,7,194,1358
103366,2024-10-05,店舗1,商品12,9,194,1746
103366,2024-10-05,店舗1,商品12,6,194,1164
103805,2024-10-05,店舗1,商品12,6,194,1164
103939,2024-10-05,店舗1,商品12,8,194,1552
103939,2024-10-05,店舗1,商品12,6,194,1164
103939,2024-10-05,店舗1,商品12,4,194,776
103939,2024-10-05,店舗1,商品12,6,194,1164
103939,2024-10-05,店舗1,商品12,3,194,582
103939,2024-10-05,店舗1,商品12,5,194,970
104086,2024-10-05,店舗1,商品12,5,194,970
104169,2024-10-05,店舗1,商品12,5,194,970
104976,2024-10-05,店舗1,商品12,4,194,776
105307,2024-10-05,店舗1,商品12,6,194,1164
105384,2024-10-05,店舗1,商品12,4,194,776
105423,2024-10-05,店舗1,商品12,3,194,582
105456,2024-10-05,店舗1,商品12,4,194,776
105952,2024-10-05,店舗1,商品12,4,194,776
100231,2024-10-05,店舗2,商品07,2,172,344
101789,2024-10-05,店舗2,商品04,2,194,388
102529,2024-10-05,店舗2,商品08,1,194,194
104060,2024-10-05,店舗2,商品09,2,172,344
104780,2024-10-05,店舗2,商品04,4,194,776
100005,2024-10-06,店舗1,商品12,7,194,1358
100303,2024-10-06,店舗1,商品12,6,194,1164
101026,2024-10-06,店舗1,商品12,6,194,1164
101375,2024-10-06,店舗1,商品12,6,194,1164
101386,2024-10-06,店舗1,商品12,3,194,582
101403,2024-10-06,店舗1,商品12,5,194,970
102794,2024-10-06,店舗1,商品09,5,172,860
102794,2024-10-06,店舗1,商品09,6,172,1032
102852,2024-10-06,店舗1,商品12,4,194,776
102920,2024-10-06,店舗1,商品12,5,194,970
102931,2024-10-06,店舗1,商品12,5,194,970
103097,2024-10-06,店舗1,商品04,6,194,1164
103097,2024-10-06,店舗1,商品04,7,194,1358
103097,2024-10-06,店舗1,商品04,6,194,1164
103097,2024-10-06,店舗1,商品04,4,194,776
103198,2024-10-06,店舗1,商品12,6,194,1164
103595,2024-10-06,店舗1,商品12,3,194,582
103923,2024-10-06,店舗1,商品12,3,194,582
103923,2024-10-06,店舗1,商品12,4,194,776
103923,2024-10-06,店舗1,商品12,5,194,970
103923,2024-10-06,店舗1,商品12,3,194,582
104054,2024-10-06,店舗1,商品12,8,194,1552
104120,2024-10-06,店舗1,商品09,3,172,516
104120,2024-10-06,店舗1,商品09,5,172,860
104467,2024-10-06,店舗1,商品12,4,194,776
104598,2024-10-06,店舗1,商品12,3,194,582
104598,2024-10-06,店舗1,商品12,3,194,582
104858,2024-10-06,店舗1,商品12,5,194,970
105052,2024-10-06,店舗1,商品12,9,194,1746
105658,2024-10-06,店舗1,商品12,6,194,1164
105658,2024-10-06,店舗1,商品12,3,194,582
101916,2024-10-06,店舗2,商品06,2,194,388
102928,2024-10-06,店舗2,商品08,3,194,582
104389,2024-10-06,店舗2,商品06,2,194,388
101562,2024-10-07,店舗1,商品10,5,194,970
101670,2024-10-07,店舗1,商品12,5,194,970
102168,2024-10-07,店舗1,商品10,3,194,582
103600,2024-10-07,店舗1,商品12,5,194,970
104228,2024-10-07,店舗1,商品12,6,194,1164
104450,2024-10-07,店舗1,商品06,4,194,776
104598,2024-10-07,店舗1,商品12,2,194,388
104598,2024-10-07,店舗1,商品12,2,194,388
102345,2024-10-07,店舗2,商品04,3,194,582
102542,2024-10-07,店舗2,商品07,4,172,688
103214,2024-10-07,店舗2,商品03,1,421,421
103274,2024-10-07,店舗2,商品04,2,194,388
103585,2024-10-07,店舗2,商品04,3,194,582
104068,2024-10-07,店舗2,商品04,3,194,582
104133,2024-10-07,店舗2,商品08,7,194,1358
104285,2024-10-07,店舗2,商品10,3,194,582
104381,2024-10-07,店舗2,商品05,3,194,582
104623,2024-10-07,店舗2,商品04,2,194,388
105876,2024-10-07,店舗2,商品04,7,194,1358
105920,2024-10-07,店舗2,商品09,2,172,344
101177,2024-10-08,店舗1,商品12,2,194,388
101287,2024-10-08,店舗1,商品12,3,194,582
101816,2024-10-08,店舗1,商品12,3,194,582
101816,2024-10-08,店舗1,商品12,3,194,582
103120,2024-10-08,店舗1,商品09,3,172,516
103120,2024-10-08,店舗1,商品09,4,172,688
103177,2024-10-08,店舗1,商品12,4,194,776
103177,2024-10-08,店舗1,商品12,5,194,970
103177,2024-10-08,店舗1,商品12,2,194,388
105128,2024-10-08,店舗1,商品12,2,194,388
105188,2024-10-08,店舗1,商品12,4,194,776
100342,2024-10-08,店舗2,商品04,2,194,388
101559,2024-10-08,店舗2,商品08,3,194,582
101883,2024-10-08,店舗2,商品08,3,194,582
102988,2024-10-08,店舗2,商品09,4,172,688
103360,2024-10-08,店舗2,商品07,4,172,688
103677,2024-10-08,店舗2,商品09,5,172,860
103980,2024-10-08,店舗2,商品09,4,172,688
104087,2024-10-08,店舗2,商品08,4,194,776
104227,2024-10-08,店舗2,商品01,2,172,344
104294,2024-10-08,店舗2,商品09,3,172,516
104867,2024-10-08,店舗2,商品09,3,172,516
105376,2024-10-08,店舗2,商品07,3,172,516
105600,2024-10-08,店舗2,商品08,4,194,776
102920,2024-10-09,店舗1,商品12,7,194,1358
104120,2024-10-09,店舗1,商品12,5,194,970
104596,2024-10-09,店舗1,商品12,5,194,970
104686,2024-10-09,店舗1,商品12,4,194,776
104729,2024-10-09,店舗1,商品12,6,194,1164
104867,2024-10-09,店舗1,商品10,5,194,970
105576,2024-10-09,店舗1,商品12,4,194,776
100384,2024-10-09,店舗2,商品08,3,194,582
100570,2024-10-09,店舗2,商品01,2,172,344
100845,2024-10-09,店舗2,商品09,5,172,860
101306,2024-10-09,店舗2,商品09,6,172,1032
101618,2024-10-09,店舗2,商品10,2,194,388
102414,2024-10-09,店舗2,商品07,5,172,860
102510,2024-10-09,店舗2,商品08,3,194,582
103385,2024-10-09,店舗2,商品08,3,194,582
103394,2024-10-09,店舗2,商品07,2,172,344
103636,2024-10-09,店舗2,商品09,2,172,344
104403,2024-10-09,店舗2,商品07,4,172,688
104442,2024-10-09,店舗2,商品04,3,194,582
104708,2024-10-09,店舗2,商品01,2,172,344
104708,2024-10-09,店舗2,商品04,2,194,388
100017,2024-10-10,店舗1,商品10,3,194,582
100906,2024-10-10,店舗1,商品12,4,194,776
101171,2024-10-10,店舗1,商品12,5,194,970
102609,2024-10-10,店舗1,商品12,3,194,582
102609,2024-10-10,店舗1,商品12,4,194,776
104266,2024-10-10,店舗1,商品07,3,172,516
104266,2024-10-10,店舗1,商品07,4,172,688
104295,2024-10-10,店舗1,商品12,2,194,388
104425,2024-10-10,店舗1,商品12,6,194,1164
104425,2024-10-10,店舗1,商品12,3,194,582
100487,2024-10-10,店舗2,商品08,4,194,776
101174,2024-10-10,店舗2,商品07,2,172,344
101180,2024-10-10,店舗2,商品05,5,194,970
101180,2024-10-10,店舗2,商品08,4,194,776
101427,2024-10-10,店舗2,商品04,6,194,1164
101783,2024-10-10,店舗2,商品08,2,194,388
102138,2024-10-10,店舗2,商品09,2,172,344
102138,2024-10-10,店舗2,商品09,2,172,344
102417,2024-10-10,店舗2,商品06,2,194,388
104818,2024-10-10,店舗2,商品08,2,194,388
105033,2024-10-10,店舗2,商品09,3,172,516
105294,2024-10-10,店舗2,商品07,1,172,172
105468,2024-10-10,店舗2,商品09,1,172,172
105859,2024-10-10,店舗2,商品05,4,194,776
100981,2024-10-11,店舗1,商品12,4,194,776
100981,2024-10-11,店舗1,商品12,4,194,776
102368,2024-10-11,店舗1,商品11,1,594,594
102618,2024-10-11,店舗1,商品07,4,172,688
103303,2024-10-11,店舗1,商品12,3,194,582
104258,2024-10-11,店舗1,商品11,1,594,594
104258,2024-10-11,店舗1,商品11,1,594,594
104258,2024-10-11,店舗1,商品11,1,594,594
104523,2024-10-11,店舗1,商品12,10,194,1940
104523,2024-10-11,店舗1,商品12,4,194,776
104555,2024-10-11,店舗1,商品12,5,194,970
104555,2024-10-11,店舗1,商品12,4,194,776
104708,2024-10-11,店舗1,商品12,3,194,582
104708,2024-10-11,店舗1,商品12,3,194,582
105206,2024-10-11,店舗1,商品12,4,194,776
100501,2024-10-11,店舗2,商品08,3,194,582
101403,2024-10-11,店舗2,商品09,4,172,688
101403,2024-10-11,店舗2,商品09,2,172,344
101403,2024-10-11,店舗2,商品09,2,172,344
101493,2024-10-11,店舗2,商品01,2,172,344
101850,2024-10-11,店舗2,商品08,3,194,582
103444,2024-10-11,店舗2,商品07,3,172,516
104009,2024-10-11,店舗2,商品06,7,194,1358
104075,2024-10-11,店舗2,商品09,3,172,516
104439,2024-10-11,店舗2,商品07,3,172,516
104448,2024-10-11,店舗2,商品09,3,172,516
104453,2024-10-11,店舗2,商品05,3,194,582
104453,2024-10-11,店舗2,商品05,3,194,582
104623,2024-10-11,店舗2,商品04,2,194,388
104802,2024-10-11,店舗2,商品01,3,172,516
105287,2024-10-11,店舗2,商品05,2,194,388
100045,2024-10-12,店舗1,商品12,6,194,1164
100811,2024-10-12,店舗1,商品12,9,194,1746
100856,2024-10-12,店舗1,商品11,2,594,1188
101074,2024-10-12,店舗1,商品12,3,194,582
101160,2024-10-12,店舗1,商品07,4,172,688
101406,2024-10-12,店舗1,商品12,8,194,1552
101889,2024-10-12,店舗1,商品12,6,194,1164
102112,2024-10-12,店舗1,商品12,5,194,970
102489,2024-10-12,店舗1,商品12,12,194,2328
102744,2024-10-12,店舗1,商品12,6,194,1164
102936,2024-10-12,店舗1,商品12,10,194,1940
103120,2024-10-12,店舗1,商品06,10,194,1940
103308,2024-10-12,店舗1,商品12,4,194,776
103308,2024-10-12,店舗1,商品12,7,194,1358
104031,2024-10-12,店舗1,商品12,3,194,582
104285,2024-10-12,店舗1,商品12,5,194,970
104441,2024-10-12,店舗1,商品12,10,194,1940
104707,2024-10-12,店舗1,商品12,4,194,776
104707,2024-10-12,店舗1,商品12,6,194,1164
105222,2024-10-12,店舗1,商品12,8,194,1552
105565,2024-10-12,店舗1,商品12,8,194,1552
105838,2024-10-12,店舗1,商品12,8,194,1552
100399,2024-10-12,店舗2,商品01,1,172,172
100399,2024-10-12,店舗2,商品01,1,172,172
100399,2024-10-12,店舗2,商品01,1,172,172
100399,2024-10-12,店舗2,商品01,1,172,172
100399,2024-10-12,店舗2,商品01,1,172,172
100550,2024-10-12,店舗2,商品04,2,194,388
100859,2024-10-12,店舗2,商品09,1,172,172
100921,2024-10-12,店舗2,商品08,2,194,388
100921,2024-10-12,店舗2,商品09,1,172,172
103587,2024-10-12,店舗2,商品07,1,172,172
100217,2024-10-13,店舗1,商品12,7,194,1358
100864,2024-10-13,店舗1,商品07,5,172,860
100964,2024-10-13,店舗1,商品12,8,194,1552
101264,2024-10-13,店舗1,商品12,8,194,1552
101264,2024-10-13,店舗1,商品12,7,194,1358
101264,2024-10-13,店舗1,商品12,5,194,970
101363,2024-10-13,店舗1,商品12,4,194,776
101755,2024-10-13,店舗1,商品12,5,194,970
101755,2024-10-13,店舗1,商品12,6,194,1164
101755,2024-10-13,店舗1,商品12,6,194,1164
101892,2024-10-13,店舗1,商品12,7,194,1358
102446,2024-10-13,店舗1,商品12,2,194,388
102485,2024-10-13,店舗1,商品12,3,194,582
102485,2024-10-13,店舗1,商品12,4,194,776
103303,2024-10-13,店舗1,商品12,5,194,970
103353,2024-10-13,店舗1,商品12,5,194,970
103353,2024-10-13,店舗1,商品12,5,194,970
103511,2024-10-13,店舗1,商品12,4,194,776
103936,2024-10-13,店舗1,商品12,6,194,1164
104851,2024-10-13,店舗1,商品12,3,194,582
105128,2024-10-13,店舗1,商品12,6,194,1164
105128,2024-10-13,店舗1,商品12,5,194,970
105236,2024-10-13,店舗1,商品12,6,194,1164
105264,2024-10-13,店舗1,商品12,3,194,582
105708,2024-10-13,店舗1,商品12,8,194,1552
105824,2024-10-13,店舗1,商品12,7,194,1358
101355,2024-10-13,店舗2,商品08,2,194,388
103421,2024-10-13,店舗2,商品07,2,172,344
104075,2024-10-13,店舗2,商品09,1,172,172
104075,2024-10-13,店舗2,商品09,2,172,344
100570,2024-10-14,店舗1,商品12,4,194,776
100931,2024-10-14,店舗1,商品12,5,194,970
100985,2024-10-14,店舗1,商品12,6,194,1164
102438,2024-10-14,店舗1,商品12,5,194,970
102485,2024-10-14,店舗1,商品12,4,194,776
102831,2024-10-14,店舗1,商品12,4,194,776
102971,2024-10-14,店舗1,商品12,6,194,1164
104009,2024-10-14,店舗1,商品12,7,194,1358
104058,2024-10-14,店舗1,商品01,7,172,1204
104261,2024-10-14,店舗1,商品06,6,194,1164
104644,2024-10-14,店舗1,商品12,4,194,776
105202,2024-10-14,店舗1,商品12,6,194,1164
105269,2024-10-14,店舗1,商品06,5,194,970
105269,2024-10-14,店舗1,商品06,5,194,970
105498,2024-10-14,店舗1,商品12,6,194,1164
105566,2024-10-14,店舗1,商品12,7,194,1358
105566,2024-10-14,店舗1,商品12,4,194,776
105566,2024-10-14,店舗1,商品12,6,194,1164
105598,2024-10-14,店舗1,商品12,12,194,2328
100859,2024-10-14,店舗2,商品09,1,172,172
100859,2024-10-14,店舗2,商品09,1,172,172
101478,2024-10-14,店舗2,商品06,1,194,194
101731,2024-10-14,店舗2,商品07,2,172,344
101731,2024-10-14,店舗2,商品07,2,172,344
103084,2024-10-14,店舗2,商品06,2,194,388
103084,2024-10-14,店舗2,商品06,3,194,582
103084,2024-10-14,店舗2,商品06,2,194,388
103177,2024-10-14,店舗2,商品07,1,172,172
105785,2024-10-14,店舗2,商品09,2,172,344
100144,2024-10-15,店舗1,商品12,4,194,776
100144,2024-10-15,店舗1,商品12,3,194,582
100403,2024-10-15,店舗1,商品12,7,194,1358
100766,2024-10-15,店舗1,商品12,5,194,970
101435,2024-10-15,店舗1,商品12,4,194,776
101730,2024-10-15,店舗1,商品12,4,194,776
102684,2024-10-15,店舗1,商品12,4,194,776
105668,2024-10-15,店舗1,商品12,4,194,776
101403,2024-10-15,店舗2,商品08,4,194,776
102039,2024-10-15,店舗2,商品04,4,194,776
102103,2024-10-15,店舗2,商品08,3,194,582
102103,2024-10-15,店舗2,商品08,3,194,582
102144,2024-10-15,店舗2,商品04,2,194,388
102414,2024-10-15,店舗2,商品04,2,194,388
103048,2024-10-15,店舗2,商品07,3,172,516
103048,2024-10-15,店舗2,商品07,3,172,516
103437,2024-10-15,店舗2,商品09,3,172,516
103516,2024-10-15,店舗2,商品08,2,194,388
104634,2024-10-15,店舗2,商品09,2,172,344
105377,2024-10-15,店舗2,商品08,2,194,388
105539,2024-10-15,店舗2,商品08,3,194,582
105799,2024-10-15,店舗2,商品09,4,172,688
105820,2024-10-15,店舗2,商品09,3,172,516
100418,2024-10-16,店舗1,商品12,5,194,970
101773,2024-10-16,店舗1,商品12,4,194,776
102279,2024-10-16,店舗1,商品04,4,194,776
102485,2024-10-16,店舗1,商品12,2,194,388
102778,2024-10-16,店舗1,商品12,2,194,388
105743,2024-10-16,店舗1,商品12,5,194,970
105911,2024-10-16,店舗1,商品12,3,194,582
105911,2024-10-16,店舗1,商品12,5,194,970
105911,2024-10-16,店舗1,商品12,4,194,776
105967,2024-10-16,店舗1,商品12,3,194,582
105967,2024-10-16,店舗1,商品12,3,194,582
100331,2024-10-16,店舗2,商品09,2,172,344
100501,2024-10-16,店舗2,商品08,2,194,388
100949,2024-10-16,店舗2,商品07,1,172,172
100949,2024-10-16,店舗2,商品07,1,172,172
100949,2024-10-16,店舗2,商品07,1,172,172
100949,2024-10-16,店舗2,商品09,1,172,172
100949,2024-10-16,店舗2,商品09,1,172,172
100949,2024-10-16,店舗2,商品09,2,172,344
101046,2024-10-16,店舗2,商品07,2,172,344
101046,2024-10-16,店舗2,商品09,1,172,172
101902,2024-10-16,店舗2,商品09,2,172,344
101902,2024-10-16,店舗2,商品09,2,172,344
102931,2024-10-16,店舗2,商品09,1,172,172
103004,2024-10-16,店舗2,商品09,2,172,344
103600,2024-10-16,店舗2,商品09,2,172,344
103639,2024-10-16,店舗2,商品04,1,194,194
104940,2024-10-16,店舗2,商品09,1,172,172
104940,2024-10-16,店舗2,商品09,2,172,344
105212,2024-10-16,店舗2,商品09,2,172,344
105379,2024-10-16,店舗2,商品07,2,172,344
105824,2024-10-16,店舗2,商品01,2,172,344
105824,2024-10-16,店舗2,商品01,2,172,344
105824,2024-10-16,店舗2,商品01,2,172,344
105824,2024-10-16,店舗2,商品01,1,172,172
105824,2024-10-16,店舗2,商品01,2,172,344
105824,2024-10-16,店舗2,商品01,2,172,344
105824,2024-10-16,店舗2,商品01,2,172,344
100113,2024-10-17,店舗1,商品12,5,194,970
100113,2024-10-17,店舗1,商品12,2,194,388
100685,2024-10-17,店舗1,商品12,6,194,1164
100878,2024-10-17,店舗1,商品12,4,194,776
104523,2024-10-17,店舗1,商品12,5,194,970
104989,2024-10-17,店舗1,商品12,6,194,1164
105376,2024-10-17,店舗1,商品11,1,594,594
105868,2024-10-17,店舗1,商品12,9,194,1746
102129,2024-10-17,店舗2,商品04,3,194,582
102768,2024-10-17,店舗2,商品07,2,172,344
102791,2024-10-17,店舗2,商品07,1,172,172
102791,2024-10-17,店舗2,商品07,2,172,344
102814,2024-10-17,店舗2,商品08,5,194,970
103142,2024-10-17,店舗2,商品06,2,194,388
103295,2024-10-17,店舗2,商品05,2,194,388
103295,2024-10-17,店舗2,商品05,2,194,388
103295,2024-10-17,店舗2,商品05,1,194,194
103295,2024-10-17,店舗2,商品05,3,194,582
103421,2024-10-17,店舗2,商品06,4,194,776
103421,2024-10-17,店舗2,商品07,3,172,516
103949,2024-10-17,店舗2,商品07,1,172,172
104453,2024-10-17,店舗2,商品08,1,194,194
104525,2024-10-17,店舗2,商品08,3,194,582
104623,2024-10-17,店舗2,商品04,2,194,388
104634,2024-10-17,店舗2,商品09,2,172,344
104634,2024-10-17,店舗2,商品09,2,172,344
105863,2024-10-17,店舗2,商品04,2,194,388
101074,2024-10-18,店舗1,商品12,5,194,970
101629,2024-10-18,店舗1,商品12,3,194,582
102155,2024-10-18,店舗1,商品12,4,194,776
102521,2024-10-18,店舗1,商品12,3,194,582
102521,2024-10-18,店舗1,商品12,4,194,776
102833,2024-10-18,店舗1,商品12,5,194,970
103408,2024-10-18,店舗1,商品12,2,194,388
105214,2024-10-18,店舗1,商品09,3,172,516
105214,2024-10-18,店舗1,商品10,3,194,582
105214,2024-10-18,店舗1,商品10,3,194,582
105214,2024-10-18,店舗1,商品10,4,194,776
105214,2024-10-18,店舗1,商品12,4,194,776
105214,2024-10-18,店舗1,商品12,3,194,582
105427,2024-10-18,店舗1,商品12,3,194,582
105427,2024-10-18,店舗1,商品12,2,194,388
105427,2024-10-18,店舗1,商品12,2,194,388
105456,2024-10-18,店舗1,商品12,3,194,582
100238,2024-10-18,店舗2,商品09,2,172,344
100382,2024-10-18,店舗2,商品01,3,172,516
100579,2024-10-18,店舗2,商品07,3,172,516
101798,2024-10-18,店舗2,商品06,3,194,582
102303,2024-10-18,店舗2,商品08,2,194,388
102326,2024-10-18,店舗2,商品09,3,172,516
102395,2024-10-18,店舗2,商品08,2,194,388
102395,2024-10-18,店舗2,商品08,7,194,1358
102471,2024-10-18,店舗2,商品09,2,172,344
103049,2024-10-18,店舗2,商品04,3,194,582
103912,2024-10-18,店舗2,商品04,4,194,776
103912,2024-10-18,店舗2,商品07,1,172,172
104386,2024-10-18,店舗2,商品04,4,194,776
105206,2024-10-18,店舗2,商品03,1,421,421
105587,2024-10-18,店舗2,商品08,2,194,388
105587,2024-10-18,店舗2,商品08,4,194,776
105745,2024-10-18,店舗2,商品04,3,194,582
100988,2024-10-19,店舗1,商品12,8,194,1552
100988,2024-10-19,店舗1,商品12,4,194,776
101718,2024-10-19,店舗1,商品12,5,194,970
101850,2024-10-19,店舗1,商品12,6,194,1164
102198,2024-10-19,店舗1,商品12,4,194,776
102198,2024-10-19,店舗1,商品12,4,194,776
102288,2024-10-19,店舗1,商品12,5,194,970
102304,2024-10-19,店舗1,商品12,7,194,1358
102751,2024-10-19,店舗1,商品12,5,194,970
102976,2024-10-19,店舗1,商品09,5,172,860
102976,2024-10-19,店舗1,商品09,5,172,860
103849,2024-10-19,店舗1,商品12,6,194,1164
104006,2024-10-19,店舗1,商品12,9,194,1746
104018,2024-10-19,店舗1,商品12,12,194,2328
104032,2024-10-19,店舗1,商品12,6,194,1164
104032,2024-10-19,店舗1,商品12,4,194,776
104258,2024-10-19,店舗1,商品11,1,594,594
104335,2024-10-19,店舗1,商品12,5,194,970
104661,2024-10-19,店舗1,商品12,5,194,970
104867,2024-10-19,店舗1,商品12,10,194,1940
105221,2024-10-19,店舗1,商品12,4,194,776
105568,2024-10-19,店舗1,商品12,6,194,1164
105568,2024-10-19,店舗1,商品12,4,194,776
105667,2024-10-19,店舗1,商品12,6,194,1164
105820,2024-10-19,店舗1,商品12,7,194,1358
105868,2024-10-19,店舗1,商品12,8,194,1552
101636,2024-10-19,店舗2,商品01,2,172,344
101731,2024-10-19,店舗2,商品07,2,172,344
101731,2024-10-19,店舗2,商品08,2,194,388
102187,2024-10-19,店舗2,商品09,3,172,516
103153,2024-10-19,店舗2,商品01,1,172,172
105317,2024-10-19,店舗2,商品09,2,172,344
100049,2024-10-20,店舗1,商品12,3,194,582
100146,2024-10-20,店舗1,商品12,4,194,776
100239,2024-10-20,店舗1,商品12,4,194,776
100928,2024-10-20,店舗1,商品12,3,194,582
100939,2024-10-20,店舗1,商品12,5,194,970
100939,2024-10-20,店舗1,商品12,4,194,776
101224,2024-10-20,店舗1,商品12,4,194,776
101266,2024-10-20,店舗1,商品12,4,194,776
101606,2024-10-20,店舗1,商品12,4,194,776
101731,2024-10-20,店舗1,商品07,6,172,1032
101798,2024-10-20,店舗1,商品12,8,194,1552
101798,2024-10-20,店舗1,商品12,6,194,1164
102321,2024-10-20,店舗1,商品12,5,194,970
103115,2024-10-20,店舗1,商品12,6,194,1164
103465,2024-10-20,店舗1,商品12,12,194,2328
103992,2024-10-20,店舗1,商品12,7,194,1358
104523,2024-10-20,店舗1,商品12,12,194,2328
105068,2024-10-20,店舗1,商品12,8,194,1552
105142,2024-10-20,店舗1,商品12,10,194,1940
105206,2024-10-20,店舗1,商品12,10,194,1940
105206,2024-10-20,店舗1,商品12,4,194,776
105342,2024-10-20,店舗1,商品12,7,194,1358
105342,2024-10-20,店舗1,商品12,5,194,970
105356,2024-10-20,店舗1,商品12,3,194,582
105356,2024-10-20,店舗1,商品12,4,194,776
101591,2024-10-20,店舗2,商品09,1,172,172
102371,2024-10-20,店舗2,商品05,1,194,194
102371,2024-10-20,店舗2,商品05,1,194,194
103363,2024-10-20,店舗2,商品08,2,194,388
105206,2024-10-20,店舗2,商品05,1,194,194
105206,2024-10-20,店舗2,商品05,2,194,388
100192,2024-10-21,店舗1,商品12,3,194,582
100742,2024-10-21,店舗1,商品12,6,194,1164
101160,2024-10-21,店舗1,商品10,3,194,582
104077,2024-10-21,店舗1,商品12,6,194,1164
104097,2024-10-21,店舗1,商品12,4,194,776
104172,2024-10-21,店舗1,商品12,4,194,776
105741,2024-10-21,店舗1,商品12,3,194,582
105741,2024-10-21,店舗1,商品12,5,194,970
101060,2024-10-21,店舗2,商品07,2,172,344
101365,2024-10-21,店舗2,商品09,1,172,172
101719,2024-10-21,店舗2,商品01,4,172,688
103004,2024-10-21,店舗2,商品09,2,172,344
103689,2024-10-21,店舗2,商品08,2,194,388
103799,2024-10-21,店舗2,商品04,1,194,194
103901,2024-10-21,店舗2,商品07,3,172,516
104940,2024-10-21,店舗2,商品06,4,194,776
105010,2024-10-21,店舗2,商品08,2,194,388
105049,2024-10-21,店舗2,商品04,2,194,388
105376,2024-10-21,店舗2,商品05,4,194,776
105376,2024-10-21,店舗2,商品08,2,194,388
105667,2024-10-21,店舗2,商品09,4,172,688
105667,2024-10-21,店舗2,商品09,3,172,516
105667,2024-10-21,店舗2,商品09,3,172,516
105910,2024-10-21,店舗2,商品01,2,172,344
102380,2024-10-22,店舗1,商品12,9,194,1746
104100,2024-10-22,店舗1,商品12,4,194,776
104100,2024-10-22,店舗1,商品12,5,194,970
104189,2024-10-22,店舗1,商品12,4,194,776
104293,2024-10-22,店舗1,商品12,4,194,776
104523,2024-10-22,店舗1,商品12,5,194,970
104707,2024-10-22,店舗1,商品12,3,194,582
105539,2024-10-22,店舗1,商品12,4,194,776
101032,2024-10-22,店舗2,商品07,5,172,860
101046,2024-10-22,店舗2,商品06,3,194,582
101625,2024-10-22,店舗2,商品04,3,194,582
101625,2024-10-22,店舗2,商品04,3,194,582
101625,2024-10-22,店舗2,商品04,1,194,194
102820,2024-10-22,店舗2,商品05,2,194,388
102826,2024-10-22,店舗2,商品08,3,194,582
103004,2024-10-22,店舗2,商品07,4,172,688
103421,2024-10-22,店舗2,商品07,2,172,344
104266,2024-10-22,店舗2,商品07,3,172,516
104954,2024-10-22,店舗2,商品04,3,194,582
105005,2024-10-22,店舗2,商品06,3,194,582
105100,2024-10-22,店舗2,商品06,1,194,194
105100,2024-10-22,店舗2,商品08,2,194,388
105625,2024-10-22,店舗2,商品07,2,172,344
105650,2024-10-22,店舗2,商品01,3,172,516
100510,2024-10-23,店舗1,商品12,8,194,1552
100510,2024-10-23,店舗1,商品12,5,194,970
102279,2024-10-23,店舗1,商品06,5,194,970
102479,2024-10-23,店舗1,商品12,2,194,388
102537,2024-10-23,店舗1,商品12,4,194,776
102537,2024-10-23,店舗1,商品12,5,194,970
103112,2024-10-23,店舗1,商品12,3,194,582
103121,2024-10-23,店舗1,商品12,3,194,582
104623,2024-10-23,店舗1,商品12,3,194,582
100892,2024-10-23,店舗2,商品09,1,172,172
100925,2024-10-23,店舗2,商品04,2,194,388
100925,2024-10-23,店舗2,商品06,3,194,582
101135,2024-10-23,店舗2,商品04,3,194,582
101194,2024-10-23,店舗2,商品08,2,194,388
102660,2024-10-23,店舗2,商品01,1,172,172
103098,2024-10-23,店舗2,商品07,3,172,516
103098,2024-10-23,店舗2,商品07,2,172,344
104066,2024-10-23,店舗2,商品04,2,194,388
104068,2024-10-23,店舗2,商品04,9,194,1746
104598,2024-10-23,店舗2,商品09,2,172,344
104867,2024-10-23,店舗2,商品09,3,172,516
104867,2024-10-23,店舗2,商品09,2,172,344
105468,2024-10-23,店舗2,商品09,2,172,344
105650,2024-10-23,店舗2,商品06,4,194,776
105860,2024-10-23,店舗2,商品09,1,172,172
105860,2024-10-23,店舗2,商品09,2,172,344
100570,2024-10-24,店舗1,商品12,3,194,582
100784,2024-10-24,店舗1,商品12,4,194,776
100784,2024-10-24,店舗1,商品12,6,194,1164
100938,2024-10-24,店舗1,商品12,3,194,582
102148,2024-10-24,店舗1,商品12,8,194,1552
103300,2024-10-24,店舗1,商品12,4,194,776
103702,2024-10-24,店舗1,商品12,4,194,776
104120,2024-10-24,店舗1,商品06,3,194,582
104120,2024-10-24,店舗1,商品07,3,172,516
100130,2024-10-24,店舗2,商品08,3,194,582
100906,2024-10-24,店舗2,商品07,3,172,516
101276,2024-10-24,店舗2,商品04,2,194,388
101382,2024-10-24,店舗2,商品01,4,172,688
101867,2024-10-24,店舗2,商品09,4,172,688
102485,2024-10-24,店舗2,商品04,2,194,388
102513,2024-10-24,店舗2,商品08,3,194,582
103084,2024-10-24,店舗2,商品09,2,172,344
104225,2024-10-24,店舗2,商品07,5,172,860
104397,2024-10-24,店舗2,商品09,2,172,344
104407,2024-10-24,店舗2,商品08,5,194,970
104407,2024-10-24,店舗2,商品08,3,194,582
105494,2024-10-24,店舗2,商品04,2,194,388
105684,2024-10-24,店舗2,商品07,4,172,688
100177,2024-10-25,店舗1,商品12,9,194,1746
100525,2024-10-25,店舗1,商品12,6,194,1164
101247,2024-10-25,店舗1,商品12,5,194,970
101386,2024-10-25,店舗1,商品12,5,194,970
102997,2024-10-25,店舗1,商品12,7,194,1358
103183,2024-10-25,店舗1,商品12,4,194,776
103493,2024-10-25,店舗1,商品12,4,194,776
104403,2024-10-25,店舗1,商品12,5,194,970
104445,2024-10-25,店舗1,商品12,7,194,1358
105461,2024-10-25,店舗1,商品12,10,194,1940
105704,2024-10-25,店舗1,商品12,4,194,776
100761,2024-10-25,店舗2,商品08,1,194,194
101164,2024-10-25,店舗2,商品04,5,194,970
101177,2024-10-25,店舗2,商品07,3,172,516
101276,2024-10-25,店舗2,商品04,4,194,776
102041,2024-10-25,店舗2,商品09,2,172,344
102041,2024-10-25,店舗2,商品09,2,172,344
102411,2024-10-25,店舗2,商品09,2,172,344
102665,2024-10-25,店舗2,商品02,1,297,297
102956,2024-10-25,店舗2,商品07,4,172,688
103346,2024-10-25,店舗2,商品07,6,172,1032
103421,2024-10-25,店舗2,商品09,3,172,516
103877,2024-10-25,店舗2,商品08,3,194,582
103877,2024-10-25,店舗2,商品08,1,194,194
104129,2024-10-25,店舗2,商品05,3,194,582
104170,2024-10-25,店舗2,商品06,4,194,776
104170,2024-10-25,店舗2,商品06,2,194,388
104519,2024-10-25,店舗2,商品04,2,194,388
104519,2024-10-25,店舗2,商品04,3,194,582
104589,2024-10-25,店舗2,商品04,3,194,582
104607,2024-10-25,店舗2,商品07,5,172,860
105556,2024-10-25,店舗2,商品07,1,172,172
100021,2024-10-26,店舗1,商品12,6,194,1164
100607,2024-10-26,店舗1,商品12,12,194,2328
100826,2024-10-26,店舗1,商品12,4,194,776
100928,2024-10-26,店舗1,商品12,5,194,970
101195,2024-10-26,店舗1,商品12,6,194,1164
101224,2024-10-26,店舗1,商品12,5,194,970
101246,2024-10-26,店舗1,商品12,7,194,1358
101687,2024-10-26,店舗1,商品12,5,194,970
101792,2024-10-26,店舗1,商品12,4,194,776
101792,2024-10-26,店舗1,商品12,5,194,970
101892,2024-10-26,店舗1,商品12,7,194,1358
102447,2024-10-26,店舗1,商品12,8,194,1552
102552,2024-10-26,店舗1,商品12,6,194,1164
102997,2024-10-26,店舗1,商品12,8,194,1552
103084,2024-10-26,店舗1,商品12,6,194,1164
103162,2024-10-26,店舗1,商品12,5,194,970
103162,2024-10-26,店舗1,商品12,7,194,1358
103856,2024-10-26,店舗1,商品12,5,194,970
103856,2024-10-26,店舗1,商品12,6,194,1164
104046,2024-10-26,店舗1,商品12,9,194,1746
104066,2024-10-26,店舗1,商品12,4,194,776
104157,2024-10-26,店舗1,商品12,9,194,1746
104295,2024-10-26,店舗1,商品12,10,194,1940
104389,2024-10-26,店舗1,商品12,8,194,1552
104389,2024-10-26,店舗1,商品12,6,194,1164
105055,2024-10-26,店舗1,商品12,4,194,776
105322,2024-10-26,店舗1,商品12,7,194,1358
105322,2024-10-26,店舗1,商品12,7,194,1358
105322,2024-10-26,店舗1,商品12,5,194,970
105521,2024-10-26,店舗1,商品12,6,194,1164
105556,2024-10-26,店舗1,商品12,9,194,1746
105621,2024-10-26,店舗1,商品12,4,194,776
100741,2024-10-26,店舗2,商品07,3,172,516
102291,2024-10-26,店舗2,商品05,3,194,582
103494,2024-10-26,店舗2,商品07,3,172,516
104670,2024-10-26,店舗2,商品01,2,172,344
105809,2024-10-26,店舗2,商品09,3,172,516
105925,2024-10-26,店舗2,商品07,1,172,172
100883,2024-10-27,店舗1,商品09,9,172,1548
100883,2024-10-27,店舗1,商品09,6,172,1032
100883,2024-10-27,店舗1,商品09,4,172,688
100883,2024-10-27,店舗1,商品12,6,194,1164
100883,2024-10-27,店舗1,商品12,6,194,1164
101013,2024-10-27,店舗1,商品12,6,194,1164
101013,2024-10-27,店舗1,商品12,7,194,1358
101403,2024-10-27,店舗1,商品07,4,172,688
101850,2024-10-27,店舗1,商品12,3,194,582
101850,2024-10-27,店舗1,商品12,4,194,776
102679,2024-10-27,店舗1,商品12,3,194,582
102679,2024-10-27,店舗1,商品12,5,194,970
102679,2024-10-27,店舗1,商品12,4,194,776
102697,2024-10-27,店舗1,商品12,5,194,970
102820,2024-10-27,店舗1,商品12,5,194,970
102845,2024-10-27,店舗1,商品12,4,194,776
103031,2024-10-27,店舗1,商品12,8,194,1552
103361,2024-10-27,店舗1,商品12,6,194,1164
103722,2024-10-27,店舗1,商品12,5,194,970
104373,2024-10-27,店舗1,商品11,2,594,1188
104373,2024-10-27,店舗1,商品11,1,594,594
104424,2024-10-27,店舗1,商品12,6,194,1164
104485,2024-10-27,店舗1,商品12,8,194,1552
104845,2024-10-27,店舗1,商品12,9,194,1746
104871,2024-10-27,店舗1,商品12,4,194,776
104871,2024-10-27,店舗1,商品12,11,194,2134
105127,2024-10-27,店舗1,商品11,2,594,1188
105185,2024-10-27,店舗1,商品12,4,194,776
105307,2024-10-27,店舗1,商品12,5,194,970
105598,2024-10-27,店舗1,商品10,4,194,776
105716,2024-10-27,店舗1,商品12,5,194,970
105716,2024-10-27,店舗1,商品12,8,194,1552
105716,2024-10-27,店舗1,商品12,6,194,1164
105748,2024-10-27,店舗1,商品12,5,194,970
105939,2024-10-27,店舗1,商品12,5,194,970
105939,2024-10-27,店舗1,商品12,4,194,776
103727,2024-10-27,店舗2,商品09,1,172,172
104066,2024-10-27,店舗2,商品04,2,194,388
104066,2024-10-27,店舗2,商品09,3,172,516
104249,2024-10-27,店舗2,商品04,2,194,388
105819,2024-10-27,店舗2,商品10,1,194,194
100184,2024-10-28,店舗1,商品12,3,194,582
100184,2024-10-28,店舗1,商品12,5,194,970
100811,2024-10-28,店舗1,商品12,4,194,776
101733,2024-10-28,店舗1,商品12,4,194,776
101733,2024-10-28,店舗1,商品12,3,194,582
102922,2024-10-28,店舗1,商品12,3,194,582
102959,2024-10-28,店舗1,商品12,3,194,582
104858,2024-10-28,店舗1,商品12,5,194,970
105269,2024-10-28,店舗1,商品06,5,194,970
105740,2024-10-28,店舗1,商品12,5,194,970
100830,2024-10-28,店舗2,商品09,3,172,516
100830,2024-10-28,店舗2,商品09,2,172,344
100830,2024-10-28,店舗2,商品09,1,172,172
100859,2024-10-28,店舗2,商品09,2,172,344
100859,2024-10-28,店舗2,商品09,2,172,344
100859,2024-10-28,店舗2,商品09,1,172,172
100859,2024-10-28,店舗2,商品09,2,172,344
100859,2024-10-28,店舗2,商品09,3,172,516
100859,2024-10-28,店舗2,商品09,2,172,344
100859,2024-10-28,店舗2,商品09,1,172,172
102545,2024-10-28,店舗2,商品08,1,194,194
102857,2024-10-28,店舗2,商品09,1,172,172
103048,2024-10-28,店舗2,商品07,2,172,344
103177,2024-10-28,店舗2,商品04,1,194,194
103859,2024-10-28,店舗2,商品07,3,172,516
103997,2024-10-28,店舗2,商品09,2,172,344
104439,2024-10-28,店舗2,商品07,4,172,688
104439,2024-10-28,店舗2,商品07,2,172,344
104867,2024-10-28,店舗2,商品09,1,172,172
105212,2024-10-28,店舗2,商品09,4,172,688
105212,2024-10-28,店舗2,商品09,3,172,516
105335,2024-10-28,店舗2,商品07,3,172,516
105559,2024-10-28,店舗2,商品05,3,194,582
105710,2024-10-28,店舗2,商品09,2,172,344
105840,2024-10-28,店舗2,商品07,2,172,344
100138,2024-10-29,店舗1,商品12,2,194,388
102327,2024-10-29,店舗1,商品12,5,194,970
103394,2024-10-29,店舗1,商品12,5,194,970
103394,2024-10-29,店舗1,商品12,4,194,776
103394,2024-10-29,店舗1,商品12,4,194,776
103394,2024-10-29,店舗1,商品12,5,194,970
104068,2024-10-29,店舗1,商品12,2,194,388
104745,2024-10-29,店舗1,商品12,5,194,970
105244,2024-10-29,店舗1,商品12,4,194,776
105396,2024-10-29,店舗1,商品12,4,194,776
105671,2024-10-29,店舗1,商品12,3,194,582
100224,2024-10-29,店舗2,商品06,4,194,776
100464,2024-10-29,店舗2,商品09,3,172,516
100878,2024-10-29,店舗2,商品04,3,194,582
100878,2024-10-29,店舗2,商品06,2,194,388
101631,2024-10-29,店舗2,商品04,4,194,776
102618,2024-10-29,店舗2,商品08,5,194,970
103153,2024-10-29,店舗2,商品08,3,194,582
103655,2024-10-29,店舗2,商品08,4,194,776
103702,2024-10-29,店舗2,商品07,2,172,344
103781,2024-10-29,店舗2,商品09,1,172,172
104335,2024-10-29,店舗2,商品09,3,172,516
104975,2024-10-29,店舗2,商品06,3,194,582
104978,2024-10-29,店舗2,商品09,2,172,344
105004,2024-10-29,店舗2,商品07,4,172,688
105859,2024-10-29,店舗2,商品05,3,194,582
105859,2024-10-29,店舗2,商品05,3,194,582
105896,2024-10-29,店舗2,商品10,4,194,776
101403,2024-10-30,店舗1,商品12,2,194,388
102279,2024-10-30,店舗1,商品12,5,194,970
102279,2024-10-30,店舗1,商品12,6,194,1164
102331,2024-10-30,店舗1,商品12,4,194,776
103484,2024-10-30,店舗1,商品12,6,194,1164
104515,2024-10-30,店舗1,商品12,4,194,776
104949,2024-10-30,店舗1,商品12,5,194,970
105071,2024-10-30,店舗1,商品10,5,194,970
105778,2024-10-30,店舗1,商品12,4,194,776
105910,2024-10-30,店舗1,商品12,5,194,970
100230,2024-10-30,店舗2,商品07,5,172,860
101408,2024-10-30,店舗2,商品05,4,194,776
101490,2024-10-30,店舗2,商品09,2,172,344
101500,2024-10-30,店舗2,商品05,3,194,582
101517,2024-10-30,店舗2,商品09,4,172,688
103084,2024-10-30,店舗2,商品04,2,194,388
103084,2024-10-30,店舗2,商品07,2,172,344
103084,2024-10-30,店舗2,商品09,3,172,516
103168,2024-10-30,店舗2,商品07,3,172,516
103261,2024-10-30,店舗2,商品07,3,172,516
103265,2024-10-30,店舗2,商品09,3,172,516
103265,2024-10-30,店舗2,商品09,3,172,516
103684,2024-10-30,店舗2,商品08,3,194,582
103698,2024-10-30,店舗2,商品04,2,194,388
104018,2024-10-30,店舗2,商品08,3,194,582
104141,2024-10-30,店舗2,商品07,3,172,516
104464,2024-10-30,店舗2,商品07,3,172,516
104890,2024-10-30,店舗2,商品07,2,172,344
104924,2024-10-30,店舗2,商品06,4,194,776
100055,2024-10-31,店舗1,商品12,4,194,776
100892,2024-10-31,店舗1,商品12,2,194,388
101568,2024-10-31,店舗1,商品12,3,194,582
102485,2024-10-31,店舗1,商品12,4,194,776
103174,2024-10-31,店舗1,商品12,2,194,388
103174,2024-10-31,店舗1,商品12,3,194,582
104665,2024-10-31,店舗1,商品12,6,194,1164
105533,2024-10-31,店舗1,商品04,3,194,582
105533,2024-10-31,店舗1,商品06,4,194,776
105533,2024-10-31,店舗1,商品07,4,172,688
105533,2024-10-31,店舗1,商品07,4,172,688
105533,2024-10-31,店舗1,商品07,4,172,688
105816,2024-10-31,店舗1,商品12,3,194,582
105945,2024-10-31,店舗1,商品12,2,194,388
100582,2024-10-31,店舗2,商品08,1,194,194
100664,2024-10-31,店舗2,商品08,1,194,194
101163,2024-10-31,店舗2,商品01,1,172,172
101163,2024-10-31,店舗2,商品09,3,172,516
101918,2024-10-31,店舗2,商品01,1,172,172
102303,2024-10-31,店舗2,商品07,2,172,344
102684,2024-10-31,店舗2,商品09,3,172,516
102686,2024-10-31,店舗2,商品06,1,194,194
102686,2024-10-31,店舗2,商品06,2,194,388
102736,2024-10-31,店舗2,商品08,2,194,388
102736,2024-10-31,店舗2,商品09,1,172,172
102780,2024-10-31,店舗2,商品04,1,194,194
103082,2024-10-31,店舗2,商品04,1,194,194
103082,2024-10-31,店舗2,商品04,1,194,194
103097,2024-10-31,店舗2,商品08,1,194,194
103097,2024-10-31,店舗2,商品08,2,194,388
104087,2024-10-31,店舗2,商品01,2,172,344
105325,2024-10-31,店舗2,商品06,1,194,194
105514,2024-10-31,店舗2,商品07,2,172,344
105514,2024-10-31,店舗2,商品07,1,172,172
105514,2024-10-31,店舗2,商品07,2,172,344
105514,2024-10-31,店舗2,商品07,1,172,172
105514,2024-10-31,店舗2,商品07,1,172,172
105514,2024-10-31,店舗2,商品07,1,172,172
105514,2024-10-31,店舗2,商品07,2,172,344
105514,2024-10-31,店舗2,商品07,2,172,344
105514,2024-10-31,店舗2,商品07,1,172,172
105514,2024-10-31,店舗2,商品07,2,172,344
105514,2024-10-31,店舗2,商品07,2,172,344
105514,2024-10-31,店舗2,商品07,2,172,344
105514,2024-10-31,店舗2,商品07,2,172,344
105625,2024-10-31,店舗2,商品07,2,172,344
105625,2024-10-31,店舗2,商品07,2,172,344
100418,2024-11-01,店舗1,商品12,2,194,388
100638,2024-11-01,店舗1,商品12,4,194,776
100720,2024-11-01,店舗1,商品12,4,194,776
100784,2024-11-01,店舗1,商品12,1,194,194
100864,2024-11-01,店舗1,商品05,3,194,582
100864,2024-11-01,店舗1,商品05,3,194,582
100864,2024-11-01,店舗1,商品07,4,172,688
100864,2024-11-01,店舗1,商品07,4,172,688
100864,2024-11-01,店舗1,商品07,3,172,516
101970,2024-11-01,店舗1,商品12,3,194,582
101970,2024-11-01,店舗1,商品12,6,194,1164
102586,2024-11-01,店舗1,商品12,5,194,970
103653,2024-11-01,店舗1,商品12,3,194,582
104009,2024-11-01,店舗1,商品12,3,194,582
104027,2024-11-01,店舗1,商品12,3,194,582
104027,2024-11-01,店舗1,商品12,3,194,582
101175,2024-11-01,店舗2,商品01,2,172,344
101500,2024-11-01,店舗2,商品09,2,172,344
101584,2024-11-01,店舗2,商品04,3,194,582
101829,2024-11-01,店舗2,商品08,2,194,388
102245,2024-11-01,店舗2,商品09,2,172,344
103004,2024-11-01,店舗2,商品09,1,172,172
103004,2024-11-01,店舗2,商品09,2,172,344
103004,2024-11-01,店舗2,商品09,2,172,344
103004,2024-11-01,店舗2,商品09,3,172,516
103004,2024-11-01,店舗2,商品09,2,172,344
103004,2024-11-01,店舗2,商品09,1,172,172
103132,2024-11-01,店舗2,商品01,2,172,344
103132,2024-11-01,店舗2,商品01,1,172,172
103132,2024-11-01,店舗2,商品01,2,172,344
104031,2024-11-01,店舗2,商品09,2,172,344
104038,2024-11-01,店舗2,商品09,2,172,344
104203,2024-11-01,店舗2,商品09,2,172,344
104527,2024-11-01,店舗2,商品04,3,194,582
104571,2024-11-01,店舗2,商品07,2,172,344
105033,2024-11-01,店舗2,商品07,3,172,516
105422,2024-11-01,店舗2,商品09,3,172,516
105422,2024-11-01,店舗2,商品09,3,172,516
105742,2024-11-01,店舗2,商品08,4,194,776
100494,2024-11-02,店舗1,商品05,8,194,1552
100642,2024-11-02,店舗1,商品12,5,194,970
100817,2024-11-02,店舗1,商品12,7,194,1358
101303,2024-11-02,店舗1,商品12,5,194,970
101718,2024-11-02,店舗1,商品12,8,194,1552
101731,2024-11-02,店舗1,商品12,6,194,1164
101793,2024-11-02,店舗1,商品12,6,194,1164
102208,2024-11-02,店舗1,商品12,5,194,970
102337,2024-11-02,店舗1,商品12,7,194,1358
102337,2024-11-02,店舗1,商品12,10,194,1940
102485,2024-11-02,店舗1,商品12,7,194,1358
102665,2024-11-02,店舗1,商品12,8,194,1552
103171,2024-11-02,店舗1,商品12,7,194,1358
103701,2024-11-02,店舗1,商品12,7,194,1358
103934,2024-11-02,店舗1,商品12,5,194,970
104058,2024-11-02,店舗1,商品12,5,194,970
104058,2024-11-02,店舗1,商品12,6,194,1164
104239,2024-11-02,店舗1,商品12,4,194,776
104239,2024-11-02,店舗1,商品12,6,194,1164
104651,2024-11-02,店舗1,商品12,8,194,1552
104993,2024-11-02,店舗1,商品12,4,194,776
105171,2024-11-02,店舗1,商品12,4,194,776
105278,2024-11-02,店舗1,商品12,6,194,1164
105376,2024-11-02,店舗1,商品10,8,194,1552
105376,2024-11-02,店舗1,商品10,10,194,1940
105514,2024-11-02,店舗1,商品12,4,194,776
100587,2024-11-02,店舗2,商品09,2,172,344
100891,2024-11-02,店舗2,商品07,4,172,688
103084,2024-11-02,店舗2,商品01,2,172,344
104607,2024-11-02,店舗2,商品09,1,172,172
105809,2024-11-02,店舗2,商品01,3,172,516
100303,2024-11-03,店舗1,商品05,6,194,1164
100853,2024-11-03,店舗1,商品12,5,194,970
100985,2024-11-03,店舗1,商品12,8,194,1552
100985,2024-11-03,店舗1,商品12,6,194,1164
101026,2024-11-03,店舗1,商品12,3,194,582
101026,2024-11-03,店舗1,商品12,4,194,776
101465,2024-11-03,店舗1,商品12,5,194,970
101559,2024-11-03,店舗1,商品12,7,194,1358
101992,2024-11-03,店舗1,商品12,4,194,776
102510,2024-11-03,店舗1,商品12,8,194,1552
102510,2024-11-03,店舗1,商品12,8,194,1552
102552,2024-11-03,店舗1,商品12,4,194,776
103214,2024-11-03,店舗1,商品05,6,194,1164
103303,2024-11-03,店舗1,商品12,6,194,1164
103400,2024-11-03,店舗1,商品07,4,172,688
103940,2024-11-03,店舗1,商品12,4,194,776
104947,2024-11-03,店舗1,商品12,4,194,776
105214,2024-11-03,店舗1,商品10,6,194,1164
105214,2024-11-03,店舗1,商品10,8,194,1552
105778,2024-11-03,店舗1,商品12,4,194,776
100929,2024-11-03,店舗2,商品04,1,194,194
100929,2024-11-03,店舗2,商品04,2,194,388
102852,2024-11-03,店舗2,商品07,2,172,344
103467,2024-11-03,店舗2,商品07,2,172,344
103738,2024-11-03,店舗2,商品07,1,172,172
104667,2024-11-03,店舗2,商品08,1,194,194
105423,2024-11-03,店舗2,商品04,2,194,388
105423,2024-11-03,店舗2,商品04,2,194,388
105868,2024-11-03,店舗2,商品07,2,172,344
105868,2024-11-03,店舗2,商品07,1,172,172
105868,2024-11-03,店舗2,商品09,1,172,172
100929,2024-11-04,店舗1,商品12,4,194,776
100944,2024-11-04,店舗1,商品12,7,194,1358
102331,2024-11-04,店舗1,商品12,4,194,776
102552,2024-11-04,店舗1,商品12,5,194,970
102672,2024-11-04,店舗1,商品12,11,194,2134
102672,2024-11-04,店舗1,商品12,10,194,1940
102692,2024-11-04,店舗1,商品12,5,194,970
103316,2024-11-04,店舗1,商品12,5,194,970
104120,2024-11-04,店舗1,商品07,6,172,1032
104120,2024-11-04,店舗1,商品07,5,172,860
104120,2024-11-04,店舗1,商品07,7,172,1204
104141,2024-11-04,店舗1,商品12,4,194,776
104178,2024-11-04,店舗1,商品12,8,194,1552
104258,2024-11-04,店舗1,商品11,2,594,1188
104689,2024-11-04,店舗1,商品12,6,194,1164
104977,2024-11-04,店舗1,商品12,4,194,776
105033,2024-11-04,店舗1,商品12,6,194,1164
105135,2024-11-04,店舗1,商品12,4,194,776
105190,2024-11-04,店舗1,商品12,5,194,970
105819,2024-11-04,店舗1,商品12,7,194,1358
100162,2024-11-04,店舗2,商品07,3,172,516
101240,2024-11-04,店舗2,商品01,1,172,172
101547,2024-11-04,店舗2,商品01,2,172,344
101547,2024-11-04,店舗2,商品01,3,172,516
102279,2024-11-04,店舗2,商品01,2,172,344
102859,2024-11-04,店舗2,商品09,3,172,516
104017,2024-11-04,店舗2,商品05,3,194,582
100876,2024-11-05,店舗1,商品12,3,194,582
101559,2024-11-05,店舗1,商品12,3,194,582
101925,2024-11-05,店舗1,商品12,4,194,776
101925,2024-11-05,店舗1,商品12,3,194,582
102085,2024-11-05,店舗1,商品12,4,194,776
102085,2024-11-05,店舗1,商品12,6,194,1164
104525,2024-11-05,店舗1,商品12,2,194,388
105742,2024-11-05,店舗1,商品12,4,194,776
105824,2024-11-05,店舗1,商品12,6,194,1164
100633,2024-11-05,店舗2,商品09,2,172,344
101261,2024-11-05,店舗2,商品06,3,194,582
101261,2024-11-05,店舗2,商品08,2,194,388
102825,2024-11-05,店舗2,商品07,2,172,344
102881,2024-11-05,店舗2,商品04,2,194,388
102917,2024-11-05,店舗2,商品04,3,194,582
103444,2024-11-05,店舗2,商品09,3,172,516
103657,2024-11-05,店舗2,商品09,7,172,1204
103682,2024-11-05,店舗2,商品08,2,194,388
103730,2024-11-05,店舗2,商品07,2,172,344
103898,2024-11-05,店舗2,商品08,3,194,582
104054,2024-11-05,店舗2,商品08,5,194,970
104054,2024-11-05,店舗2,商品08,2,194,388
104780,2024-11-05,店舗2,商品04,3,194,582
105688,2024-11-05,店舗2,商品01,3,172,516
100049,2024-11-06,店舗1,商品12,4,194,776
101482,2024-11-06,店舗1,商品12,8,194,1552
102217,2024-11-06,店舗1,商品12,5,194,970
102561,2024-11-06,店舗1,商品12,3,194,582
102561,2024-11-06,店舗1,商品12,4,194,776
102665,2024-11-06,店舗1,商品12,4,194,776
103399,2024-11-06,店舗1,商品12,3,194,582
104992,2024-11-06,店舗1,商品12,4,194,776
105033,2024-11-06,店舗1,商品12,2,194,388
105033,2024-11-06,店舗1,商品12,3,194,582
100102,2024-11-06,店舗2,商品08,4,194,776
100102,2024-11-06,店舗2,商品08,4,194,776
100102,2024-11-06,店舗2,商品08,2,194,388
100234,2024-11-06,店舗2,商品07,2,172,344
100234,2024-11-06,店舗2,商品08,2,194,388
100244,2024-11-06,店舗2,商品08,2,194,388
100416,2024-11-06,店舗2,商品04,2,194,388
100416,2024-11-06,店舗2,商品04,3,194,582
100416,2024-11-06,店舗2,商品04,4,194,776
100564,2024-11-06,店舗2,商品09,3,172,516
101626,2024-11-06,店舗2,商品01,3,172,516
103157,2024-11-06,店舗2,商品09,2,172,344
103489,2024-11-06,店舗2,商品08,2,194,388
103724,2024-11-06,店舗2,商品07,3,172,516
105260,2024-11-06,店舗2,商品09,2,172,344
105521,2024-11-06,店舗2,商品04,4,194,776
105747,2024-11-06,店舗2,商品07,1,172,172
101731,2024-11-07,店舗1,商品12,5,194,970
102279,2024-11-07,店舗1,商品04,3,194,582
102287,2024-11-07,店舗1,商品10,4,194,776
102287,2024-11-07,店舗1,商品12,6,194,1164
102708,2024-11-07,店舗1,商品12,5,194,970
103800,2024-11-07,店舗1,商品12,7,194,1358
104266,2024-11-07,店舗1,商品12,5,194,970
105117,2024-11-07,店舗1,商品12,3,194,582
100780,2024-11-07,店舗2,商品09,4,172,688
100956,2024-11-07,店舗2,商品08,3,194,582
101032,2024-11-07,店舗2,商品07,5,172,860
101032,2024-11-07,店舗2,商品07,2,172,344
101171,2024-11-07,店舗2,商品07,1,172,172
101731,2024-11-07,店舗2,商品07,1,172,172
101975,2024-11-07,店舗2,商品09,2,172,344
102426,2024-11-07,店舗2,商品07,3,172,516
102686,2024-11-07,店舗2,商品06,2,194,388
104009,2024-11-07,店舗2,商品06,1,194,194
104121,2024-11-07,店舗2,商品08,3,194,582
104977,2024-11-07,店舗2,商品07,3,172,516
105052,2024-11-07,店舗2,商品09,2,172,344
105052,2024-11-07,店舗2,商品09,2,172,344
105052,2024-11-07,店舗2,商品09,2,172,344
105517,2024-11-07,店舗2,商品09,2,172,344
105517,2024-11-07,店舗2,商品09,5,172,860
100664,2024-11-08,店舗1,商品12,3,194,582
101501,2024-11-08,店舗1,商品12,7,194,1358
101719,2024-11-08,店舗1,商品12,3,194,582
101719,2024-11-08,店舗1,商品12,4,194,776
103483,2024-11-08,店舗1,商品07,6,172,1032
103483,2024-11-08,店舗1,商品07,3,172,516
103556,2024-11-08,店舗1,商品12,5,194,970
104587,2024-11-08,店舗1,商品12,6,194,1164
105179,2024-11-08,店舗1,商品12,3,194,582
105716,2024-11-08,店舗1,商品12,3,194,582
105915,2024-11-08,店舗1,商品12,8,194,1552
100230,2024-11-08,店舗2,商品07,2,172,344
100510,2024-11-08,店舗2,商品07,3,172,516
101081,2024-11-08,店舗2,商品09,2,172,344
101306,2024-11-08,店舗2,商品08,3,194,582
102138,2024-11-08,店舗2,商品08,3,194,582
102168,2024-11-08,店舗2,商品08,2,194,388
102372,2024-11-08,店舗2,商品04,2,194,388
103226,2024-11-08,店舗2,商品09,4,172,688
103934,2024-11-08,店舗2,商品09,3,172,516
104914,2024-11-08,店舗2,商品03,1,421,421
104914,2024-11-08,店舗2,商品07,2,172,344
104977,2024-11-08,店舗2,商品05,4,194,776
105027,2024-11-08,店舗2,商品08,3,194,582
105027,2024-11-08,店舗2,商品08,3,194,582
105104,2024-11-08,店舗2,商品07,5,172,860
105439,2024-11-08,店舗2,商品08,2,194,388
105439,2024-11-08,店舗2,商品08,2,194,388
100067,2024-11-09,店舗1,商品12,6,194,1164
100248,2024-11-09,店舗1,商品12,9,194,1746
100360,2024-11-09,店舗1,商品12,6,194,1164
100533,2024-11-09,店舗1,商品12,4,194,776
100670,2024-11-09,店舗1,商品12,5,194,970
100722,2024-11-09,店舗1,商品12,3,194,582
100783,2024-11-09,店舗1,商品12,4,194,776
101136,2024-11-09,店舗1,商品12,6,194,1164
101136,2024-11-09,店舗1,商品12,7,194,1358
101516,2024-11-09,店舗1,商品12,5,194,970
101850,2024-11-09,店舗1,商品12,6,194,1164
101999,2024-11-09,店舗1,商品12,5,194,970
102372,2024-11-09,店舗1,商品12,3,194,582
102372,2024-11-09,店舗1,商品12,4,194,776
102389,2024-11-09,店舗1,商品12,8,194,1552
102581,2024-11-09,店舗1,商品12,9,194,1746
102820,2024-11-09,店舗1,商品12,5,194,970
103077,2024-11-09,店舗1,商品12,8,194,1552
103077,2024-11-09,店舗1,商品12,6,194,1164
104389,2024-11-09,店舗1,商品03,1,421,421
104571,2024-11-09,店舗1,商品12,5,194,970
104571,2024-11-09,店舗1,商品12,5,194,970
104571,2024-11-09,店舗1,商品12,6,194,1164
104571,2024-11-09,店舗1,商品12,7,194,1358
104571,2024-11-09,店舗1,商品12,8,194,1552
104571,2024-11-09,店舗1,商品12,4,194,776
104575,2024-11-09,店舗1,商品12,5,194,970
104913,2024-11-09,店舗1,商品12,7,194,1358
105314,2024-11-09,店舗1,商品12,3,194,582
105460,2024-11-09,店舗1,商品12,4,194,776
100020,2024-11-09,店舗2,商品09,4,172,688
100904,2024-11-09,店舗2,商品08,2,194,388
101169,2024-11-09,店舗2,商品08,1,194,194
103493,2024-11-09,店舗2,商品07,3,172,516
104948,2024-11-09,店舗2,商品09,2,172,344
100217,2024-11-10,店舗1,商品12,7,194,1358
100703,2024-11-10,店舗1,商品12,4,194,776
101481,2024-11-10,店舗1,商品12,8,194,1552
101481,2024-11-10,店舗1,商品12,8,194,1552
101834,2024-11-10,店舗1,商品12,3,194,582
102010,2024-11-10,店舗1,商品12,7,194,1358
102327,2024-11-10,店舗1,商品12,6,194,1164
102327,2024-11-10,店舗1,商品12,4,194,776
102592,2024-11-10,店舗1,商品12,3,194,582
103701,2024-11-10,店舗1,商品12,10,194,1940
103724,2024-11-10,店舗1,商品12,6,194,1164
103754,2024-11-10,店舗1,商品10,5,194,970
103754,2024-11-10,店舗1,商品10,5,194,970
103980,2024-11-10,店舗1,商品05,7,194,1358
104258,2024-11-10,店舗1,商品11,1,594,594
104258,2024-11-10,店舗1,商品11,2,594,1188
104445,2024-11-10,店舗1,商品12,4,194,776
104445,2024-11-10,店舗1,商品12,5,194,970
104487,2024-11-10,店舗1,商品12,6,194,1164
104678,2024-11-10,店舗1,商品12,6,194,1164
104907,2024-11-10,店舗1,商品12,9,194,1746
104907,2024-11-10,店舗1,商品12,4,194,776
105118,2024-11-10,店舗1,商品12,5,194,970
105740,2024-11-10,店舗1,商品12,5,194,970
105863,2024-11-10,店舗1,商品10,4,194,776
100500,2024-11-10,店舗2,商品07,2,172,344
101430,2024-11-10,店舗2,商品09,2,172,344
103084,2024-11-10,店舗2,商品09,2,172,344
105376,2024-11-10,店舗2,商品05,2,194,388
101148,2024-11-11,店舗1,商品12,7,194,1358
101755,2024-11-11,店舗1,商品12,7,194,1358
101755,2024-11-11,店舗1,商品12,4,194,776
103155,2024-11-11,店舗1,商品12,3,194,582
103465,2024-11-11,店舗1,商品12,4,194,776
104287,2024-11-11,店舗1,商品10,3,194,582
105600,2024-11-11,店舗1,商品12,2,194,388
105611,2024-11-11,店舗1,商品12,4,194,776
100564,2024-11-11,店舗2,商品09,2,172,344
102226,2024-11-11,店舗2,商品08,4,194,776
102700,2024-11-11,店舗2,商品09,1,172,172
102979,2024-11-11,店舗2,商品09,2,172,344
102979,2024-11-11,店舗2,商品09,2,172,344
102979,2024-11-11,店舗2,商品09,2,172,344
102979,2024-11-11,店舗2,商品09,3,172,516
102979,2024-11-11,店舗2,商品09,2,172,344
102979,2024-11-11,店舗2,商品09,1,172,172
102979,2024-11-11,店舗2,商品09,2,172,344
102979,2024-11-11,店舗2,商品09,1,172,172
103174,2024-11-11,店舗2,商品08,2,194,388
103254,2024-11-11,店舗2,商品06,1,194,194
104048,2024-11-11,店舗2,商品04,2,194,388
104380,2024-11-11,店舗2,商品01,4,172,688
104468,2024-11-11,店舗2,商品09,4,172,688
104582,2024-11-11,店舗2,商品09,2,172,344
104723,2024-11-11,店舗2,商品08,1,194,194
105644,2024-11-11,店舗2,商品07,2,172,344
105852,2024-11-11,店舗2,商品09,2,172,344
100012,2024-11-12,店舗1,商品12,5,194,970
101099,2024-11-12,店舗1,商品12,3,194,582
101099,2024-11-12,店舗1,商品12,2,194,388
101099,2024-11-12,店舗1,商品12,5,194,970
102363,2024-11-12,店舗1,商品12,5,194,970
104258,2024-11-12,店舗1,商品11,1,594,594
104258,2024-11-12,店舗1,商品11,1,594,594
104369,2024-11-12,店舗1,商品12,4,194,776
105029,2024-11-12,店舗1,商品12,6,194,1164
105472,2024-11-12,店舗1,商品12,3,194,582
100184,2024-11-12,店舗2,商品07,3,172,516
101073,2024-11-12,店舗2,商品04,5,194,970
101073,2024-11-12,店舗2,商品04,3,194,582
101403,2024-11-12,店舗2,商品07,3,172,516
101687,2024-11-12,店舗2,商品07,2,172,344
101687,2024-11-12,店舗2,商品09,2,172,344
102223,2024-11-12,店舗2,商品10,5,194,970
102320,2024-11-12,店舗2,商品06,2,194,388
103337,2024-11-12,店舗2,商品07,2,172,344
103800,2024-11-12,店舗2,商品04,2,194,388
103997,2024-11-12,店舗2,商品08,1,194,194
104018,2024-11-12,店舗2,商品09,3,172,516
104343,2024-11-12,店舗2,商品09,3,172,516
105156,2024-11-12,店舗2,商品08,4,194,776
105323,2024-11-12,店舗2,商品07,3,172,516
105468,2024-11-12,店舗2,商品09,3,172,516
100382,2024-11-13,店舗1,商品04,4,194,776
100382,2024-11-13,店舗1,商品12,3,194,582
100382,2024-11-13,店舗1,商品12,3,194,582
101502,2024-11-13,店舗1,商品12,1,194,194
104756,2024-11-13,店舗1,商品12,2,194,388
105344,2024-11-13,店舗1,商品12,2,194,388
105464,2024-11-13,店舗1,商品07,4,172,688
105539,2024-11-13,店舗1,商品12,3,194,582
105708,2024-11-13,店舗1,商品12,2,194,388
105708,2024-11-13,店舗1,商品12,3,194,582
105708,2024-11-13,店舗1,商品12,3,194,582
105708,2024-11-13,店舗1,商品12,3,194,582
105708,2024-11-13,店舗1,商品12,4,194,776
100417,2024-11-13,店舗2,商品04,5,194,970
100709,2024-11-13,店舗2,商品07,2,172,344
100887,2024-11-13,店舗2,商品06,3,194,582
101403,2024-11-13,店舗2,商品01,2,172,344
101530,2024-11-13,店舗2,商品04,2,194,388
101530,2024-11-13,店舗2,商品08,3,194,582
101883,2024-11-13,店舗2,商品08,4,194,776
101899,2024-11-13,店舗2,商品01,3,172,516
102030,2024-11-13,店舗2,商品08,1,194,194
102030,2024-11-13,店舗2,商品09,4,172,688
102030,2024-11-13,店舗2,商品09,2,172,344
102315,2024-11-13,店舗2,商品07,3,172,516
103183,2024-11-13,店舗2,商品09,3,172,516
103355,2024-11-13,店舗2,商品04,2,194,388
104149,2024-11-13,店舗2,商品04,2,194,388
105093,2024-11-13,店舗2,商品09,3,172,516
105642,2024-11-13,店舗2,商品01,3,172,516
100209,2024-11-14,店舗1,商品12,3,194,582
101004,2024-11-14,店舗1,商品12,3,194,582
101719,2024-11-14,店舗1,商品12,4,194,776
101755,2024-11-14,店舗1,商品12,3,194,582
101755,2024-11-14,店舗1,商品12,3,194,582
102064,2024-11-14,店舗1,商品12,5,194,970
103850,2024-11-14,店舗1,商品12,6,194,1164
104295,2024-11-14,店舗1,商品12,3,194,582
104295,2024-11-14,店舗1,商品12,6,194,1164
105485,2024-11-14,店舗1,商品12,4,194,776
100389,2024-11-14,店舗2,商品09,4,172,688
100774,2024-11-14,店舗2,商品09,2,172,344
101730,2024-11-14,店舗2,商品09,3,172,516
101731,2024-11-14,店舗2,商品01,5,172,860
101734,2024-11-14,店舗2,商品06,7,194,1358
101740,2024-11-14,店舗2,商品07,2,172,344
102119,2024-11-14,店舗2,商品09,3,172,516
104216,2024-11-14,店舗2,商品08,3,194,582
104339,2024-11-14,店舗2,商品09,3,172,516
104797,2024-11-14,店舗2,商品04,3,194,582
104867,2024-11-14,店舗2,商品01,2,172,344
105260,2024-11-14,店舗2,商品01,4,172,688
105790,2024-11-14,店舗2,商品04,2,194,388
100904,2024-11-15,店舗1,商品12,7,132,924
101121,2024-11-15,店舗1,商品10,5,132,660
101121,2024-11-15,店舗1,商品12,6,132,792
101435,2024-11-15,店舗1,商品12,4,132,528
101885,2024-11-15,店舗1,商品12,7,132,924
102662,2024-11-15,店舗1,商品12,6,132,792
102695,2024-11-15,店舗1,商品12,7,132,924
102802,2024-11-15,店舗1,商品12,7,132,924
103308,2024-11-15,店舗1,商品12,7,132,924
103815,2024-11-15,店舗1,商品12,5,132,660
103853,2024-11-15,店舗1,商品10,4,132,528
104800,2024-11-15,店舗1,商品12,5,132,660
105055,2024-11-15,店舗1,商品12,8,132,1056
105376,2024-11-15,店舗1,商品11,1,594,594
100508,2024-11-15,店舗2,商品07,1,117,117
100508,2024-11-15,店舗2,商品08,3,132,396
101026,2024-11-15,店舗2,商品08,1,132,132
101026,2024-11-15,店舗2,商品08,2,132,264
101464,2024-11-15,店舗2,商品09,2,117,234
101691,2024-11-15,店舗2,商品01,2,117,234
101850,2024-11-15,店舗2,商品07,1,117,117
101850,2024-11-15,店舗2,商品09,1,117,117
102791,2024-11-15,店舗2,商品07,1,117,117
102840,2024-11-15,店舗2,商品09,1,117,117
102840,2024-11-15,店舗2,商品09,1,117,117
102840,2024-11-15,店舗2,商品09,3,117,351
102840,2024-11-15,店舗2,商品09,2,117,234
102840,2024-11-15,店舗2,商品09,1,117,117
102840,2024-11-15,店舗2,商品09,2,117,234
102840,2024-11-15,店舗2,商品09,2,117,234
102840,2024-11-15,店舗2,商品09,1,117,117
102840,2024-11-15,店舗2,商品09,2,117,234
102840,2024-11-15,店舗2,商品09,1,117,117
102840,2024-11-15,店舗2,商品09,2,117,234
102840,2024-11-15,店舗2,商品09,1,117,117
102840,2024-11-15,店舗2,商品09,1,117,117
102840,2024-11-15,店舗2,商品09,1,117,117
102840,2024-11-15,店舗2,商品09,2,117,234
102840,2024-11-15,店舗2,商品09,3,117,351
102840,2024-11-15,店舗2,商品09,3,117,351
102840,2024-11-15,店舗2,商品09,2,117,234
102840,2024-11-15,店舗2,商品09,1,117,117
102840,2024-11-15,店舗2,商品09,3,117,351
103463,2024-11-15,店舗2,商品08,1,132,132
104087,2024-11-15,店舗2,商品04,1,132,132
104374,2024-11-15,店舗2,商品09,1,117,117
104531,2024-11-15,店舗2,商品09,2,117,234
104531,2024-11-15,店舗2,商品09,2,117,234
104582,2024-11-15,店舗2,商品09,3,117,351
104708,2024-11-15,店舗2,商品01,1,117,117
104942,2024-11-15,店舗2,商品09,2,117,234
105145,2024-11-15,店舗2,商品01,2,117,234
105260,2024-11-15,店舗2,商品09,1,117,117
105376,2024-11-15,店舗2,商品10,1,132,132
105382,2024-11-15,店舗2,商品07,1,117,117
105629,2024-11-15,店舗2,商品08,2,132,264
100101,2024-11-16,店舗1,商品12,6,132,792
100475,2024-11-16,店舗1,商品12,9,132,1188
100547,2024-11-16,店舗1,商品12,4,132,528
100784,2024-11-16,店舗1,商品12,5,132,660
100959,2024-11-16,店舗1,商品12,6,132,792
101094,2024-11-16,店舗1,商品12,7,132,924
101094,2024-11-16,店舗1,商品12,6,132,792
101094,2024-11-16,店舗1,商品12,6,132,792
101094,2024-11-16,店舗1,商品12,9,132,1188
101129,2024-11-16,店舗1,商品12,4,132,528
101202,2024-11-16,店舗1,商品12,6,132,792
101375,2024-11-16,店舗1,商品12,10,132,1320
102314,2024-11-16,店舗1,商品12,10,132,1320
102922,2024-11-16,店舗1,商品12,5,132,660
102951,2024-11-16,店舗1,商品12,6,132,792
103269,2024-11-16,店舗1,商品12,6,132,792
103303,2024-11-16,店舗1,商品12,6,132,792
103378,2024-11-16,店舗1,商品12,6,132,792
103400,2024-11-16,店舗1,商品12,7,132,924
104120,2024-11-16,店舗1,商品07,7,117,819
104120,2024-11-16,店舗1,商品07,6,117,702
104120,2024-11-16,店舗1,商品07,3,117,351
104144,2024-11-16,店舗1,商品12,5,132,660
104144,2024-11-16,店舗1,商品12,7,132,924
104191,2024-11-16,店舗1,商品12,6,132,792
104477,2024-11-16,店舗1,商品12,5,132,660
104823,2024-11-16,店舗1,商品12,6,132,792
104879,2024-11-16,店舗1,商品12,7,132,924
104924,2024-11-16,店舗1,商品12,5,132,660
105170,2024-11-16,店舗1,商品12,3,132,396
105222,2024-11-16,店舗1,商品12,4,132,528
105222,2024-11-16,店舗1,商品12,5,132,660
105307,2024-11-16,店舗1,商品12,6,132,792
105389,2024-11-16,店舗1,商品07,3,117,351
105395,2024-11-16,店舗1,商品12,5,132,660
105395,2024-11-16,店舗1,商品12,6,132,792
105395,2024-11-16,店舗1,商品12,11,132,1452
105422,2024-11-16,店舗1,商品12,10,132,1320
105498,2024-11-16,店舗1,商品12,10,132,1320
101464,2024-11-16,店舗2,商品09,2,117,234
103317,2024-11-16,店舗2,商品09,2,117,234
103317,2024-11-16,店舗2,商品09,1,117,117
103489,2024-11-16,店舗2,商品08,2,132,264
104032,2024-11-16,店舗2,商品08,4,132,528
104848,2024-11-16,店舗2,商品01,2,117,234
104997,2024-11-16,店舗2,商品09,2,117,234
105068,2024-11-16,店舗2,商品01,2,117,234
101271,2024-11-17,店舗1,商品12,5,132,660
101276,2024-11-17,店舗1,商品12,4,132,528
101276,2024-11-17,店舗1,商品12,4,132,528
101450,2024-11-17,店舗1,商品12,4,132,528
101816,2024-11-17,店舗1,商品12,7,132,924
102045,2024-11-17,店舗1,商品12,12,132,1584
102288,2024-11-17,店舗1,商品12,6,132,792
102331,2024-11-17,店舗1,商品12,8,132,1056
102521,2024-11-17,店舗1,商品12,7,132,924
102667,2024-11-17,店舗1,商品12,9,132,1188
102911,2024-11-17,店舗1,商品12,5,132,660
103257,2024-11-17,店舗1,商品12,6,132,792
103281,2024-11-17,店舗1,商品12,6,132,792
103316,2024-11-17,店舗1,商品12,10,132,1320
103316,2024-11-17,店舗1,商品12,4,132,528
103436,2024-11-17,店舗1,商品12,5,132,660
103703,2024-11-17,店舗1,商品12,7,132,924
103703,2024-11-17,店舗1,商品12,6,132,792
103724,2024-11-17,店舗1,商品01,9,117,1053
103820,2024-11-17,店舗1,商品12,6,132,792
103993,2024-11-17,店舗1,商品12,4,132,528
104058,2024-11-17,店舗1,商品06,13,132,1716
104373,2024-11-17,店舗1,商品11,2,594,1188
104779,2024-11-17,店舗1,商品12,5,132,660
105325,2024-11-17,店舗1,商品12,4,132,528
105360,2024-11-17,店舗1,商品12,6,132,792
105360,2024-11-17,店舗1,商品12,5,132,660
105600,2024-11-17,店舗1,商品12,5,132,660
105740,2024-11-17,店舗1,商品12,8,132,1056
105740,2024-11-17,店舗1,商品12,4,132,528
105740,2024-11-17,店舗1,商品12,5,132,660
105740,2024-11-17,店舗1,商品12,7,132,924
105740,2024-11-17,店舗1,商品12,10,132,1320
105742,2024-11-17,店舗1,商品12,5,132,660
105778,2024-11-17,店舗1,商品07,8,117,936
100931,2024-11-17,店舗2,商品07,2,117,234
101688,2024-11-17,店舗2,商品04,4,132,528
103247,2024-11-17,店舗2,商品07,2,117,234
103300,2024-11-17,店舗2,商品07,1,117,117
105007,2024-11-17,店舗2,商品04,2,132,264
100027,2024-11-18,店舗1,商品12,6,132,792
101273,2024-11-18,店舗1,商品01,5,117,585
101273,2024-11-18,店舗1,商品01,3,117,351
101731,2024-11-18,店舗1,商品07,3,117,351
101731,2024-11-18,店舗1,商品07,4,117,468
101731,2024-11-18,店舗1,商品07,3,117,351
102217,2024-11-18,店舗1,商品12,3,132,396
102372,2024-11-18,店舗1,商品12,2,132,264
103332,2024-11-18,店舗1,商品12,5,132,660
103511,2024-11-18,店舗1,商品12,5,132,660
105010,2024-11-18,店舗1,商品12,5,132,660
105625,2024-11-18,店舗1,商品12,4,132,528
105838,2024-11-18,店舗1,商品12,6,132,792
100944,2024-11-18,店舗2,商品05,5,132,660
101427,2024-11-18,店舗2,商品08,4,132,528
101430,2024-11-18,店舗2,商品09,3,117,351
101628,2024-11-18,店舗2,商品04,3,132,396
101854,2024-11-18,店舗2,商品08,4,132,528
101892,2024-11-18,店舗2,商品07,6,117,702
102306,2024-11-18,店舗2,商品08,4,132,528
102619,2024-11-18,店舗2,商品08,3,132,396
102841,2024-11-18,店舗2,商品04,3,132,396
102985,2024-11-18,店舗2,商品09,2,117,234
103532,2024-11-18,店舗2,商品07,3,117,351
104092,2024-11-18,店舗2,商品07,5,117,585
105514,2024-11-18,店舗2,商品07,5,117,585
105552,2024-11-18,店舗2,商品09,2,117,234
105861,2024-11-18,店舗2,商品08,4,132,528
105870,2024-11-18,店舗2,商品07,3,117,351
105939,2024-11-18,店舗2,商品08,3,132,396
105939,2024-11-18,店舗2,商品08,2,132,264
100382,2024-11-19,店舗1,商品12,5,132,660
100449,2024-11-19,店舗1,商品12,3,132,396
100487,2024-11-19,店舗1,商品12,5,132,660
103634,2024-11-19,店舗1,商品12,11,132,1452
103647,2024-11-19,店舗1,商品12,2,132,264
104199,2024-11-19,店舗1,商品12,5,132,660
104220,2024-11-19,店舗1,商品10,9,132,1188
104242,2024-11-19,店舗1,商品12,3,132,396
104547,2024-11-19,店舗1,商品12,8,132,1056
105514,2024-11-19,店舗1,商品12,6,132,792
100817,2024-11-19,店舗2,商品09,3,117,351
101167,2024-11-19,店舗2,商品01,2,117,234
101303,2024-11-19,店舗2,商品08,3,132,396
101696,2024-11-19,店舗2,商品09,3,117,351
101696,2024-11-19,店舗2,商品09,2,117,234
102029,2024-11-19,店舗2,商品04,2,132,264
102165,2024-11-19,店舗2,商品07,3,117,351
103068,2024-11-19,店舗2,商品08,2,132,264
103088,2024-11-19,店舗2,商品09,2,117,234
103246,2024-11-19,店舗2,商品09,2,117,234
103418,2024-11-19,店舗2,商品08,3,132,396
103418,2024-11-19,店舗2,商品08,5,132,660
104293,2024-11-19,店舗2,商品04,2,132,264
104293,2024-11-19,店舗2,商品08,3,132,396
104387,2024-11-19,店舗2,商品03,1,421,421
104467,2024-11-19,店舗2,商品01,1,117,117
104467,2024-11-19,店舗2,商品01,6,117,702
104880,2024-11-19,店舗2,商品07,3,117,351
104880,2024-11-19,店舗2,商品07,3,117,351
105498,2024-11-19,店舗2,商品01,4,117,468
105700,2024-11-19,店舗2,商品07,4,117,468
105755,2024-11-19,店舗2,商品07,3,117,351
105944,2024-11-19,店舗2,商品04,3,132,396
100234,2024-11-20,店舗1,商品12,3,132,396
101081,2024-11-20,店舗1,商品05,5,132,660
101389,2024-11-20,店舗1,商品12,4,132,528
102372,2024-11-20,店舗1,商品12,5,132,660
102507,2024-11-20,店舗1,商品12,4,132,528
103316,2024-11-20,店舗1,商品12,4,132,528
104006,2024-11-20,店舗1,商品12,9,132,1188
104100,2024-11-20,店舗1,商品12,3,132,396
104202,2024-11-20,店舗1,商品12,6,132,792
104202,2024-11-20,店舗1,商品12,3,132,396
105029,2024-11-20,店舗1,商品12,4,132,528
105517,2024-11-20,店舗1,商品12,4,132,528
105517,2024-11-20,店舗1,商品12,4,132,528
105517,2024-11-20,店舗1,商品12,4,132,528
101403,2024-11-20,店舗2,商品08,3,132,396
101562,2024-11-20,店舗2,商品04,3,132,396
102297,2024-11-20,店舗2,商品09,4,117,468
102297,2024-11-20,店舗2,商品09,4,117,468
102420,2024-11-20,店舗2,商品07,2,117,234
102703,2024-11-20,店舗2,商品04,2,132,264
102703,2024-11-20,店舗2,商品06,2,132,264
103303,2024-11-20,店舗2,商品06,2,132,264
103345,2024-11-20,店舗2,商品08,3,132,396
103494,2024-11-20,店舗2,商品06,4,132,528
103613,2024-11-20,店舗2,商品10,6,132,792
103613,2024-11-20,店舗2,商品10,3,132,396
104087,2024-11-20,店舗2,商品04,4,132,528
104332,2024-11-20,店舗2,商品07,2,117,234
104344,2024-11-20,店舗2,商品05,2,132,264
104373,2024-11-20,店舗2,商品05,1,132,132
105095,2024-11-20,店舗2,商品07,2,117,234
105095,2024-11-20,店舗2,商品08,3,132,396
105170,2024-11-20,店舗2,商品07,2,117,234
105395,2024-11-20,店舗2,商品04,1,132,132
105395,2024-11-20,店舗2,商品04,4,132,528
105395,2024-11-20,店舗2,商品04,4,132,528
105796,2024-11-20,店舗2,商品04,1,132,132
105916,2024-11-20,店舗2,商品08,2,132,264
101629,2024-11-21,店舗1,商品12,2,132,264
101629,2024-11-21,店舗1,商品12,3,132,396
102250,2024-11-21,店舗1,商品12,6,132,792
102250,2024-11-21,店舗1,商品12,5,132,660
102250,2024-11-21,店舗1,商品12,4,132,528
102250,2024-11-21,店舗1,商品12,3,132,396
102250,2024-11-21,店舗1,商品12,2,132,264
102303,2024-11-21,店舗1,商品12,4,132,528
102374,2024-11-21,店舗1,商品12,3,132,396
102374,2024-11-21,店舗1,商品12,2,132,264
102573,2024-11-21,店舗1,商品12,6,132,792
102744,2024-11-21,店舗1,商品07,2,117,234
102798,2024-11-21,店舗1,商品12,3,132,396
103681,2024-11-21,店舗1,商品12,4,132,528
104570,2024-11-21,店舗1,商品12,3,132,396
105477,2024-11-21,店舗1,商品12,3,132,396
105477,2024-11-21,店舗1,商品12,3,132,396
100138,2024-11-21,店舗2,商品04,2,132,264
100201,2024-11-21,店舗2,商品04,2,132,264
100201,2024-11-21,店舗2,商品04,2,132,264
100243,2024-11-21,店舗2,商品04,3,132,396
101781,2024-11-21,店舗2,商品03,1,421,421
101980,2024-11-21,店舗2,商品08,4,132,528
101980,2024-11-21,店舗2,商品08,2,132,264
102523,2024-11-21,店舗2,商品07,5,117,585
102791,2024-11-21,店舗2,商品07,3,117,351
102791,2024-11-21,店舗2,商品07,3,117,351
103168,2024-11-21,店舗2,商品08,4,132,528
103332,2024-11-21,店舗2,商品04,2,132,264
103332,2024-11-21,店舗2,商品09,4,117,468
103689,2024-11-21,店舗2,商品05,4,132,528
104046,2024-11-21,店舗2,商品08,3,132,396
104872,2024-11-21,店舗2,商品08,3,132,396
105005,2024-11-21,店舗2,商品04,2,132,264
105339,2024-11-21,店舗2,商品08,2,132,264
105650,2024-11-21,店舗2,商品06,3,132,396
105650,2024-11-21,店舗2,商品06,4,132,528
105671,2024-11-21,店舗2,商品07,3,117,351
105727,2024-11-21,店舗2,商品08,3,132,396
105938,2024-11-21,店舗2,商品07,2,117,234
100826,2024-11-22,店舗1,商品12,7,194,1358
100959,2024-11-22,店舗1,商品12,6,194,1164
104029,2024-11-22,店舗1,商品12,4,194,776
104086,2024-11-22,店舗1,商品12,6,194,1164
104097,2024-11-22,店舗1,商品12,3,194,582
104221,2024-11-22,店舗1,商品01,9,172,1548
104759,2024-11-22,店舗1,商品12,5,194,970
104797,2024-11-22,店舗1,商品12,6,194,1164
105068,2024-11-22,店舗1,商品12,6,194,1164
105245,2024-11-22,店舗1,商品12,7,194,1358
105841,2024-11-22,店舗1,商品12,7,194,1358
100094,2024-11-22,店舗2,商品08,2,194,388
100094,2024-11-22,店舗2,商品08,2,194,388
100094,2024-11-22,店舗2,商品08,4,194,776
100252,2024-11-22,店舗2,商品08,2,194,388
100933,2024-11-22,店舗2,商品04,2,194,388
101803,2024-11-22,店舗2,商品08,2,194,388
102245,2024-11-22,店舗2,商品09,3,172,516
102245,2024-11-22,店舗2,商品09,3,172,516
102471,2024-11-22,店舗2,商品09,2,172,344
102773,2024-11-22,店舗2,商品09,2,172,344
103585,2024-11-22,店舗2,商品01,2,172,344
103670,2024-11-22,店舗2,商品09,2,172,344
103948,2024-11-22,店舗2,商品04,3,194,582
104691,2024-11-22,店舗2,商品07,3,172,516
104691,2024-11-22,店舗2,商品07,3,172,516
104736,2024-11-22,店舗2,商品06,2,194,388
105152,2024-11-22,店舗2,商品07,7,172,1204
105863,2024-11-22,店舗2,商品08,3,194,582
100227,2024-11-23,店舗1,商品12,7,194,1358
100728,2024-11-23,店舗1,商品12,12,194,2328
100892,2024-11-23,店舗1,商品12,7,194,1358
101169,2024-11-23,店舗1,商品12,7,194,1358
101179,2024-11-23,店舗1,商品12,5,194,970
101534,2024-11-23,店舗1,商品12,6,194,1164
102331,2024-11-23,店舗1,商品12,6,194,1164
102393,2024-11-23,店舗1,商品12,4,194,776
102420,2024-11-23,店舗1,商品12,5,194,970
102460,2024-11-23,店舗1,商品12,6,194,1164
102675,2024-11-23,店舗1,商品10,14,194,2716
103098,2024-11-23,店舗1,商品12,6,194,1164
103157,2024-11-23,店舗1,商品12,4,194,776
103163,2024-11-23,店舗1,商品07,4,172,688
103163,2024-11-23,店舗1,商品07,6,172,1032
103557,2024-11-23,店舗1,商品12,5,194,970
103886,2024-11-23,店舗1,商品12,8,194,1552
104018,2024-11-23,店舗1,商品12,4,194,776
104597,2024-11-23,店舗1,商品12,8,194,1552
102226,2024-11-23,店舗2,商品08,1,194,194
103048,2024-11-23,店舗2,商品07,2,172,344
103754,2024-11-23,店舗2,商品01,1,172,172
103754,2024-11-23,店舗2,商品01,1,172,172
103754,2024-11-23,店舗2,商品01,1,172,172
103754,2024-11-23,店舗2,商品01,1,172,172
103754,2024-11-23,店舗2,商品01,1,172,172
103754,2024-11-23,店舗2,商品01,1,172,172
104135,2024-11-23,店舗2,商品01,2,172,344
104293,2024-11-23,店舗2,商品04,1,194,194
104665,2024-11-23,店舗2,商品07,1,172,172
104665,2024-11-23,店舗2,商品07,1,172,172
104665,2024-11-23,店舗2,商品07,1,172,172
104665,2024-11-23,店舗2,商品07,1,172,172
105621,2024-11-23,店舗2,商品08,1,194,194
100217,2024-11-24,店舗1,商品12,3,194,582
100587,2024-11-24,店舗1,商品12,7,194,1358
100587,2024-11-24,店舗1,商品12,7,194,1358
100587,2024-11-24,店舗1,商品12,8,194,1552
100923,2024-11-24,店舗1,商品12,5,194,970
101099,2024-11-24,店舗1,商品12,7,194,1358
101250,2024-11-24,店舗1,商品12,6,194,1164
102112,2024-11-24,店舗1,商品12,3,194,582
102689,2024-11-24,店舗1,商品12,8,194,1552
102820,2024-11-24,店舗1,商品12,5,194,970
102933,2024-11-24,店舗1,商品12,9,194,1746
103303,2024-11-24,店舗1,商品12,4,194,776
103303,2024-11-24,店舗1,商品12,5,194,970
103564,2024-11-24,店舗1,商品12,11,194,2134
103948,2024-11-24,店舗1,商品12,8,194,1552
104350,2024-11-24,店舗1,商品12,7,194,1358
104472,2024-11-24,店舗1,商品12,3,194,582
104492,2024-11-24,店舗1,商品12,9,194,1746
104492,2024-11-24,店舗1,商品12,5,194,970
104798,2024-11-24,店舗1,商品12,6,194,1164
104867,2024-11-24,店舗1,商品10,9,194,1746
104931,2024-11-24,店舗1,商品12,6,194,1164
104931,2024-11-24,店舗1,商品12,6,194,1164
105117,2024-11-24,店舗1,商品12,7,194,1358
105195,2024-11-24,店舗1,商品12,4,194,776
105576,2024-11-24,店舗1,商品12,5,194,970
105628,2024-11-24,店舗1,商品12,6,194,1164
105768,2024-11-24,店舗1,商品12,7,194,1358
102768,2024-11-24,店舗2,商品09,1,172,172
103014,2024-11-24,店舗2,商品08,2,194,388
104708,2024-11-24,店舗2,商品08,2,194,388
105667,2024-11-24,店舗2,商品09,2,172,344
100766,2024-11-25,店舗1,商品12,4,194,776
100985,2024-11-25,店舗1,商品01,4,172,688
100985,2024-11-25,店舗1,商品12,6,194,1164
101637,2024-11-25,店舗1,商品12,3,194,582
102083,2024-11-25,店舗1,商品12,7,194,1358
102083,2024-11-25,店舗1,商品12,2,194,388
103084,2024-11-25,店舗1,商品10,5,194,970
105396,2024-11-25,店舗1,商品12,4,194,776
105568,2024-11-25,店舗1,商品12,2,194,388
105598,2024-11-25,店舗1,商品12,3,194,582
100421,2024-11-25,店舗2,商品01,3,172,516
100484,2024-11-25,店舗2,商品08,1,194,194
100484,2024-11-25,店舗2,商品08,2,194,388
101392,2024-11-25,店舗2,商品07,2,172,344
101701,2024-11-25,店舗2,商品09,2,172,344
101844,2024-11-25,店舗2,商品01,3,172,516
102533,2024-11-25,店舗2,商品05,4,194,776
102533,2024-11-25,店舗2,商品05,2,194,388
102533,2024-11-25,店舗2,商品05,3,194,582
102533,2024-11-25,店舗2,商品05,3,194,582
104273,2024-11-25,店舗2,商品06,4,194,776
104571,2024-11-25,店舗2,商品08,2,194,388
104867,2024-11-25,店舗2,商品07,2,172,344
105179,2024-11-25,店舗2,商品01,3,172,516
105231,2024-11-25,店舗2,商品09,2,172,344
105650,2024-11-25,店舗2,商品01,2,172,344
105945,2024-11-25,店舗2,商品08,2,194,388
101475,2024-11-26,店舗1,商品12,2,194,388
102711,2024-11-26,店舗1,商品12,4,194,776
103494,2024-11-26,店舗1,商品12,3,194,582
103494,2024-11-26,店舗1,商品12,2,194,388
103518,2024-11-26,店舗1,商品12,3,194,582
103754,2024-11-26,店舗1,商品06,3,194,582
103754,2024-11-26,店舗1,商品07,3,172,516
104332,2024-11-26,店舗1,商品12,5,194,970
104332,2024-11-26,店舗1,商品12,4,194,776
104598,2024-11-26,店舗1,商品12,3,194,582
104598,2024-11-26,店舗1,商品12,1,194,194
104598,2024-11-26,店舗1,商品12,4,194,776
105000,2024-11-26,店舗1,商品12,3,194,582
100177,2024-11-26,店舗2,商品07,1,172,172
100461,2024-11-26,店舗2,商品07,1,172,172
101028,2024-11-26,店舗2,商品01,2,172,344
101970,2024-11-26,店舗2,商品01,5,172,860
102140,2024-11-26,店舗2,商品08,3,194,582
102791,2024-11-26,店舗2,商品07,1,172,172
102793,2024-11-26,店舗2,商品07,2,172,344
102793,2024-11-26,店舗2,商品09,4,172,688
102793,2024-11-26,店舗2,商品09,6,172,1032
102881,2024-11-26,店舗2,商品09,3,172,516
102922,2024-11-26,店舗2,商品04,2,194,388
103483,2024-11-26,店舗2,商品04,3,194,582
103483,2024-11-26,店舗2,商品08,2,194,388
104180,2024-11-26,店舗2,商品09,3,172,516
104450,2024-11-26,店舗2,商品01,3,172,516
105236,2024-11-26,店舗2,商品09,2,172,344
100345,2024-11-27,店舗1,商品12,3,194,582
100809,2024-11-27,店舗1,商品12,6,194,1164
100939,2024-11-27,店舗1,商品12,6,194,1164
100978,2024-11-27,店舗1,商品12,5,194,970
102832,2024-11-27,店舗1,商品12,3,194,582
102922,2024-11-27,店舗1,商品12,4,194,776
102922,2024-11-27,店舗1,商品12,4,194,776
103849,2024-11-27,店舗1,商品12,6,194,1164
104992,2024-11-27,店舗1,商品01,4,172,688
104992,2024-11-27,店舗1,商品01,3,172,516
105667,2024-11-27,店舗1,商品12,4,194,776
100582,2024-11-27,店舗2,商品08,2,194,388
100845,2024-11-27,店舗2,商品09,3,172,516
100845,2024-11-27,店舗2,商品09,2,172,344
100845,2024-11-27,店舗2,商品09,4,172,688
100845,2024-11-27,店舗2,商品09,3,172,516
101323,2024-11-27,店舗2,商品09,3,172,516
101628,2024-11-27,店舗2,商品01,3,172,516
101647,2024-11-27,店舗2,商品08,4,194,776
101973,2024-11-27,店舗2,商品08,3,194,582
102284,2024-11-27,店舗2,商品08,2,194,388
102588,2024-11-27,店舗2,商品08,2,194,388
102958,2024-11-27,店舗2,商品01,5,172,860
103352,2024-11-27,店舗2,商品05,2,194,388
103360,2024-11-27,店舗2,商品07,4,172,688
103601,2024-11-27,店舗2,商品07,2,172,344
103754,2024-11-27,店舗2,商品05,1,194,194
104871,2024-11-27,店舗2,商品05,2,194,388
104871,2024-11-27,店舗2,商品09,1,172,172
100181,2024-11-28,店舗1,商品12,1,194,194
100864,2024-11-28,店舗1,商品05,3,194,582
100864,2024-11-28,店舗1,商品05,2,194,388
100864,2024-11-28,店舗1,商品05,1,194,194
100864,2024-11-28,店舗1,商品05,4,194,776
100864,2024-11-28,店舗1,商品05,3,194,582
100864,2024-11-28,店舗1,商品05,2,194,388
100864,2024-11-28,店舗1,商品05,2,194,388
100864,2024-11-28,店舗1,商品07,5,172,860
100864,2024-11-28,店舗1,商品07,2,172,344
100864,2024-11-28,店舗1,商品07,4,172,688
101637,2024-11-28,店舗1,商品12,2,194,388
103038,2024-11-28,店舗1,商品12,3,194,582
103373,2024-11-28,店舗1,商品12,3,194,582
103703,2024-11-28,店舗1,商品12,2,194,388
103971,2024-11-28,店舗1,商品05,2,194,388
105299,2024-11-28,店舗1,商品12,2,194,388
105377,2024-11-28,店舗1,商品12,3,194,582
100981,2024-11-28,店舗2,商品07,3,172,516
100985,2024-11-28,店舗2,商品09,2,172,344
101890,2024-11-28,店舗2,商品06,4,194,776
102389,2024-11-28,店舗2,商品01,1,172,172
103316,2024-11-28,店舗2,商品04,5,194,970
103349,2024-11-28,店舗2,商品09,2,172,344
103444,2024-11-28,店舗2,商品07,3,172,516
103571,2024-11-28,店舗2,商品09,4,172,688
103935,2024-11-28,店舗2,商品04,4,194,776
104017,2024-11-28,店舗2,商品09,2,172,344
104026,2024-11-28,店舗2,商品06,2,194,388
104725,2024-11-28,店舗2,商品04,3,194,582
104725,2024-11-28,店舗2,商品04,4,194,776
104862,2024-11-28,店舗2,商品08,2,194,388
100145,2024-11-29,店舗1,商品12,3,194,582
100184,2024-11-29,店舗1,商品07,6,172,1032
100184,2024-11-29,店舗1,商品07,5,172,860
100184,2024-11-29,店舗1,商品07,7,172,1204
100184,2024-11-29,店舗1,商品12,2,194,388
100184,2024-11-29,店舗1,商品12,3,194,582
100184,2024-11-29,店舗1,商品12,3,194,582
103226,2024-11-29,店舗1,商品12,3,194,582
103436,2024-11-29,店舗1,商品12,5,194,970
103494,2024-11-29,店舗1,商品12,5,194,970
104120,2024-11-29,店舗1,商品10,5,194,970
104371,2024-11-29,店舗1,商品12,5,194,970
104975,2024-11-29,店舗1,商品12,2,194,388
105068,2024-11-29,店舗1,商品12,2,194,388
105747,2024-11-29,店舗1,商品12,7,194,1358
105899,2024-11-29,店舗1,商品12,4,194,776
100819,2024-11-29,店舗2,商品09,3,172,516
100886,2024-11-29,店舗2,商品04,5,194,970
100929,2024-11-29,店舗2,商品09,2,172,344
100929,2024-11-29,店舗2,商品09,2,172,344
100929,2024-11-29,店舗2,商品09,2,172,344
100929,2024-11-29,店舗2,商品09,2,172,344
101062,2024-11-29,店舗2,商品04,2,194,388
101626,2024-11-29,店舗2,商品09,2,172,344
102136,2024-11-29,店舗2,商品04,2,194,388
102136,2024-11-29,店舗2,商品08,2,194,388
102279,2024-11-29,店舗2,商品01,2,172,344
102949,2024-11-29,店舗2,商品07,3,172,516
103613,2024-11-29,店舗2,商品10,2,194,388
103613,2024-11-29,店舗2,商品10,6,194,1164
103859,2024-11-29,店舗2,商品08,2,194,388
104373,2024-11-29,店舗2,商品05,4,194,776
104560,2024-11-29,店舗2,商品04,2,194,388
104874,2024-11-29,店舗2,商品01,4,172,688
104912,2024-11-29,店舗2,商品08,2,194,388
105620,2024-11-29,店舗2,商品02,1,297,297
100380,2024-11-30,店舗1,商品12,7,194,1358
100867,2024-11-30,店舗1,商品12,11,194,2134
101098,2024-11-30,店舗1,商品12,7,194,1358
101197,2024-11-30,店舗1,商品12,4,194,776
101516,2024-11-30,店舗1,商品12,8,194,1552
101740,2024-11-30,店舗1,商品07,5,172,860
102552,2024-11-30,店舗1,商品12,6,194,1164
102588,2024-11-30,店舗1,商品12,11,194,2134
102964,2024-11-30,店舗1,商品12,6,194,1164
103155,2024-11-30,店舗1,商品12,5,194,970
103262,2024-11-30,店舗1,商品12,5,194,970
103304,2024-11-30,店舗1,商品12,6,194,1164
103604,2024-11-30,店舗1,商品12,7,194,1358
104028,2024-11-30,店舗1,商品12,8,194,1552
104068,2024-11-30,店舗1,商品12,6,194,1164
104079,2024-11-30,店舗1,商品12,5,194,970
104144,2024-11-30,店舗1,商品12,6,194,1164
104144,2024-11-30,店舗1,商品12,6,194,1164
104170,2024-11-30,店舗1,商品12,16,194,3104
104194,2024-11-30,店舗1,商品12,6,194,1164
104273,2024-11-30,店舗1,商品01,7,172,1204
104273,2024-11-30,店舗1,商品01,8,172,1376
104453,2024-11-30,店舗1,商品05,7,194,1358
104501,2024-11-30,店舗1,商品12,8,194,1552
104573,2024-11-30,店舗1,商品12,7,194,1358
105167,2024-11-30,店舗1,商品12,4,194,776
101403,2024-11-30,店舗2,商品07,2,172,344
104704,2024-11-30,店舗2,商品08,3,194,582
104867,2024-11-30,店舗2,商品09,3,172,516
105325,2024-11-30,店舗2,商品07,2,172,344
105875,2024-11-30,店舗2,商品01,2,172,344
100208,2024-12-01,店舗1,商品12,4,194,776
100268,2024-12-01,店舗1,商品12,5,194,970
100475,2024-12-01,店舗1,商品12,4,194,776
100501,2024-12-01,店舗1,商品12,6,194,1164
100513,2024-12-01,店舗1,商品12,6,194,1164
100829,2024-12-01,店舗1,商品12,11,194,2134
101401,2024-12-01,店舗1,商品12,4,194,776
101774,2024-12-01,店舗1,商品07,7,172,1204
102245,2024-12-01,店舗1,商品12,7,194,1358
103049,2024-12-01,店舗1,商品12,9,194,1746
103303,2024-12-01,店舗1,商品12,6,194,1164
103394,2024-12-01,店舗1,商品12,5,194,970
103781,2024-12-01,店舗1,商品12,4,194,776
104075,2024-12-01,店舗1,商品12,13,194,2522
104573,2024-12-01,店舗1,商品12,9,194,1746
104640,2024-12-01,店舗1,商品12,8,194,1552
105191,2024-12-01,店舗1,商品12,8,194,1552
105322,2024-12-01,店舗1,商品12,6,194,1164
105396,2024-12-01,店舗1,商品12,5,194,970
105565,2024-12-01,店舗1,商品12,6,194,1164
105565,2024-12-01,店舗1,商品12,6,194,1164
105641,2024-12-01,店舗1,商品12,5,194,970
105768,2024-12-01,店舗1,商品12,7,194,1358
105768,2024-12-01,店舗1,商品12,10,194,1940
105868,2024-12-01,店舗1,商品12,9,194,1746
102561,2024-12-01,店舗2,商品07,2,172,344
103382,2024-12-01,店舗2,商品07,2,172,344
104005,2024-12-01,店舗2,商品07,1,172,172
104534,2024-12-01,店舗2,商品05,2,194,388
104534,2024-12-01,店舗2,商品07,1,172,172
100201,2024-12-02,店舗1,商品12,7,194,1358
103494,2024-12-02,店舗1,商品12,4,194,776
103494,2024-12-02,店舗1,商品12,9,194,1746
103743,2024-12-02,店舗1,商品12,3,194,582
103820,2024-12-02,店舗1,商品07,3,172,516
103998,2024-12-02,店舗1,商品12,3,194,582
104111,2024-12-02,店舗1,商品12,4,194,776
104736,2024-12-02,店舗1,商品09,3,172,516
105852,2024-12-02,店舗1,商品12,4,194,776
101211,2024-12-02,店舗2,商品04,2,194,388
101626,2024-12-02,店舗2,商品04,4,194,776
101936,2024-12-02,店舗2,商品08,1,194,194
101992,2024-12-02,店舗2,商品08,3,194,582
102144,2024-12-02,店舗2,商品04,2,194,388
102144,2024-12-02,店舗2,商品08,3,194,582
102361,2024-12-02,店舗2,商品09,2,172,344
102409,2024-12-02,店舗2,商品07,3,172,516
104026,2024-12-02,店舗2,商品08,2,194,388
104769,2024-12-02,店舗2,商品09,4,172,688
105033,2024-12-02,店舗2,商品09,3,172,516
105033,2024-12-02,店舗2,商品09,3,172,516
105318,2024-12-02,店舗2,商品07,3,172,516
105322,2024-12-02,店舗2,商品09,4,172,688
100106,2024-12-03,店舗1,商品12,4,194,776
100405,2024-12-03,店舗1,商品12,5,194,970
102627,2024-12-03,店舗1,商品12,8,194,1552
104194,2024-12-03,店舗1,商品12,7,194,1358
104652,2024-12-03,店舗1,商品12,6,194,1164
105033,2024-12-03,店舗1,商品12,4,194,776
105368,2024-12-03,店舗1,商品12,4,194,776
105461,2024-12-03,店舗1,商品12,5,194,970
100135,2024-12-03,店舗2,商品04,4,194,776
100184,2024-12-03,店舗2,商品05,2,194,388
100184,2024-12-03,店舗2,商品05,2,194,388
100925,2024-12-03,店舗2,商品04,2,194,388
101242,2024-12-03,店舗2,商品05,2,194,388
101427,2024-12-03,店舗2,商品08,3,194,582
101534,2024-12-03,店舗2,商品07,4,172,688
101992,2024-12-03,店舗2,商品04,4,194,776
102686,2024-12-03,店舗2,商品07,4,172,688
103369,2024-12-03,店舗2,商品08,4,194,776
103816,2024-12-03,店舗2,商品08,6,194,1164
104527,2024-12-03,店舗2,商品04,2,194,388
104548,2024-12-03,店舗2,商品09,2,172,344
104855,2024-12-03,店舗2,商品09,2,172,344
104855,2024-12-03,店舗2,商品09,2,172,344
105407,2024-12-03,店舗2,商品08,4,194,776
100113,2024-12-04,店舗1,商品12,7,194,1358
100113,2024-12-04,店舗1,商品12,4,194,776
100685,2024-12-04,店舗1,商品12,4,194,776
100685,2024-12-04,店舗1,商品12,3,194,582
101803,2024-12-04,店舗1,商品12,3,194,582
102018,2024-12-04,店舗1,商品12,3,194,582
102748,2024-12-04,店舗1,商品12,3,194,582
105312,2024-12-04,店舗1,商品04,4,194,776
105312,2024-12-04,店舗1,商品04,3,194,582
105524,2024-12-04,店舗1,商品07,6,172,1032
105725,2024-12-04,店舗1,商品12,5,194,970
100397,2024-12-04,店舗2,商品04,3,194,582
100461,2024-12-04,店舗2,商品07,1,172,172
101128,2024-12-04,店舗2,商品09,2,172,344
101309,2024-12-04,店舗2,商品06,2,194,388
101309,2024-12-04,店舗2,商品07,3,172,516
102003,2024-12-04,店舗2,商品04,2,194,388
102003,2024-12-04,店舗2,商品04,2,194,388
102003,2024-12-04,店舗2,商品06,3,194,582
102003,2024-12-04,店舗2,商品08,2,194,388
102157,2024-12-04,店舗2,商品08,2,194,388
102660,2024-12-04,店舗2,商品09,2,172,344
103236,2024-12-04,店舗2,商品06,2,194,388
103300,2024-12-04,店舗2,商品07,2,172,344
103300,2024-12-04,店舗2,商品07,2,172,344
103300,2024-12-04,店舗2,商品07,3,172,516
103820,2024-12-04,店舗2,商品09,3,172,516
104277,2024-12-04,店舗2,商品05,1,194,194
104617,2024-12-04,店舗2,商品07,2,172,344
104942,2024-12-04,店舗2,商品09,3,172,516
104942,2024-12-04,店舗2,商品09,2,172,344
104942,2024-12-04,店舗2,商品09,1,172,172
101403,2024-12-05,店舗1,商品01,6,172,1032
102580,2024-12-05,店舗1,商品12,1,194,194
102724,2024-12-05,店舗1,商品12,3,194,582
102964,2024-12-05,店舗1,商品12,2,194,388
103025,2024-12-05,店舗1,商品12,4,194,776
103303,2024-12-05,店舗1,商品12,4,194,776
103738,2024-12-05,店舗1,商品12,3,194,582
105444,2024-12-05,店舗1,商品12,3,194,582
105625,2024-12-05,店舗1,商品12,3,194,582
105625,2024-12-05,店舗1,商品12,4,194,776
105625,2024-12-05,店舗1,商品12,4,194,776
105625,2024-12-05,店舗1,商品12,2,194,388
105625,2024-12-05,店舗1,商品12,3,194,582
105625,2024-12-05,店舗1,商品12,2,194,388
105625,2024-12-05,店舗1,商品12,2,194,388
101454,2024-12-05,店舗2,商品08,2,194,388
101529,2024-12-05,店舗2,商品07,2,172,344
102611,2024-12-05,店舗2,商品07,3,172,516
102754,2024-12-05,店舗2,商品06,6,194,1164
102754,2024-12-05,店舗2,商品06,2,194,388
102754,2024-12-05,店舗2,商品06,1,194,194
103273,2024-12-05,店舗2,商品05,4,194,776
103484,2024-12-05,店舗2,商品04,3,194,582
103649,2024-12-05,店舗2,商品07,2,172,344
103877,2024-12-05,店舗2,商品10,2,194,388
103921,2024-12-05,店舗2,商品04,3,194,582
103950,2024-12-05,店舗2,商品07,3,172,516
104009,2024-12-05,店舗2,商品06,2,194,388
104009,2024-12-05,店舗2,商品06,2,194,388
104802,2024-12-05,店舗2,商品07,2,172,344
105076,2024-12-05,店舗2,商品01,3,172,516
105076,2024-12-05,店舗2,商品01,2,172,344
105391,2024-12-05,店舗2,商品04,2,194,388
100165,2024-12-06,店舗1,商品12,4,194,776
100165,2024-12-06,店舗1,商品12,7,194,1358
100165,2024-12-06,店舗1,商品12,3,194,582
100380,2024-12-06,店舗1,商品12,3,194,582
100891,2024-12-06,店舗1,商品12,4,194,776
102306,2024-12-06,店舗1,商品12,3,194,582
102380,2024-12-06,店舗1,商品12,1,194,194
102609,2024-12-06,店舗1,商品12,3,194,582
102609,2024-12-06,店舗1,商品12,5,194,970
102678,2024-12-06,店舗1,商品12,8,194,1552
104220,2024-12-06,店舗1,商品10,2,194,388
104220,2024-12-06,店舗1,商品10,6,194,1164
105303,2024-12-06,店舗1,商品12,3,194,582
105468,2024-12-06,店舗1,商品06,3,194,582
105468,2024-12-06,店舗1,商品07,4,172,688
105468,2024-12-06,店舗1,商品07,5,172,860
105468,2024-12-06,店舗1,商品07,2,172,344
105498,2024-12-06,店舗1,商品12,2,194,388
100135,2024-12-06,店舗2,商品08,2,194,388
100843,2024-12-06,店舗2,商品06,2,194,388
101664,2024-12-06,店舗2,商品07,5,172,860
101719,2024-12-06,店舗2,商品09,3,172,516
101992,2024-12-06,店舗2,商品08,2,194,388
102371,2024-12-06,店舗2,商品07,3,172,516
103131,2024-12-06,店舗2,商品08,3,194,582
103168,2024-12-06,店舗2,商品07,3,172,516
103168,2024-12-06,店舗2,商品07,3,172,516
103174,2024-12-06,店舗2,商品07,3,172,516
103757,2024-12-06,店舗2,商品06,3,194,582
103881,2024-12-06,店舗2,商品09,1,172,172
103881,2024-12-06,店舗2,商品09,5,172,860
104026,2024-12-06,店舗2,商品08,2,194,388
105667,2024-12-06,店舗2,商品06,2,194,388
105667,2024-12-06,店舗2,商品09,2,172,344
105747,2024-12-06,店舗2,商品09,5,172,860
100585,2024-12-07,店舗1,商品12,4,194,776
100736,2024-12-07,店舗1,商品12,3,194,582
100939,2024-12-07,店舗1,商品12,8,194,1552
101659,2024-12-07,店舗1,商品12,5,194,970
101850,2024-12-07,店舗1,商品12,6,194,1164
102001,2024-12-07,店舗1,商品12,4,194,776
102045,2024-12-07,店舗1,商品12,6,194,1164
102045,2024-12-07,店舗1,商品12,4,194,776
102388,2024-12-07,店舗1,商品12,4,194,776
102388,2024-12-07,店舗1,商品12,8,194,1552
102488,2024-12-07,店舗1,商品12,8,194,1552
102570,2024-12-07,店舗1,商品12,8,194,1552
102928,2024-12-07,店舗1,商品12,6,194,1164
103132,2024-12-07,店舗1,商品12,5,194,970
103132,2024-12-07,店舗1,商品12,5,194,970
103168,2024-12-07,店舗1,商品12,6,194,1164
103501,2024-12-07,店舗1,商品12,6,194,1164
103649,2024-12-07,店舗1,商品12,5,194,970
103881,2024-12-07,店舗1,商品01,8,172,1376
103881,2024-12-07,店舗1,商品01,5,172,860
104371,2024-12-07,店舗1,商品12,12,194,2328
104445,2024-12-07,店舗1,商品12,11,194,2134
104595,2024-12-07,店舗1,商品12,9,194,1746
104942,2024-12-07,店舗1,商品12,8,194,1552
105342,2024-12-07,店舗1,商品12,7,194,1358
105456,2024-12-07,店舗1,商品12,3,194,582
105456,2024-12-07,店舗1,商品12,6,194,1164
105516,2024-12-07,店舗1,商品12,7,194,1358
105560,2024-12-07,店舗1,商品12,5,194,970
100747,2024-12-07,店舗2,商品01,2,172,344
101700,2024-12-07,店舗2,商品07,3,172,516
101850,2024-12-07,店舗2,商品09,2,172,344
103917,2024-12-07,店舗2,商品09,3,172,516
105040,2024-12-07,店舗2,商品09,3,172,516
100217,2024-12-08,店舗1,商品12,11,194,2134
100493,2024-12-08,店舗1,商品12,5,194,970
100713,2024-12-08,店舗1,商品12,9,194,1746
101386,2024-12-08,店舗1,商品12,4,194,776
101386,2024-12-08,店舗1,商品12,5,194,970
101403,2024-12-08,店舗1,商品12,7,194,1358
101731,2024-12-08,店舗1,商品12,6,194,1164
102065,2024-12-08,店舗1,商品12,5,194,970
102065,2024-12-08,店舗1,商品12,5,194,970
102262,2024-12-08,店舗1,商品12,3,194,582
102410,2024-12-08,店舗1,商品12,6,194,1164
102417,2024-12-08,店舗1,商品12,9,194,1746
102881,2024-12-08,店舗1,商品12,5,194,970
103412,2024-12-08,店舗1,商品12,7,194,1358
103465,2024-12-08,店舗1,商品12,7,194,1358
104068,2024-12-08,店舗1,商品12,4,194,776
104158,2024-12-08,店舗1,商品09,3,172,516
104413,2024-12-08,店舗1,商品12,6,194,1164
104598,2024-12-08,店舗1,商品12,8,194,1552
104940,2024-12-08,店舗1,商品12,7,194,1358
105055,2024-12-08,店舗1,商品12,5,194,970
105117,2024-12-08,店舗1,商品12,5,194,970
105212,2024-12-08,店舗1,商品12,4,194,776
105429,2024-12-08,店舗1,商品12,8,194,1552
105498,2024-12-08,店舗1,商品12,14,194,2716
105498,2024-12-08,店舗1,商品12,8,194,1552
105498,2024-12-08,店舗1,商品12,9,194,1746
105916,2024-12-08,店舗1,商品12,8,194,1552
101377,2024-12-08,店舗2,商品10,1,194,194
105127,2024-12-08,店舗2,商品08,3,194,582
105768,2024-12-08,店舗2,商品07,1,172,172
105768,2024-12-08,店舗2,商品07,1,172,172
105789,2024-12-08,店舗2,商品05,2,194,388
100012,2024-12-09,店舗1,商品12,3,194,582
100234,2024-12-09,店舗1,商品12,4,194,776
100783,2024-12-09,店舗1,商品12,4,194,776
102045,2024-12-09,店舗1,商品12,4,194,776
102971,2024-12-09,店舗1,商品12,11,194,2134
104029,2024-12-09,店舗1,商品12,5,194,970
104029,2024-12-09,店舗1,商品12,6,194,1164
104253,2024-12-09,店舗1,商品12,3,194,582
105195,2024-12-09,店舗1,商品12,2,194,388
105553,2024-12-09,店舗1,商品12,5,194,970
100234,2024-12-09,店舗2,商品08,2,194,388
100234,2024-12-09,店舗2,商品08,1,194,194
100239,2024-12-09,店舗2,商品07,2,172,344
100769,2024-12-09,店舗2,商品08,1,194,194
100779,2024-12-09,店舗2,商品09,2,172,344
100825,2024-12-09,店舗2,商品01,1,172,172
102314,2024-12-09,店舗2,商品04,1,194,194
102319,2024-12-09,店舗2,商品08,3,194,582
103135,2024-12-09,店舗2,商品07,2,172,344
103135,2024-12-09,店舗2,商品10,1,194,194
104623,2024-12-09,店舗2,商品04,3,194,582
105489,2024-12-09,店舗2,商品07,2,172,344
105514,2024-12-09,店舗2,商品07,2,172,344
105514,2024-12-09,店舗2,商品07,1,172,172
105514,2024-12-09,店舗2,商品07,1,172,172
105514,2024-12-09,店舗2,商品07,1,172,172
105514,2024-12-09,店舗2,商品07,1,172,172
105514,2024-12-09,店舗2,商品07,2,172,344
105514,2024-12-09,店舗2,商品07,3,172,516
105514,2024-12-09,店舗2,商品07,1,172,172
105514,2024-12-09,店舗2,商品07,4,172,688
105514,2024-12-09,店舗2,商品07,2,172,344
105514,2024-12-09,店舗2,商品07,2,172,344
105514,2024-12-09,店舗2,商品07,2,172,344
105541,2024-12-09,店舗2,商品09,1,172,172
100587,2024-12-10,店舗1,商品12,4,194,776
102098,2024-12-10,店舗1,商品10,6,194,1164
102636,2024-12-10,店舗1,商品07,8,172,1376
103881,2024-12-10,店舗1,商品01,5,172,860
104286,2024-12-10,店舗1,商品12,4,194,776
104487,2024-12-10,店舗1,商品12,4,194,776
104570,2024-12-10,店舗1,商品12,6,194,1164
104940,2024-12-10,店舗1,商品12,8,194,1552
105863,2024-12-10,店舗1,商品12,4,194,776
100564,2024-12-10,店舗2,商品09,2,172,344
103009,2024-12-10,店舗2,商品04,4,194,776
103084,2024-12-10,店舗2,商品01,2,172,344
103084,2024-12-10,店舗2,商品01,2,172,344
103084,2024-12-10,店舗2,商品01,1,172,172
103084,2024-12-10,店舗2,商品01,1,172,172
103084,2024-12-10,店舗2,商品01,3,172,516
103168,2024-12-10,店舗2,商品07,2,172,344
103781,2024-12-10,店舗2,商品08,2,194,388
103781,2024-12-10,店舗2,商品09,2,172,344
103800,2024-12-10,店舗2,商品04,1,194,194
104189,2024-12-10,店舗2,商品09,3,172,516
104671,2024-12-10,店舗2,商品08,2,194,388
104707,2024-12-10,店舗2,商品09,1,172,172
104713,2024-12-10,店舗2,商品07,2,172,344
105275,2024-12-10,店舗2,商品09,2,172,344
105514,2024-12-10,店舗2,商品07,3,172,516
105514,2024-12-10,店舗2,商品07,4,172,688
105514,2024-12-10,店舗2,商品07,2,172,344
105514,2024-12-10,店舗2,商品07,2,172,344
105514,2024-12-10,店舗2,商品07,2,172,344
105916,2024-12-10,店舗2,商品08,2,194,388
100371,2024-12-11,店舗1,商品12,3,194,582
100501,2024-12-11,店舗1,商品12,3,194,582
101719,2024-12-11,店舗1,商品12,4,194,776
102694,2024-12-11,店舗1,商品12,4,194,776
102694,2024-12-11,店舗1,商品12,8,194,1552
103751,2024-12-11,店舗1,商品12,7,194,1358
103751,2024-12-11,店舗1,商品12,4,194,776
103751,2024-12-11,店舗1,商品12,3,194,582
103934,2024-12-11,店舗1,商品12,4,194,776
103992,2024-12-11,店舗1,商品12,3,194,582
103992,2024-12-11,店舗1,商品12,3,194,582
105748,2024-12-11,店舗1,商品12,3,194,582
100399,2024-12-11,店舗2,商品09,3,172,516
100399,2024-12-11,店舗2,商品09,2,172,344
100399,2024-12-11,店舗2,商品09,3,172,516
100399,2024-12-11,店舗2,商品09,3,172,516
100640,2024-12-11,店舗2,商品08,4,194,776
100736,2024-12-11,店舗2,商品09,3,172,516
101992,2024-12-11,店舗2,商品08,2,194,388
102226,2024-12-11,店舗2,商品08,3,194,582
103355,2024-12-11,店舗2,商品07,2,172,344
104120,2024-12-11,店舗2,商品04,2,194,388
104197,2024-12-11,店舗2,商品07,4,172,688
104525,2024-12-11,店舗2,商品08,3,194,582
104826,2024-12-11,店舗2,商品01,2,172,344
104939,2024-12-11,店舗2,商品06,3,194,582
105212,2024-12-11,店舗2,商品09,2,172,344
105444,2024-12-11,店舗2,商品09,4,172,688
105945,2024-12-11,店舗2,商品08,2,194,388
101094,2024-12-12,店舗1,商品12,5,194,970
101306,2024-12-12,店舗1,商品12,6,194,1164
102242,2024-12-12,店舗1,商品12,4,194,776
102434,2024-12-12,店舗1,商品12,5,194,970
103341,2024-12-12,店舗1,商品12,7,194,1358
104266,2024-12-12,店舗1,商品12,3,194,582
104467,2024-12-12,店舗1,商品12,5,194,970
105033,2024-12-12,店舗1,商品12,2,194,388
105068,2024-12-12,店舗1,商品12,4,194,776
105068,2024-12-12,店舗1,商品12,4,194,776
105068,2024-12-12,店舗1,商品12,2,194,388
105068,2024-12-12,店舗1,商品12,5,194,970
100830,2024-12-12,店舗2,商品09,3,172,516
101229,2024-12-12,店舗2,商品07,1,172,172
101229,2024-12-12,店舗2,商品09,4,172,688
101455,2024-12-12,店舗2,商品04,3,194,582
101649,2024-12-12,店舗2,商品07,2,172,344
103356,2024-12-12,店舗2,商品07,4,172,688
103421,2024-12-12,店舗2,商品01,2,172,344
103884,2024-12-12,店舗2,商品07,2,172,344
104337,2024-12-12,店舗2,商品07,2,172,344
104410,2024-12-12,店舗2,商品09,2,172,344
104568,2024-12-12,店舗2,商品07,2,172,344
104771,2024-12-12,店舗2,商品07,2,172,344
105010,2024-12-12,店舗2,商品08,3,194,582
105010,2024-12-12,店舗2,商品08,2,194,388
105581,2024-12-12,店舗2,商品04,6,194,1164
105581,2024-12-12,店舗2,商品09,3,172,516
100067,2024-12-13,店舗1,商品12,9,194,1746
100713,2024-12-13,店舗1,商品12,4,194,776
101122,2024-12-13,店舗1,商品12,3,194,582
101850,2024-12-13,店舗1,商品12,5,194,970
101850,2024-12-13,店舗1,商品12,3,194,582
102778,2024-12-13,店舗1,商品12,7,194,1358
103083,2024-12-13,店舗1,商品12,4,194,776
103443,2024-12-13,店舗1,商品12,7,194,1358
103461,2024-12-13,店舗1,商品10,3,194,582
103859,2024-12-13,店舗1,商品12,10,194,1940
104547,2024-12-13,店舗1,商品12,6,194,1164
104678,2024-12-13,店舗1,商品12,4,194,776
104851,2024-12-13,店舗1,商品12,8,194,1552
100037,2024-12-13,店舗2,商品04,3,194,582
100587,2024-12-13,店舗2,商品09,3,172,516
100677,2024-12-13,店舗2,商品01,2,172,344
101200,2024-12-13,店舗2,商品04,2,194,388
101346,2024-12-13,店舗2,商品04,2,194,388
101631,2024-12-13,店舗2,商品08,5,194,970
102364,2024-12-13,店舗2,商品08,2,194,388
103049,2024-12-13,店舗2,商品01,2,172,344
103940,2024-12-13,店舗2,商品04,3,194,582
104429,2024-12-13,店舗2,商品04,4,194,776
104445,2024-12-13,店舗2,商品04,1,194,194
104445,2024-12-13,店舗2,商品04,2,194,388
105468,2024-12-13,店舗2,商品09,2,172,344
105468,2024-12-13,店舗2,商品09,3,172,516
105780,2024-12-13,店舗2,商品09,2,172,344
105789,2024-12-13,店舗2,商品04,3,194,582
105789,2024-12-13,店舗2,商品06,3,194,582
105789,2024-12-13,店舗2,商品06,2,194,388
105907,2024-12-13,店舗2,商品01,5,172,860
100017,2024-12-14,店舗1,商品10,7,194,1358
100501,2024-12-14,店舗1,商品12,6,194,1164
100859,2024-12-14,店舗1,商品06,8,194,1552
100859,2024-12-14,店舗1,商品06,9,194,1746
101087,2024-12-14,店舗1,商品12,6,194,1164
101087,2024-12-14,店舗1,商品12,6,194,1164
101145,2024-12-14,店舗1,商品10,7,194,1358
101145,2024-12-14,店舗1,商品12,8,194,1552
101427,2024-12-14,店舗1,商品12,4,194,776
101446,2024-12-14,店舗1,商品12,5,194,970
101460,2024-12-14,店舗1,商品12,8,194,1552
101718,2024-12-14,店舗1,商品12,4,194,776
101755,2024-12-14,店舗1,商品12,7,194,1358
101897,2024-12-14,店舗1,商品12,4,194,776
101897,2024-12-14,店舗1,商品12,10,194,1940
102299,2024-12-14,店舗1,商品12,8,194,1552
102485,2024-12-14,店舗1,商品12,6,194,1164
102703,2024-12-14,店舗1,商品12,4,194,776
102724,2024-12-14,店舗1,商品12,4,194,776
102964,2024-12-14,店舗1,商品12,5,194,970
102999,2024-12-14,店舗1,商品12,13,194,2522
103316,2024-12-14,店舗1,商品12,4,194,776
103501,2024-12-14,店舗1,商品12,8,194,1552
103516,2024-12-14,店舗1,商品12,6,194,1164
103616,2024-12-14,店舗1,商品12,4,194,776
103724,2024-12-14,店舗1,商品12,5,194,970
104492,2024-12-14,店舗1,商品12,6,194,1164
104505,2024-12-14,店舗1,商品12,10,194,1940
104598,2024-12-14,店舗1,商品12,4,194,776
105444,2024-12-14,店舗1,商品12,3,194,582
105444,2024-12-14,店舗1,商品12,10,194,1940
105514,2024-12-14,店舗1,商品12,12,194,2328
100931,2024-12-14,店舗2,商品06,4,194,776
101425,2024-12-14,店舗2,商品09,2,172,344
101427,2024-12-14,店舗2,商品07,2,172,344
102208,2024-12-14,店舗2,商品01,2,172,344
103512,2024-12-14,店舗2,商品08,2,194,388
100685,2024-12-15,店舗1,商品12,6,194,1164
101043,2024-12-15,店舗1,商品12,8,194,1552
101177,2024-12-15,店舗1,商品12,7,194,1358
101289,2024-12-15,店舗1,商品12,3,194,582
101289,2024-12-15,店舗1,商品12,10,194,1940
101501,2024-12-15,店舗1,商品12,4,194,776
101608,2024-12-15,店舗1,商品12,3,194,582
101751,2024-12-15,店舗1,商品12,7,194,1358
101816,2024-12-15,店舗1,商品12,3,194,582
101816,2024-12-15,店舗1,商品12,6,194,1164
102212,2024-12-15,店舗1,商品12,4,194,776
102778,2024-12-15,店舗1,商品12,4,194,776
102931,2024-12-15,店舗1,商品12,5,194,970
103098,2024-12-15,店舗1,商品12,5,194,970
103494,2024-12-15,店舗1,商品12,3,194,582
103494,2024-12-15,店舗1,商品12,6,194,1164
103851,2024-12-15,店舗1,商品12,4,194,776
103860,2024-12-15,店舗1,商品12,5,194,970
103923,2024-12-15,店舗1,商品05,8,194,1552
103923,2024-12-15,店舗1,商品12,7,194,1358
103923,2024-12-15,店舗1,商品12,4,194,776
103923,2024-12-15,店舗1,商品12,7,194,1358
103923,2024-12-15,店舗1,商品12,7,194,1358
103923,2024-12-15,店舗1,商品12,4,194,776
103923,2024-12-15,店舗1,商品12,5,194,970
103923,2024-12-15,店舗1,商品12,4,194,776
103923,2024-12-15,店舗1,商品12,5,194,970
104169,2024-12-15,店舗1,商品12,2,194,388
105142,2024-12-15,店舗1,商品12,4,194,776
105730,2024-12-15,店舗1,商品12,5,194,970
105755,2024-12-15,店舗1,商品12,6,194,1164
105755,2024-12-15,店舗1,商品12,3,194,582
105841,2024-12-15,店舗1,商品12,6,194,1164
105916,2024-12-15,店舗1,商品12,7,194,1358
105945,2024-12-15,店舗1,商品12,7,194,1358
105945,2024-12-15,店舗1,商品12,4,194,776
105948,2024-12-15,店舗1,商品12,5,194,970
100585,2024-12-15,店舗2,商品08,1,194,194
101216,2024-12-15,店舗2,商品05,1,194,194
105592,2024-12-15,店舗2,商品09,3,172,516
105944,2024-12-15,店舗2,商品04,3,194,582
101224,2024-12-16,店舗1,商品07,4,172,688
101430,2024-12-16,店舗1,商品12,5,194,970
102018,2024-12-16,店舗1,商品12,5,194,970
102157,2024-12-16,店舗1,商品12,6,194,1164
102485,2024-12-16,店舗1,商品12,7,194,1358
102922,2024-12-16,店舗1,商品12,3,194,582
103049,2024-12-16,店舗1,商品12,5,194,970
105033,2024-12-16,店舗1,商品12,2,194,388
105033,2024-12-16,店舗1,商品12,5,194,970
105868,2024-12-16,店舗1,商品12,4,194,776
100278,2024-12-16,店舗2,商品05,2,194,388
100623,2024-12-16,店舗2,商品09,4,172,688
101389,2024-12-16,店舗2,商品09,4,172,688
101564,2024-12-16,店舗2,商品05,2,194,388
102537,2024-12-16,店舗2,商品01,2,172,344
102798,2024-12-16,店舗2,商品01,2,172,344
102820,2024-12-16,店舗2,商品09,3,172,516
103142,2024-12-16,店舗2,商品06,3,194,582
103394,2024-12-16,店舗2,商品09,2,172,344
103421,2024-12-16,店舗2,商品09,3,172,516
103995,2024-12-16,店舗2,商品01,4,172,688
105010,2024-12-16,店舗2,商品08,3,194,582
105010,2024-12-16,店舗2,商品08,5,194,970
105807,2024-12-16,店舗2,商品04,3,194,582
105854,2024-12-16,店舗2,商品06,4,194,776
100895,2024-12-17,店舗1,商品12,3,194,582
100981,2024-12-17,店舗1,商品12,5,194,970
102375,2024-12-17,店舗1,商品12,4,194,776
102392,2024-12-17,店舗1,商品12,4,194,776
102392,2024-12-17,店舗1,商品12,4,194,776
102437,2024-12-17,店舗1,商品12,5,194,970
102552,2024-12-17,店舗1,商品12,3,194,582
103850,2024-12-17,店舗1,商品12,3,194,582
103850,2024-12-17,店舗1,商品12,6,194,1164
103850,2024-12-17,店舗1,商品12,3,194,582
103857,2024-12-17,店舗1,商品12,7,194,1358
104395,2024-12-17,店舗1,商品12,2,194,388
102400,2024-12-17,店舗2,商品08,3,194,582
102672,2024-12-17,店舗2,商品08,5,194,970
103269,2024-12-17,店舗2,商品07,2,172,344
103360,2024-12-17,店舗2,商品08,2,194,388
103433,2024-12-17,店舗2,商品04,4,194,776
103436,2024-12-17,店舗2,商品08,3,194,582
104120,2024-12-17,店舗2,商品05,3,194,582
104525,2024-12-17,店舗2,商品08,5,194,970
104536,2024-12-17,店舗2,商品04,3,194,582
104623,2024-12-17,店舗2,商品04,2,194,388
105396,2024-12-17,店舗2,商品06,4,194,776
105691,2024-12-17,店舗2,商品09,4,172,688
105916,2024-12-17,店舗2,商品09,3,172,516
100177,2024-12-18,店舗1,商品12,5,194,970
101399,2024-12-18,店舗1,商品12,4,194,776
101454,2024-12-18,店舗1,商品12,6,194,1164
101454,2024-12-18,店舗1,商品12,5,194,970
101649,2024-12-18,店舗1,商品12,5,194,970
101649,2024-12-18,店舗1,商品12,3,194,582
102371,2024-12-18,店舗1,商品12,4,194,776
102371,2024-12-18,店舗1,商品12,6,194,1164
104054,2024-12-18,店舗1,商品12,4,194,776
104054,2024-12-18,店舗1,商品12,3,194,582
104169,2024-12-18,店舗1,商品12,3,194,582
104295,2024-12-18,店舗1,商品12,3,194,582
105730,2024-12-18,店舗1,商品12,4,194,776
100422,2024-12-18,店舗2,商品08,2,194,388
100610,2024-12-18,店舗2,商品06,1,194,194
100610,2024-12-18,店舗2,商品06,1,194,194
101005,2024-12-18,店舗2,商品01,1,172,172
102417,2024-12-18,店舗2,商品08,3,194,582
103176,2024-12-18,店舗2,商品09,2,172,344
103250,2024-12-18,店舗2,商品07,3,172,516
103816,2024-12-18,店舗2,商品07,2,172,344
104220,2024-12-18,店舗2,商品05,2,194,388
104220,2024-12-18,店舗2,商品06,3,194,582
104293,2024-12-18,店舗2,商品09,1,172,172
104561,2024-12-18,店舗2,商品07,2,172,344
104746,2024-12-18,店舗2,商品06,3,194,582
104746,2024-12-18,店舗2,商品06,2,194,388
104746,2024-12-18,店舗2,商品08,2,194,388
104753,2024-12-18,店舗2,商品08,2,194,388
105562,2024-12-18,店舗2,商品09,3,172,516
105628,2024-12-18,店舗2,商品07,3,172,516
105628,2024-12-18,店舗2,商品07,2,172,344
105628,2024-12-18,店舗2,商品08,5,194,970
105628,2024-12-18,店舗2,商品10,2,194,388
100487,2024-12-19,店舗1,商品10,3,194,582
101389,2024-12-19,店舗1,商品12,4,194,776
102562,2024-12-19,店舗1,商品12,5,194,970
102700,2024-12-19,店舗1,商品12,9,194,1746
102894,2024-12-19,店舗1,商品12,5,194,970
103649,2024-12-19,店舗1,商品04,2,194,388
103916,2024-12-19,店舗1,商品12,6,194,1164
104285,2024-12-19,店舗1,商品12,5,194,970
104285,2024-12-19,店舗1,商品12,4,194,776
105461,2024-12-19,店舗1,商品12,7,194,1358
100493,2024-12-19,店舗2,商品07,3,172,516
100493,2024-12-19,店舗2,商品09,2,172,344
100904,2024-12-19,店舗2,商品01,4,172,688
100966,2024-12-19,店舗2,商品05,3,194,582
100966,2024-12-19,店舗2,商品05,3,194,582
101731,2024-12-19,店舗2,商品07,2,172,344
102391,2024-12-19,店舗2,商品06,2,194,388
102832,2024-12-19,店舗2,商品05,2,194,388
102931,2024-12-19,店舗2,商品07,2,172,344
103337,2024-12-19,店舗2,商品07,3,172,516
103511,2024-12-19,店舗2,商品09,3,172,516
103564,2024-12-19,店舗2,商品07,4,172,688
103589,2024-12-19,店舗2,商品09,3,172,516
104018,2024-12-19,店舗2,商品09,4,172,688
105612,2024-12-19,店舗2,商品01,2,172,344
100371,2024-12-20,店舗1,商品12,4,194,776
100878,2024-12-20,店舗1,商品12,5,194,970
101401,2024-12-20,店舗1,商品12,8,194,1552
101500,2024-12-20,店舗1,商品11,1,594,594
101711,2024-12-20,店舗1,商品12,5,194,970
102039,2024-12-20,店舗1,商品12,4,194,776
102109,2024-12-20,店舗1,商品12,6,194,1164
102303,2024-12-20,店舗1,商品12,4,194,776
102439,2024-12-20,店舗1,商品12,6,194,1164
102439,2024-12-20,店舗1,商品12,7,194,1358
102552,2024-12-20,店舗1,商品12,7,194,1358
102757,2024-12-20,店舗1,商品12,10,194,1940
102922,2024-12-20,店舗1,商品12,14,194,2716
104068,2024-12-20,店舗1,商品12,6,194,1164
104374,2024-12-20,店舗1,商品12,14,194,2716
104445,2024-12-20,店舗1,商品12,4,194,776
105611,2024-12-20,店舗1,商品12,6,194,1164
100511,2024-12-20,店舗2,商品07,5,172,860
100754,2024-12-20,店舗2,商品08,3,194,582
100933,2024-12-20,店舗2,商品09,6,172,1032
101087,2024-12-20,店舗2,商品10,3,194,582
101263,2024-12-20,店舗2,商品09,4,172,688
101570,2024-12-20,店舗2,商品08,4,194,776
101570,2024-12-20,店舗2,商品08,5,194,970
102145,2024-12-20,店舗2,商品08,3,194,582
102599,2024-12-20,店舗2,商品06,6,194,1164
102867,2024-12-20,店舗2,商品08,2,194,388
103250,2024-12-20,店舗2,商品09,3,172,516
103421,2024-12-20,店舗2,商品09,3,172,516
103701,2024-12-20,店舗2,商品07,2,172,344
103701,2024-12-20,店舗2,商品07,2,172,344
104268,2024-12-20,店舗2,商品09,2,172,344
105043,2024-12-20,店舗2,商品07,3,172,516
105379,2024-12-20,店舗2,商品07,5,172,860
105448,2024-12-20,店舗2,商品08,3,194,582
105667,2024-12-20,店舗2,商品09,2,172,344
105860,2024-12-20,店舗2,商品09,3,172,516
100181,2024-12-21,店舗1,商品12,6,194,1164
100281,2024-12-21,店舗1,商品07,10,172,1720
100454,2024-12-21,店舗1,商品12,8,194,1552
100735,2024-12-21,店舗1,商品12,7,194,1358
100977,2024-12-21,店舗1,商品12,9,194,1746
100985,2024-12-21,店舗1,商品12,9,194,1746
101136,2024-12-21,店舗1,商品12,14,194,2716
101265,2024-12-21,店舗1,商品12,8,194,1552
101454,2024-12-21,店舗1,商品12,7,194,1358
101454,2024-12-21,店舗1,商品12,4,194,776
101562,2024-12-21,店舗1,商品12,4,194,776
101562,2024-12-21,店舗1,商品12,8,194,1552
102138,2024-12-21,店舗1,商品12,7,194,1358
102217,2024-12-21,店舗1,商品12,15,194,2910
102331,2024-12-21,店舗1,商品12,5,194,970
102331,2024-12-21,店舗1,商品12,9,194,1746
102377,2024-12-21,店舗1,商品04,7,194,1358
102439,2024-12-21,店舗1,商品12,4,194,776
102656,2024-12-21,店舗1,商品12,7,194,1358
102665,2024-12-21,店舗1,商品12,6,194,1164
102786,2024-12-21,店舗1,商品12,4,194,776
103049,2024-12-21,店舗1,商品12,7,194,1358
103198,2024-12-21,店舗1,商品12,6,194,1164
103828,2024-12-21,店舗1,商品12,11,194,2134
104075,2024-12-21,店舗1,商品12,7,194,1358
104085,2024-12-21,店舗1,商品12,10,194,1940
104097,2024-12-21,店舗1,商品12,6,194,1164
104295,2024-12-21,店舗1,商品12,3,194,582
104640,2024-12-21,店舗1,商品12,7,194,1358
104876,2024-12-21,店舗1,商品12,11,194,2134
104876,2024-12-21,店舗1,商品12,10,194,1940
105055,2024-12-21,店舗1,商品12,4,194,776
105055,2024-12-21,店舗1,商品12,7,194,1358
105160,2024-12-21,店舗1,商品12,6,194,1164
105160,2024-12-21,店舗1,商品12,6,194,1164
105279,2024-12-21,店舗1,商品06,7,194,1358
105279,2024-12-21,店舗1,商品07,6,172,1032
105324,2024-12-21,店舗1,商品12,14,194,2716
105553,2024-12-21,店舗1,商品12,3,194,582
105620,2024-12-21,店舗1,商品09,8,172,1376
105809,2024-12-21,店舗1,商品10,8,194,1552
100278,2024-12-21,店舗2,商品06,1,194,194
100278,2024-12-21,店舗2,商品06,1,194,194
100475,2024-12-21,店舗2,商品05,1,194,194
100929,2024-12-21,店舗2,商品04,1,194,194
100929,2024-12-21,店舗2,商品05,1,194,194
100929,2024-12-21,店舗2,商品09,1,172,172
100929,2024-12-21,店舗2,商品09,1,172,172
100929,2024-12-21,店舗2,商品09,1,172,172
100929,2024-12-21,店舗2,商品09,1,172,172
101427,2024-12-21,店舗2,商品07,1,172,172
102552,2024-12-21,店舗2,商品04,1,194,194
103815,2024-12-21,店舗2,商品09,1,172,172
103815,2024-12-21,店舗2,商品09,1,172,172
103815,2024-12-21,店舗2,商品09,1,172,172
105780,2024-12-21,店舗2,商品09,1,172,172
105780,2024-12-21,店舗2,商品09,1,172,172
105780,2024-12-21,店舗2,商品09,1,172,172
105780,2024-12-21,店舗2,商品09,1,172,172
100168,2024-12-22,店舗1,商品12,10,194,1940
100393,2024-12-22,店舗1,商品12,4,194,776
100459,2024-12-22,店舗1,商品12,6,194,1164
100544,2024-12-22,店舗1,商品12,6,194,1164
100544,2024-12-22,店舗1,商品12,6,194,1164
100544,2024-12-22,店舗1,商品12,7,194,1358
100544,2024-12-22,店舗1,商品12,4,194,776
100544,2024-12-22,店舗1,商品12,5,194,970
100840,2024-12-22,店舗1,商品12,8,194,1552
101037,2024-12-22,店舗1,商品12,5,194,970
101293,2024-12-22,店舗1,商品12,6,194,1164
101293,2024-12-22,店舗1,商品12,8,194,1552
101850,2024-12-22,店舗1,商品12,3,194,582
102250,2024-12-22,店舗1,商品12,3,194,582
102250,2024-12-22,店舗1,商品12,7,194,1358
102609,2024-12-22,店舗1,商品12,7,194,1358
102672,2024-12-22,店舗1,商品12,8,194,1552
102730,2024-12-22,店舗1,商品12,8,194,1552
103025,2024-12-22,店舗1,商品12,14,194,2716
103265,2024-12-22,店舗1,商品10,5,194,970
103285,2024-12-22,店舗1,商品12,13,194,2522
103394,2024-12-22,店舗1,商品12,5,194,970
103394,2024-12-22,店舗1,商品12,4,194,776
103394,2024-12-22,店舗1,商品12,7,194,1358
103521,2024-12-22,店舗1,商品12,6,194,1164
103682,2024-12-22,店舗1,商品12,9,194,1746
104018,2024-12-22,店舗1,商品12,5,194,970
104088,2024-12-22,店舗1,商品12,6,194,1164
104157,2024-12-22,店舗1,商品12,5,194,970
104335,2024-12-22,店舗1,商品12,7,194,1358
104879,2024-12-22,店舗1,商品12,3,194,582
104891,2024-12-22,店舗1,商品12,4,194,776
105376,2024-12-22,店舗1,商品10,6,194,1164
105376,2024-12-22,店舗1,商品11,1,594,594
105376,2024-12-22,店舗1,商品12,4,194,776
105386,2024-12-22,店舗1,商品12,5,194,970
105444,2024-12-22,店舗1,商品12,7,194,1358
105444,2024-12-22,店舗1,商品12,4,194,776
105456,2024-12-22,店舗1,商品12,5,194,970
105533,2024-12-22,店舗1,商品12,4,194,776
105533,2024-12-22,店舗1,商品12,9,194,1746
105740,2024-12-22,店舗1,商品10,5,194,970
105838,2024-12-22,店舗1,商品12,11,194,2134
105909,2024-12-22,店舗1,商品07,6,172,1032
100322,2024-12-22,店舗2,商品07,3,172,516
100783,2024-12-22,店舗2,商品01,2,172,344
101850,2024-12-22,店舗2,商品09,2,172,344
104567,2024-12-22,店舗2,商品07,3,172,516
100334,2024-12-23,店舗1,商品12,5,194,970
101816,2024-12-23,店舗1,商品12,3,194,582
102029,2024-12-23,店舗1,商品12,5,194,970
102029,2024-12-23,店舗1,商品12,3,194,582
102029,2024-12-23,店舗1,商品12,2,194,388
102029,2024-12-23,店舗1,商品12,3,194,582
102319,2024-12-23,店舗1,商品12,4,194,776
103787,2024-12-23,店舗1,商品12,2,194,388
103995,2024-12-23,店舗1,商品12,5,194,970
104379,2024-12-23,店舗1,商品12,2,194,388
104379,2024-12-23,店舗1,商品12,3,194,582
104640,2024-12-23,店舗1,商品12,3,194,582
105376,2024-12-23,店舗1,商品10,4,194,776
105376,2024-12-23,店舗1,商品10,3,194,582
105376,2024-12-23,店舗1,商品10,7,194,1358
105376,2024-12-23,店舗1,商品11,1,594,594
105514,2024-12-23,店舗1,商品12,3,194,582
105841,2024-12-23,店舗1,商品12,4,194,776
100643,2024-12-23,店舗2,商品08,4,194,776
100643,2024-12-23,店舗2,商品08,2,194,388
100648,2024-12-23,店舗2,商品04,2,194,388
100656,2024-12-23,店舗2,商品07,3,172,516
100914,2024-12-23,店舗2,商品08,2,194,388
100949,2024-12-23,店舗2,商品09,3,172,516
101309,2024-12-23,店舗2,商品07,4,172,688
101563,2024-12-23,店舗2,商品04,4,194,776
101885,2024-12-23,店舗2,商品04,5,194,970
101970,2024-12-23,店舗2,商品08,2,194,388
103183,2024-12-23,店舗2,商品08,2,194,388
104229,2024-12-23,店舗2,商品04,3,194,582
104257,2024-12-23,店舗2,商品07,3,172,516
104513,2024-12-23,店舗2,商品04,3,194,582
104513,2024-12-23,店舗2,商品04,2,194,388
104545,2024-12-23,店舗2,商品09,4,172,688
104574,2024-12-23,店舗2,商品09,6,172,1032
105276,2024-12-23,店舗2,商品08,2,194,388
105819,2024-12-23,店舗2,商品07,3,172,516
102778,2024-12-24,店舗1,商品12,6,194,1164
102817,2024-12-24,店舗1,商品12,6,194,1164
103132,2024-12-24,店舗1,商品12,7,194,1358
103501,2024-12-24,店舗1,商品12,7,194,1358
103657,2024-12-24,店舗1,商品12,5,194,970
104018,2024-12-24,店舗1,商品12,7,194,1358
104018,2024-12-24,店舗1,商品12,5,194,970
104191,2024-12-24,店舗1,商品12,4,194,776
104369,2024-12-24,店舗1,商品12,5,194,970
104373,2024-12-24,店舗1,商品11,1,594,594
105264,2024-12-24,店舗1,商品12,5,194,970
105852,2024-12-24,店舗1,商品12,7,194,1358
100418,2024-12-24,店舗2,商品04,3,194,582
101160,2024-12-24,店舗2,商品09,3,172,516
101306,2024-12-24,店舗2,商品07,4,172,688
101405,2024-12-24,店舗2,商品06,3,194,582
101405,2024-12-24,店舗2,商品08,2,194,388
101625,2024-12-24,店舗2,商品04,8,194,1552
101664,2024-12-24,店舗2,商品07,3,172,516
102177,2024-12-24,店舗2,商品08,4,194,776
102507,2024-12-24,店舗2,商品04,2,194,388
102928,2024-12-24,店舗2,商品08,5,194,970
102931,2024-12-24,店舗2,商品09,2,172,344
103781,2024-12-24,店舗2,商品08,4,194,776
103781,2024-12-24,店舗2,商品09,2,172,344
104634,2024-12-24,店舗2,商品08,2,194,388
104634,2024-12-24,店舗2,商品08,3,194,582
104634,2024-12-24,店舗2,商品08,1,194,194
104768,2024-12-24,店舗2,商品08,5,194,970
104821,2024-12-24,店舗2,商品06,2,194,388
104978,2024-12-24,店舗2,商品09,2,172,344
105852,2024-12-24,店舗2,商品09,1,172,172
100249,2024-12-25,店舗1,商品12,3,194,582
100249,2024-12-25,店舗1,商品12,3,194,582
100249,2024-12-25,店舗1,商品12,3,194,582
100964,2024-12-25,店舗1,商品12,6,194,1164
101265,2024-12-25,店舗1,商品07,6,172,1032
101265,2024-12-25,店舗1,商品12,3,194,582
101719,2024-12-25,店舗1,商品12,5,194,970
101719,2024-12-25,店舗1,商品12,4,194,776
102012,2024-12-25,店舗1,商品12,4,194,776
102012,2024-12-25,店舗1,商品12,2,194,388
102606,2024-12-25,店舗1,商品12,2,194,388
102922,2024-12-25,店舗1,商品12,4,194,776
102922,2024-12-25,店舗1,商品12,5,194,970
104258,2024-12-25,店舗1,商品11,1,594,594
104258,2024-12-25,店舗1,商品11,1,594,594
104258,2024-12-25,店舗1,商品11,2,594,1188
104370,2024-12-25,店舗1,商品12,4,194,776
105000,2024-12-25,店舗1,商品12,3,194,582
105068,2024-12-25,店舗1,商品12,5,194,970
100682,2024-12-25,店舗2,商品04,3,194,582
100682,2024-12-25,店舗2,商品06,3,194,582
100682,2024-12-25,店舗2,商品09,2,172,344
100685,2024-12-25,店舗2,商品09,1,172,172
100686,2024-12-25,店舗2,商品04,2,194,388
100845,2024-12-25,店舗2,商品09,3,172,516
100845,2024-12-25,店舗2,商品09,2,172,344
100845,2024-12-25,店舗2,商品09,3,172,516
100845,2024-12-25,店舗2,商品09,2,172,344
100845,2024-12-25,店舗2,商品09,4,172,688
101256,2024-12-25,店舗2,商品09,1,172,172
101389,2024-12-25,店舗2,商品09,3,172,516
101389,2024-12-25,店舗2,商品09,3,172,516
101389,2024-12-25,店舗2,商品09,1,172,172
101888,2024-12-25,店舗2,商品04,1,194,194
101888,2024-12-25,店舗2,商品04,2,194,388
101890,2024-12-25,店舗2,商品07,4,172,688
102112,2024-12-25,店舗2,商品08,2,194,388
102971,2024-12-25,店舗2,商品08,2,194,388
103787,2024-12-25,店舗2,商品06,3,194,582
103913,2024-12-25,店舗2,商品04,3,194,582
104921,2024-12-25,店舗2,商品08,1,194,194
104921,2024-12-25,店舗2,商品08,2,194,388
105209,2024-12-25,店舗2,商品04,2,194,388
105385,2024-12-25,店舗2,商品09,2,172,344
105498,2024-12-25,店舗2,商品08,2,194,388
105762,2024-12-25,店舗2,商品08,2,194,388
100570,2024-12-26,店舗1,商品12,5,194,970
100784,2024-12-26,店舗1,商品12,4,194,776
100784,2024-12-26,店舗1,商品12,3,194,582
101328,2024-12-26,店舗1,商品12,3,194,582
102665,2024-12-26,店舗1,商品12,7,194,1358
102800,2024-12-26,店舗1,商品12,9,194,1746
102999,2024-12-26,店舗1,商品12,5,194,970
103265,2024-12-26,店舗1,商品12,4,194,776
103719,2024-12-26,店舗1,商品12,6,194,1164
105962,2024-12-26,店舗1,商品12,4,194,776
100240,2024-12-26,店舗2,商品01,2,172,344
100564,2024-12-26,店舗2,商品09,3,172,516
100670,2024-12-26,店舗2,商品04,1,194,194
100742,2024-12-26,店舗2,商品07,6,172,1032
100883,2024-12-26,店舗2,商品08,1,194,194
101171,2024-12-26,店舗2,商品08,4,194,776
101622,2024-12-26,店舗2,商品07,3,172,516
102618,2024-12-26,店舗2,商品09,3,172,516
102664,2024-12-26,店舗2,商品07,4,172,688
102977,2024-12-26,店舗2,商品09,2,172,344
103484,2024-12-26,店舗2,商品07,2,172,344
103484,2024-12-26,店舗2,商品07,3,172,516
103484,2024-12-26,店舗2,商品07,3,172,516
104442,2024-12-26,店舗2,商品04,3,194,582
100642,2024-12-27,店舗1,商品12,4,194,776
100642,2024-12-27,店舗1,商品12,10,194,1940
100850,2024-12-27,店舗1,商品12,3,194,582
101427,2024-12-27,店舗1,商品12,8,194,1552
101427,2024-12-27,店舗1,商品12,5,194,970
101803,2024-12-27,店舗1,商品12,5,194,970
103132,2024-12-27,店舗1,商品12,4,194,776
103585,2024-12-27,店舗1,商品12,6,194,1164
103993,2024-12-27,店舗1,商品12,3,194,582
104598,2024-12-27,店舗1,商品12,5,194,970
104879,2024-12-27,店舗1,商品12,3,194,582
104880,2024-12-27,店舗1,商品01,7,172,1204
105231,2024-12-27,店舗1,商品12,6,194,1164
105382,2024-12-27,店舗1,商品12,6,194,1164
100258,2024-12-27,店舗2,商品07,3,172,516
100331,2024-12-27,店舗2,商品09,3,172,516
101265,2024-12-27,店舗2,商品07,2,172,344
102279,2024-12-27,店舗2,商品06,1,194,194
102922,2024-12-27,店舗2,商品06,2,194,388
102922,2024-12-27,店舗2,商品06,2,194,388
102922,2024-12-27,店舗2,商品07,2,172,344
102922,2024-12-27,店舗2,商品07,2,172,344
102922,2024-12-27,店舗2,商品07,1,172,172
102922,2024-12-27,店舗2,商品07,2,172,344
103033,2024-12-27,店舗2,商品07,2,172,344
103364,2024-12-27,店舗2,商品09,3,172,516
103364,2024-12-27,店舗2,商品09,3,172,516
103476,2024-12-27,店舗2,商品09,3,172,516
103724,2024-12-27,店舗2,商品07,2,172,344
104009,2024-12-27,店舗2,商品05,2,194,388
104848,2024-12-27,店舗2,商品07,2,172,344
105440,2024-12-27,店舗2,商品08,3,194,582
105745,2024-12-27,店舗2,商品09,2,172,344
105762,2024-12-27,店舗2,商品07,1,172,172
105762,2024-12-27,店舗2,商品07,2,172,344
100415,2024-12-28,店舗1,商品12,6,194,1164
100501,2024-12-28,店舗1,商品12,6,194,1164
100610,2024-12-28,店舗1,商品12,9,194,1746
100610,2024-12-28,店舗1,商品12,4,194,776
101503,2024-12-28,店舗1,商品12,4,194,776
101755,2024-12-28,店舗1,商品12,3,194,582
101888,2024-12-28,店舗1,商品12,7,194,1358
101888,2024-12-28,店舗1,商品12,6,194,1164
101888,2024-12-28,店舗1,商品12,7,194,1358
101888,2024-12-28,店舗1,商品12,8,194,1552
101902,2024-12-28,店舗1,商品12,6,194,1164
102259,2024-12-28,店舗1,商品12,9,194,1746
102351,2024-12-28,店舗1,商品12,8,194,1552
102586,2024-12-28,店舗1,商品12,4,194,776
102922,2024-12-28,店舗1,商品12,6,194,1164
103049,2024-12-28,店舗1,商品12,12,194,2328
103098,2024-12-28,店舗1,商品12,7,194,1358
103154,2024-12-28,店舗1,商品06,5,194,970
103154,2024-12-28,店舗1,商品06,6,194,1164
103257,2024-12-28,店舗1,商品12,7,194,1358
103303,2024-12-28,店舗1,商品12,12,194,2328
103303,2024-12-28,店舗1,商品12,7,194,1358
103332,2024-12-28,店舗1,商品12,5,194,970
103465,2024-12-28,店舗1,商品12,6,194,1164
103874,2024-12-28,店舗1,商品12,7,194,1358
104258,2024-12-28,店舗1,商品11,1,594,594
104258,2024-12-28,店舗1,商品11,2,594,1188
104337,2024-12-28,店舗1,商品12,9,194,1746
104826,2024-12-28,店舗1,商品12,5,194,970
104976,2024-12-28,店舗1,商品12,16,194,3104
105055,2024-12-28,店舗1,商品12,8,194,1552
105206,2024-12-28,店舗1,商品12,7,194,1358
105325,2024-12-28,店舗1,商品12,6,194,1164
105596,2024-12-28,店舗1,商品12,5,194,970
105639,2024-12-28,店舗1,商品11,2,594,1188
105962,2024-12-28,店舗1,商品12,7,194,1358
101564,2024-12-28,店舗2,商品05,2,194,388
104293,2024-12-28,店舗2,商品07,1,172,172
104880,2024-12-28,店舗2,商品09,2,172,344
105206,2024-12-28,店舗2,商品07,1,172,172
105206,2024-12-28,店舗2,商品07,1,172,172
100152,2024-12-29,店舗1,商品12,12,194,2328
100282,2024-12-29,店舗1,商品12,8,194,1552
100335,2024-12-29,店舗1,商品12,10,194,1940
100403,2024-12-29,店舗1,商品12,10,194,1940
100784,2024-12-29,店舗1,商品12,6,194,1164
101215,2024-12-29,店舗1,商品12,5,194,970
101401,2024-12-29,店舗1,商品12,8,194,1552
101427,2024-12-29,店舗1,商品12,6,194,1164
101650,2024-12-29,店舗1,商品12,6,194,1164
101737,2024-12-29,店舗1,商品12,5,194,970
101748,2024-12-29,店舗1,商品12,12,194,2328
101776,2024-12-29,店舗1,商品12,7,194,1358
102374,2024-12-29,店舗1,商品12,11,194,2134
102437,2024-12-29,店舗1,商品12,5,194,970
102845,2024-12-29,店舗1,商品12,7,194,1358
102918,2024-12-29,店舗1,商品12,9,194,1746
103084,2024-12-29,店舗1,商品06,10,194,1940
103084,2024-12-29,店舗1,商品06,11,194,2134
103565,2024-12-29,店舗1,商品12,12,194,2328
103600,2024-12-29,店舗1,商品12,7,194,1358
103939,2024-12-29,店舗1,商品12,15,194,2910
104120,2024-12-29,店舗1,商品12,7,194,1358
104295,2024-12-29,店舗1,商品12,6,194,1164
104748,2024-12-29,店舗1,商品12,8,194,1552
104976,2024-12-29,店舗1,商品12,7,194,1358
104997,2024-12-29,店舗1,商品12,6,194,1164
105190,2024-12-29,店舗1,商品12,4,194,776
105322,2024-12-29,店舗1,商品12,6,194,1164
105625,2024-12-29,店舗1,商品12,7,194,1358
105704,2024-12-29,店舗1,商品12,3,194,582
100944,2024-12-29,店舗2,商品04,1,194,194
100944,2024-12-29,店舗2,商品07,1,172,172
102471,2024-12-29,店舗2,商品01,1,172,172
102471,2024-12-29,店舗2,商品01,1,172,172
105195,2024-12-29,店舗2,商品04,1,194,194
105195,2024-12-29,店舗2,商品04,1,194,194
100371,2024-12-30,店舗1,商品12,5,194,970
102012,2024-12-30,店舗1,商品12,6,194,1164
103366,2024-12-30,店舗1,商品12,5,194,970
103404,2024-12-30,店舗1,商品07,3,172,516
103404,2024-12-30,店舗1,商品12,3,194,582
103757,2024-12-30,店舗1,商品12,5,194,970
104120,2024-12-30,店舗1,商品06,6,194,1164
104258,2024-12-30,店舗1,商品10,4,194,776
104258,2024-12-30,店舗1,商品11,1,594,594
104574,2024-12-30,店舗1,商品12,3,194,582
104867,2024-12-30,店舗1,商品09,4,172,688
105396,2024-12-30,店舗1,商品12,4,194,776
105396,2024-12-30,店舗1,商品12,5,194,970
100272,2024-12-30,店舗2,商品09,3,172,516
100607,2024-12-30,店舗2,商品08,2,194,388
102308,2024-12-30,店舗2,商品09,1,172,172
103177,2024-12-30,店舗2,商品04,3,194,582
103177,2024-12-30,店舗2,商品04,2,194,388
103177,2024-12-30,店舗2,商品08,2,194,388
103177,2024-12-30,店舗2,商品08,3,194,582
104525,2024-12-30,店舗2,商品09,1,172,172
104977,2024-12-30,店舗2,商品05,2,194,388
105274,2024-12-30,店舗2,商品09,3,172,516
105708,2024-12-30,店舗2,商品07,2,172,344
105920,2024-12-30,店舗2,商品09,3,172,516
100029,2024-12-31,店舗1,商品12,6,194,1164
100064,2024-12-31,店舗1,商品12,6,194,1164
100856,2024-12-31,店舗1,商品12,7,194,1358
101271,2024-12-31,店舗1,商品12,5,194,970
103799,2024-12-31,店舗1,商品12,9,194,1746
104026,2024-12-31,店舗1,商品12,5,194,970
104189,2024-12-31,店舗1,商品12,4,194,776
104487,2024-12-31,店舗1,商品12,8,194,1552
105382,2024-12-31,店舗1,商品12,3,194,582
100082,2024-12-31,店舗2,商品07,3,172,516
100311,2024-12-31,店舗2,商品09,2,172,344
100355,2024-12-31,店舗2,商品04,3,194,582
101792,2024-12-31,店舗2,商品07,2,172,344
101792,2024-12-31,店舗2,商品07,1,172,172
103598,2024-12-31,店舗2,商品04,3,194,582
103648,2024-12-31,店舗2,商品07,4,172,688
104258,2024-12-31,店舗2,商品10,3,194,582
104561,2024-12-31,店舗2,商品09,2,172,344
105245,2024-12-31,店舗2,商品07,3,172,516
105268,2024-12-31,店舗2,商品07,3,172,516
100217,2025-01-01,店舗1,商品12,5,194,970
100685,2025-01-01,店舗1,商品12,5,194,970
101260,2025-01-01,店舗1,商品12,9,194,1746
101587,2025-01-01,店舗1,商品12,4,194,776
101587,2025-01-01,店舗1,商品12,9,194,1746
101731,2025-01-01,店舗1,商品12,4,194,776
101731,2025-01-01,店舗1,商品12,8,194,1552
102262,2025-01-01,店舗1,商品12,4,194,776
102411,2025-01-01,店舗1,商品10,4,194,776
103120,2025-01-01,店舗1,商品09,5,172,860
103304,2025-01-01,店舗1,商品12,11,194,2134
103394,2025-01-01,店舗1,商品12,7,194,1358
103394,2025-01-01,店舗1,商品12,6,194,1164
103394,2025-01-01,店舗1,商品12,5,194,970
103788,2025-01-01,店舗1,商品12,7,194,1358
103933,2025-01-01,店舗1,商品12,4,194,776
104028,2025-01-01,店舗1,商品12,5,194,970
104054,2025-01-01,店舗1,商品09,3,172,516
104170,2025-01-01,店舗1,商品12,5,194,970
104640,2025-01-01,店舗1,商品12,9,194,1746
104942,2025-01-01,店舗1,商品12,5,194,970
105142,2025-01-01,店舗1,商品12,7,194,1358
105232,2025-01-01,店舗1,商品12,10,194,1940
105358,2025-01-01,店舗1,商品12,6,194,1164
105587,2025-01-01,店舗1,商品01,8,172,1376
105667,2025-01-01,店舗1,商品12,5,194,970
105667,2025-01-01,店舗1,商品12,6,194,1164
105762,2025-01-01,店舗1,商品12,5,194,970
100709,2025-01-01,店舗2,商品04,1,194,194
101516,2025-01-01,店舗2,商品09,2,172,344
103501,2025-01-01,店舗2,商品08,2,194,388
104286,2025-01-01,店舗2,商品06,2,194,388
104286,2025-01-01,店舗2,商品06,2,194,388
104556,2025-01-01,店舗2,商品08,1,194,194
100415,2025-01-02,店舗1,商品12,4,194,776
100415,2025-01-02,店舗1,商品12,3,194,582
101263,2025-01-02,店舗1,商品12,6,194,1164
102720,2025-01-02,店舗1,商品12,3,194,582
102720,2025-01-02,店舗1,商品12,4,194,776
103082,2025-01-02,店舗1,商品12,4,194,776
103394,2025-01-02,店舗1,商品12,6,194,1164
103394,2025-01-02,店舗1,商品12,3,194,582
103466,2025-01-02,店舗1,商品12,8,194,1552
103929,2025-01-02,店舗1,商品12,2,194,388
104373,2025-01-02,店舗1,商品10,5,194,970
104464,2025-01-02,店舗1,商品01,3,172,516
104464,2025-01-02,店舗1,商品01,3,172,516
104905,2025-01-02,店舗1,商品12,3,194,582
100487,2025-01-02,店舗2,商品07,2,172,344
100510,2025-01-02,店舗2,商品07,1,172,172
100510,2025-01-02,店舗2,商品07,3,172,516
101403,2025-01-02,店舗2,商品07,2,172,344
101436,2025-01-02,店舗2,商品07,2,172,344
101723,2025-01-02,店舗2,商品09,2,172,344
103958,2025-01-02,店舗2,商品07,3,172,516
104347,2025-01-02,店舗2,商品04,4,194,776
104622,2025-01-02,店舗2,商品08,2,194,388
105436,2025-01-02,店舗2,商品04,1,194,194
105436,2025-01-02,店舗2,商品04,3,194,582
100169,2025-01-03,店舗1,商品12,4,194,776
100208,2025-01-03,店舗1,商品12,5,194,970
100570,2025-01-03,店舗1,商品12,6,194,1164
101501,2025-01-03,店舗1,商品12,3,194,582
101501,2025-01-03,店舗1,商品12,8,194,1552
102001,2025-01-03,店舗1,商品12,5,194,970
102001,2025-01-03,店舗1,商品12,4,194,776
102331,2025-01-03,店舗1,商品12,9,194,1746
102510,2025-01-03,店舗1,商品12,5,194,970
103703,2025-01-03,店舗1,商品12,5,194,970
103915,2025-01-03,店舗1,商品12,7,194,1358
104220,2025-01-03,店舗1,商品10,5,194,970
104220,2025-01-03,店舗1,商品11,1,594,594
104942,2025-01-03,店舗1,商品12,6,194,1164
105529,2025-01-03,店舗1,商品12,4,194,776
105965,2025-01-03,店舗1,商品12,4,194,776
100395,2025-01-03,店舗2,商品01,3,172,516
100395,2025-01-03,店舗2,商品01,1,172,172
100395,2025-01-03,店舗2,商品01,2,172,344
100514,2025-01-03,店舗2,商品07,1,172,172
100514,2025-01-03,店舗2,商品08,1,194,194
100653,2025-01-03,店舗2,商品07,3,172,516
101265,2025-01-03,店舗2,商品07,2,172,344
101427,2025-01-03,店舗2,商品08,3,194,582
101427,2025-01-03,店舗2,商品08,2,194,388
101427,2025-01-03,店舗2,商品08,2,194,388
102336,2025-01-03,店舗2,商品05,2,194,388
102793,2025-01-03,店舗2,商品09,1,172,172
103690,2025-01-03,店舗2,商品09,2,172,344
105033,2025-01-03,店舗2,商品09,2,172,344
105033,2025-01-03,店舗2,商品09,2,172,344
105748,2025-01-03,店舗2,商品07,2,172,344
100001,2025-01-04,店舗1,商品05,7,194,1358
100353,2025-01-04,店舗1,商品12,6,194,1164
100939,2025-01-04,店舗1,商品12,4,194,776
101349,2025-01-04,店舗1,商品12,6,194,1164
101582,2025-01-04,店舗1,商品12,6,194,1164
101691,2025-01-04,店舗1,商品12,5,194,970
101691,2025-01-04,店舗1,商品12,6,194,1164
101691,2025-01-04,店舗1,商品12,5,194,970
101691,2025-01-04,店舗1,商品12,6,194,1164
101980,2025-01-04,店舗1,商品12,7,194,1358
102377,2025-01-04,店舗1,商品04,4,194,776
102377,2025-01-04,店舗1,商品04,5,194,970
102377,2025-01-04,店舗1,商品04,6,194,1164
102402,2025-01-04,店舗1,商品12,5,194,970
102744,2025-01-04,店舗1,商品12,5,194,970
102744,2025-01-04,店舗1,商品12,4,194,776
102818,2025-01-04,店舗1,商品12,3,194,582
103233,2025-01-04,店舗1,商品12,7,194,1358
103486,2025-01-04,店舗1,商品12,5,194,970
103494,2025-01-04,店舗1,商品12,10,194,1940
103494,2025-01-04,店舗1,商品12,8,194,1552
103980,2025-01-04,店舗1,商品12,4,194,776
103980,2025-01-04,店舗1,商品12,3,194,582
104066,2025-01-04,店舗1,商品12,3,194,582
104120,2025-01-04,店舗1,商品05,6,194,1164
104120,2025-01-04,店舗1,商品07,8,172,1376
104120,2025-01-04,店舗1,商品07,3,172,516
104120,2025-01-04,店舗1,商品07,4,172,688
104120,2025-01-04,店舗1,商品07,3,172,516
104358,2025-01-04,店舗1,商品12,8,194,1552
105376,2025-01-04,店舗1,商品10,4,194,776
105456,2025-01-04,店舗1,商品12,4,194,776
105556,2025-01-04,店舗1,商品12,4,194,776
105556,2025-01-04,店舗1,商品12,7,194,1358
105744,2025-01-04,店舗1,商品12,7,194,1358
101625,2025-01-04,店舗2,商品04,1,194,194
102295,2025-01-04,店舗2,商品04,1,194,194
102295,2025-01-04,店舗2,商品04,1,194,194
102295,2025-01-04,店舗2,商品04,1,194,194
102295,2025-01-04,店舗2,商品04,1,194,194
102295,2025-01-04,店舗2,商品08,1,194,194
103033,2025-01-04,店舗2,商品05,1,194,194
103033,2025-01-04,店舗2,商品06,1,194,194
103033,2025-01-04,店舗2,商品06,1,194,194
104826,2025-01-04,店舗2,商品07,1,172,172
105173,2025-01-04,店舗2,商品07,1,172,172
105173,2025-01-04,店舗2,商品07,1,172,172
100046,2025-01-05,店舗1,商品12,5,194,970
100152,2025-01-05,店舗1,商品12,6,194,1164
100170,2025-01-05,店舗1,商品01,5,172,860
100170,2025-01-05,店舗1,商品01,4,172,688
100713,2025-01-05,店舗1,商品12,6,194,1164
102393,2025-01-05,店舗1,商品12,5,194,970
102679,2025-01-05,店舗1,商品12,6,194,1164
102679,2025-01-05,店舗1,商品12,3,194,582
102689,2025-01-05,店舗1,商品12,8,194,1552
102749,2025-01-05,店舗1,商品07,6,172,1032
102950,2025-01-05,店舗1,商品12,4,194,776
103074,2025-01-05,店舗1,商品07,3,172,516
103074,2025-01-05,店舗1,商品12,4,194,776
103614,2025-01-05,店舗1,商品12,6,194,1164
103614,2025-01-05,店舗1,商品12,6,194,1164
104120,2025-01-05,店舗1,商品05,4,194,776
104387,2025-01-05,店舗1,商品07,6,172,1032
104395,2025-01-05,店舗1,商品05,3,194,582
104395,2025-01-05,店舗1,商品12,5,194,970
104395,2025-01-05,店舗1,商品12,4,194,776
104531,2025-01-05,店舗1,商品12,4,194,776
105274,2025-01-05,店舗1,商品12,9,194,1746
105444,2025-01-05,店舗1,商品12,4,194,776
105444,2025-01-05,店舗1,商品12,4,194,776
105600,2025-01-05,店舗1,商品12,6,194,1164
105600,2025-01-05,店舗1,商品12,8,194,1552
105762,2025-01-05,店舗1,商品12,5,194,970
105762,2025-01-05,店舗1,商品12,4,194,776
105838,2025-01-05,店舗1,商品12,11,194,2134
105851,2025-01-05,店舗1,商品12,4,194,776
100224,2025-01-05,店舗2,商品08,2,194,388
103264,2025-01-05,店舗2,商品04,4,194,776
104942,2025-01-05,店舗2,商品09,1,172,172
100184,2025-01-06,店舗1,商品12,4,194,776
101325,2025-01-06,店舗1,商品12,5,194,970
101482,2025-01-06,店舗1,商品12,5,194,970
101731,2025-01-06,店舗1,商品12,7,194,1358
104130,2025-01-06,店舗1,商品12,4,194,776
104942,2025-01-06,店舗1,商品12,7,194,1358
105970,2025-01-06,店舗1,商品01,6,172,1032
100252,2025-01-06,店舗2,商品08,3,194,582
101638,2025-01-06,店舗2,商品07,3,172,516
102845,2025-01-06,店舗2,商品09,4,172,688
103316,2025-01-06,店舗2,商品05,1,194,194
104251,2025-01-06,店舗2,商品07,2,172,344
104285,2025-01-06,店舗2,商品09,4,172,688
104622,2025-01-06,店舗2,商品08,5,194,970
104867,2025-01-06,店舗2,商品09,2,172,344
105246,2025-01-06,店舗2,商品09,1,172,172
105612,2025-01-06,店舗2,商品05,3,194,582
105870,2025-01-06,店舗2,商品05,4,194,776
105870,2025-01-06,店舗2,商品10,3,194,582
105916,2025-01-06,店舗2,商品07,2,172,344
100906,2025-01-07,店舗1,商品12,4,194,776
103192,2025-01-07,店舗1,商品12,9,194,1746
104120,2025-01-07,店舗1,商品09,4,172,688
104160,2025-01-07,店舗1,商品12,6,194,1164
104337,2025-01-07,店舗1,商品12,2,194,388
104337,2025-01-07,店舗1,商品12,4,194,776
104396,2025-01-07,店舗1,商品12,2,194,388
104396,2025-01-07,店舗1,商品12,2,194,388
104396,2025-01-07,店舗1,商品12,4,194,776
104708,2025-01-07,店舗1,商品12,2,194,388
104867,2025-01-07,店舗1,商品10,3,194,582
100170,2025-01-07,店舗2,商品08,1,194,194
100170,2025-01-07,店舗2,商品09,1,172,172
100184,2025-01-07,店舗2,商品09,1,172,172
100184,2025-01-07,店舗2,商品09,2,172,344
100184,2025-01-07,店舗2,商品09,1,172,172
100184,2025-01-07,店舗2,商品09,1,172,172
100184,2025-01-07,店舗2,商品09,2,172,344
100184,2025-01-07,店舗2,商品09,1,172,172
100184,2025-01-07,店舗2,商品09,1,172,172
100184,2025-01-07,店舗2,商品09,2,172,344
100184,2025-01-07,店舗2,商品09,1,172,172
101209,2025-01-07,店舗2,商品01,2,172,344
101209,2025-01-07,店舗2,商品01,3,172,516
101558,2025-01-07,店舗2,商品09,2,172,344
101816,2025-01-07,店舗2,商品04,2,194,388
102700,2025-01-07,店舗2,商品09,2,172,344
103344,2025-01-07,店舗2,商品08,2,194,388
103763,2025-01-07,店舗2,商品04,2,194,388
103901,2025-01-07,店舗2,商品07,1,172,172
104017,2025-01-07,店舗2,商品09,1,172,172
104017,2025-01-07,店舗2,商品09,2,172,344
104879,2025-01-07,店舗2,商品08,3,194,582
104879,2025-01-07,店舗2,商品09,2,172,344
105010,2025-01-07,店舗2,商品04,1,194,194
100454,2025-01-08,店舗1,商品12,3,194,582
100830,2025-01-08,店舗1,商品12,3,194,582
101167,2025-01-08,店舗1,商品12,6,194,1164
102018,2025-01-08,店舗1,商品12,2,194,388
102904,2025-01-08,店舗1,商品12,3,194,582
102904,2025-01-08,店舗1,商品12,3,194,582
102904,2025-01-08,店舗1,商品12,4,194,776
103446,2025-01-08,店舗1,商品12,2,194,388
105068,2025-01-08,店舗1,商品12,3,194,582
105068,2025-01-08,店舗1,商品12,3,194,582
105427,2025-01-08,店舗1,商品07,4,172,688
105427,2025-01-08,店舗1,商品07,5,172,860
105514,2025-01-08,店舗1,商品12,3,194,582
105514,2025-01-08,店舗1,商品12,2,194,388
101392,2025-01-08,店舗2,商品09,2,172,344
101734,2025-01-08,店舗2,商品06,2,194,388
101734,2025-01-08,店舗2,商品06,3,194,582
101734,2025-01-08,店舗2,商品08,2,194,388
101753,2025-01-08,店舗2,商品09,3,172,516
102771,2025-01-08,店舗2,商品09,3,172,516
102771,2025-01-08,店舗2,商品09,2,172,344
102771,2025-01-08,店舗2,商品09,2,172,344
102988,2025-01-08,店舗2,商品09,2,172,344
103264,2025-01-08,店舗2,商品04,2,194,388
103921,2025-01-08,店舗2,商品09,1,172,172
104048,2025-01-08,店舗2,商品04,4,194,776
104087,2025-01-08,店舗2,商品04,2,194,388
104993,2025-01-08,店舗2,商品01,2,172,344
105395,2025-01-08,店舗2,商品04,1,194,194
105395,2025-01-08,店舗2,商品04,4,194,776
105667,2025-01-08,店舗2,商品06,2,194,388
102684,2025-01-09,店舗1,商品12,4,194,776
102785,2025-01-09,店舗1,商品04,4,194,776
102785,2025-01-09,店舗1,商品04,3,194,582
102992,2025-01-09,店舗1,商品12,1,194,194
103037,2025-01-09,店舗1,商品12,6,194,1164
103053,2025-01-09,店舗1,商品12,7,194,1358
103304,2025-01-09,店舗1,商品12,3,194,582
104867,2025-01-09,店舗1,商品10,11,194,2134
105201,2025-01-09,店舗1,商品12,4,194,776
105951,2025-01-09,店舗1,商品12,3,194,582
100151,2025-01-09,店舗2,商品07,3,172,516
100186,2025-01-09,店舗2,商品09,2,172,344
100234,2025-01-09,店舗2,商品09,2,172,344
100501,2025-01-09,店舗2,商品09,2,172,344
103133,2025-01-09,店舗2,商品09,2,172,344
103522,2025-01-09,店舗2,商品09,2,172,344
103857,2025-01-09,店舗2,商品06,2,194,388
103857,2025-01-09,店舗2,商品06,3,194,582
103857,2025-01-09,店舗2,商品06,3,194,582
103995,2025-01-09,店舗2,商品07,2,172,344
104030,2025-01-09,店舗2,商品07,2,172,344
104030,2025-01-09,店舗2,商品09,2,172,344
104871,2025-01-09,店舗2,商品09,2,172,344
105117,2025-01-09,店舗2,商品01,2,172,344
105464,2025-01-09,店舗2,商品04,2,194,388
105464,2025-01-09,店舗2,商品06,2,194,388
105464,2025-01-09,店舗2,商品06,3,194,582
100201,2025-01-10,店舗1,商品12,4,194,776
100998,2025-01-10,店舗1,商品12,3,194,582
101043,2025-01-10,店舗1,商品12,3,194,582
102015,2025-01-10,店舗1,商品12,6,194,1164
102733,2025-01-10,店舗1,商品12,3,194,582
102733,2025-01-10,店舗1,商品12,6,194,1164
102733,2025-01-10,店舗1,商品12,6,194,1164
103177,2025-01-10,店舗1,商品12,5,194,970
103281,2025-01-10,店舗1,商品12,2,194,388
104276,2025-01-10,店舗1,商品12,5,194,970
104492,2025-01-10,店舗1,商品12,7,194,1358
104492,2025-01-10,店舗1,商品12,5,194,970
104552,2025-01-10,店舗1,商品12,5,194,970
104942,2025-01-10,店舗1,商品12,3,194,582
100054,2025-01-10,店舗2,商品07,4,172,688
100638,2025-01-10,店舗2,商品01,2,172,344
100648,2025-01-10,店舗2,商品08,2,194,388
102917,2025-01-10,店舗2,商品04,4,194,776
103290,2025-01-10,店舗2,商品07,6,172,1032
103378,2025-01-10,店舗2,商品07,2,172,344
103378,2025-01-10,店舗2,商品07,3,172,516
103378,2025-01-10,店舗2,商品07,2,172,344
104027,2025-01-10,店舗2,商品08,2,194,388
104027,2025-01-10,店舗2,商品08,1,194,194
104332,2025-01-10,店舗2,商品04,3,194,582
104332,2025-01-10,店舗2,商品07,3,172,516
104667,2025-01-10,店舗2,商品01,2,172,344
104867,2025-01-10,店舗2,商品08,2,194,388
105747,2025-01-10,店舗2,商品01,2,172,344
105925,2025-01-10,店舗2,商品07,4,172,688
100780,2025-01-11,店舗1,商品12,4,194,776
100923,2025-01-11,店舗1,商品12,7,194,1358
101050,2025-01-11,店舗1,商品12,3,194,582
101050,2025-01-11,店舗1,商品12,5,194,970
101050,2025-01-11,店舗1,商品12,7,194,1358
101129,2025-01-11,店舗1,商品06,4,194,776
101129,2025-01-11,店舗1,商品06,3,194,582
101129,2025-01-11,店舗1,商品06,5,194,970
101129,2025-01-11,店舗1,商品06,7,194,1358
101129,2025-01-11,店舗1,商品06,4,194,776
101129,2025-01-11,店舗1,商品06,3,194,582
101129,2025-01-11,店舗1,商品06,4,194,776
101242,2025-01-11,店舗1,商品12,3,194,582
101264,2025-01-11,店舗1,商品12,5,194,970
101401,2025-01-11,店舗1,商品12,7,194,1358
101667,2025-01-11,店舗1,商品12,4,194,776
101667,2025-01-11,店舗1,商品12,8,194,1552
102157,2025-01-11,店舗1,商品05,3,194,582
102279,2025-01-11,店舗1,商品04,5,194,970
102279,2025-01-11,店舗1,商品06,3,194,582
102279,2025-01-11,店舗1,商品06,7,194,1358
102297,2025-01-11,店舗1,商品12,4,194,776
102552,2025-01-11,店舗1,商品12,4,194,776
102711,2025-01-11,店舗1,商品12,5,194,970
102865,2025-01-11,店舗1,商品12,5,194,970
103025,2025-01-11,店舗1,商品12,6,194,1164
103060,2025-01-11,店舗1,商品07,5,172,860
104068,2025-01-11,店舗1,商品12,5,194,970
104578,2025-01-11,店舗1,商品12,5,194,970
104716,2025-01-11,店舗1,商品12,7,194,1358
104924,2025-01-11,店舗1,商品12,5,194,970
105539,2025-01-11,店舗1,商品12,7,194,1358
105556,2025-01-11,店舗1,商品12,4,194,776
105884,2025-01-11,店舗1,商品12,5,194,970
105884,2025-01-11,店舗1,商品12,6,194,1164
101430,2025-01-11,店舗2,商品04,2,194,388
104523,2025-01-11,店舗2,商品01,2,172,344
104525,2025-01-11,店舗2,商品08,2,194,388
104574,2025-01-11,店舗2,商品08,4,194,776
100005,2025-01-12,店舗1,商品12,6,194,1164
100027,2025-01-12,店舗1,商品12,3,194,582
100201,2025-01-12,店舗1,商品12,5,194,970
100928,2025-01-12,店舗1,商品12,4,194,776
100928,2025-01-12,店舗1,商品12,10,194,1940
101136,2025-01-12,店舗1,商品12,6,194,1164
101136,2025-01-12,店舗1,商品12,6,194,1164
101276,2025-01-12,店舗1,商品12,9,194,1746
101405,2025-01-12,店舗1,商品12,6,194,1164
101633,2025-01-12,店舗1,商品11,1,594,594
101824,2025-01-12,店舗1,商品12,3,194,582
102112,2025-01-12,店舗1,商品12,6,194,1164
102279,2025-01-12,店舗1,商品09,7,172,1204
102331,2025-01-12,店舗1,商品12,5,194,970
102778,2025-01-12,店舗1,商品12,3,194,582
103271,2025-01-12,店舗1,商品12,4,194,776
103271,2025-01-12,店舗1,商品12,4,194,776
103378,2025-01-12,店舗1,商品12,9,194,1746
103701,2025-01-12,店舗1,商品12,6,194,1164
103787,2025-01-12,店舗1,商品12,5,194,970
103857,2025-01-12,店舗1,商品12,3,194,582
103857,2025-01-12,店舗1,商品12,6,194,1164
104326,2025-01-12,店舗1,商品12,4,194,776
105007,2025-01-12,店舗1,商品07,11,172,1892
105376,2025-01-12,店舗1,商品06,5,194,970
105376,2025-01-12,店舗1,商品06,4,194,776
105376,2025-01-12,店舗1,商品06,4,194,776
105376,2025-01-12,店舗1,商品06,6,194,1164
105376,2025-01-12,店舗1,商品06,6,194,1164
105376,2025-01-12,店舗1,商品09,4,172,688
100409,2025-01-12,店舗2,商品05,1,194,194
100409,2025-01-12,店舗2,商品05,1,194,194
100878,2025-01-12,店舗2,商品04,1,194,194
103869,2025-01-12,店舗2,商品06,2,194,388
103869,2025-01-12,店舗2,商品08,2,194,388
100487,2025-01-13,店舗1,商品09,3,172,516
101562,2025-01-13,店舗1,商品12,4,194,776
102615,2025-01-13,店舗1,商品12,5,194,970
102931,2025-01-13,店舗1,商品04,6,194,1164
103039,2025-01-13,店舗1,商品12,7,194,1358
103098,2025-01-13,店舗1,商品12,6,194,1164
103177,2025-01-13,店舗1,商品12,6,194,1164
103677,2025-01-13,店舗1,商品12,7,194,1358
103933,2025-01-13,店舗1,商品12,7,194,1358
103933,2025-01-13,店舗1,商品12,4,194,776
103933,2025-01-13,店舗1,商品12,5,194,970
104225,2025-01-13,店舗1,商品03,3,421,1263
104587,2025-01-13,店舗1,商品12,5,194,970
104823,2025-01-13,店舗1,商品07,6,172,1032
104942,2025-01-13,店舗1,商品12,6,194,1164
104942,2025-01-13,店舗1,商品12,4,194,776
105029,2025-01-13,店舗1,商品12,10,194,1940
105029,2025-01-13,店舗1,商品12,3,194,582
105587,2025-01-13,店舗1,商品12,9,194,1746
105684,2025-01-13,店舗1,商品12,6,194,1164
105747,2025-01-13,店舗1,商品12,6,194,1164
105933,2025-01-13,店舗1,商品04,4,194,776
101028,2025-01-13,店舗2,商品08,3,194,582
102865,2025-01-13,店舗2,商品09,2,172,344
103601,2025-01-13,店舗2,商品07,2,172,344
103815,2025-01-13,店舗2,商品09,1,172,172
103815,2025-01-13,店舗2,商品09,1,172,172
104671,2025-01-13,店舗2,商品04,3,194,582
105873,2025-01-13,店舗2,商品07,1,172,172
100234,2025-01-14,店舗1,商品09,3,172,516
101266,2025-01-14,店舗1,商品12,4,194,776
101349,2025-01-14,店舗1,商品12,6,194,1164
101390,2025-01-14,店舗1,商品12,5,194,970
101390,2025-01-14,店舗1,商品12,2,194,388
102068,2025-01-14,店舗1,商品12,5,194,970
102679,2025-01-14,店舗1,商品12,4,194,776
105641,2025-01-14,店舗1,商品07,8,172,1376
100410,2025-01-14,店舗2,商品07,1,172,172
101731,2025-01-14,店舗2,商品08,2,194,388
102086,2025-01-14,店舗2,商品10,2,194,388
102522,2025-01-14,店舗2,商品06,3,194,582
102745,2025-01-14,店舗2,商品05,3,194,582
102990,2025-01-14,店舗2,商品03,1,421,421
102990,2025-01-14,店舗2,商品03,1,421,421
102990,2025-01-14,店舗2,商品03,1,421,421
102990,2025-01-14,店舗2,商品03,1,421,421
102990,2025-01-14,店舗2,商品03,1,421,421
102990,2025-01-14,店舗2,商品03,1,421,421
102990,2025-01-14,店舗2,商品03,1,421,421
102990,2025-01-14,店舗2,商品03,1,421,421
103176,2025-01-14,店舗2,商品06,4,194,776
103233,2025-01-14,店舗2,商品04,2,194,388
103233,2025-01-14,店舗2,商品04,2,194,388
104769,2025-01-14,店舗2,商品04,2,194,388
105367,2025-01-14,店舗2,商品01,3,172,516
105861,2025-01-14,店舗2,商品08,4,194,776
105941,2025-01-14,店舗2,商品09,3,172,516
100012,2025-01-15,店舗1,商品12,3,194,582
100486,2025-01-15,店舗1,商品12,4,194,776
100664,2025-01-15,店舗1,商品12,7,194,1358
100683,2025-01-15,店舗1,商品06,4,194,776
102145,2025-01-15,店舗1,商品12,3,194,582
102771,2025-01-15,店舗1,商品12,5,194,970
102771,2025-01-15,店舗1,商品12,5,194,970
103132,2025-01-15,店舗1,商品12,3,194,582
103132,2025-01-15,店舗1,商品12,4,194,776
104691,2025-01-15,店舗1,商品12,3,194,582
100029,2025-01-15,店舗2,商品04,3,194,582
100914,2025-01-15,店舗2,商品09,5,172,860
100981,2025-01-15,店舗2,商品07,4,172,688
102513,2025-01-15,店舗2,商品07,1,172,172
102920,2025-01-15,店舗2,商品08,3,194,582
103173,2025-01-15,店舗2,商品10,5,194,970
103613,2025-01-15,店舗2,商品09,4,172,688
104826,2025-01-15,店舗2,商品07,2,172,344
104862,2025-01-15,店舗2,商品08,3,194,582
105173,2025-01-15,店舗2,商品05,3,194,582
105231,2025-01-15,店舗2,商品09,4,172,688
105448,2025-01-15,店舗2,商品08,2,194,388
100186,2025-01-16,店舗1,商品12,4,194,776
100186,2025-01-16,店舗1,商品12,3,194,582
101224,2025-01-16,店舗1,商品12,3,194,582
101401,2025-01-16,店舗1,商品12,2,194,388
102109,2025-01-16,店舗1,商品12,4,194,776
102479,2025-01-16,店舗1,商品12,4,194,776
103084,2025-01-16,店舗1,商品06,3,194,582
103084,2025-01-16,店舗1,商品12,4,194,776
103084,2025-01-16,店舗1,商品12,4,194,776
103484,2025-01-16,店舗1,商品12,3,194,582
103484,2025-01-16,店舗1,商品12,2,194,388
103484,2025-01-16,店舗1,商品12,4,194,776
104525,2025-01-16,店舗1,商品12,3,194,582
105279,2025-01-16,店舗1,商品12,3,194,582
101264,2025-01-16,店舗2,商品08,2,194,388
101920,2025-01-16,店舗2,商品09,4,172,688
102636,2025-01-16,店舗2,商品07,3,172,516
102814,2025-01-16,店舗2,商品01,2,172,344
102936,2025-01-16,店舗2,商品01,2,172,344
102936,2025-01-16,店舗2,商品08,2,194,388
103494,2025-01-16,店舗2,商品07,3,172,516
104467,2025-01-16,店舗2,商品10,2,194,388
104852,2025-01-16,店舗2,商品10,3,194,582
105185,2025-01-16,店舗2,商品06,2,194,388
105185,2025-01-16,店舗2,商品07,5,172,860
105427,2025-01-16,店舗2,商品08,3,194,582
105813,2025-01-16,店舗2,商品08,4,194,776
100130,2025-01-17,店舗1,商品12,8,194,1552
101793,2025-01-17,店舗1,商品12,6,194,1164
101892,2025-01-17,店舗1,商品12,5,194,970
102299,2025-01-17,店舗1,商品12,6,194,1164
102437,2025-01-17,店舗1,商品12,3,194,582
103859,2025-01-17,店舗1,商品12,4,194,776
104648,2025-01-17,店舗1,商品12,7,194,1358
105596,2025-01-17,店舗1,商品12,6,194,1164
105612,2025-01-17,店舗1,商品12,3,194,582
105838,2025-01-17,店舗1,商品12,8,194,1552
105838,2025-01-17,店舗1,商品12,5,194,970
100111,2025-01-17,店舗2,商品04,4,194,776
100111,2025-01-17,店舗2,商品04,3,194,582
100111,2025-01-17,店舗2,商品04,2,194,388
100111,2025-01-17,店舗2,商品04,2,194,388
100759,2025-01-17,店舗2,商品04,1,194,194
100927,2025-01-17,店舗2,商品09,2,172,344
101081,2025-01-17,店舗2,商品04,3,194,582
101464,2025-01-17,店舗2,商品09,3,172,516
101850,2025-01-17,店舗2,商品09,1,172,172
103192,2025-01-17,店舗2,商品04,4,194,776
103501,2025-01-17,店舗2,商品08,3,194,582
104761,2025-01-17,店舗2,商品04,2,194,388
105115,2025-01-17,店舗2,商品09,2,172,344
105353,2025-01-17,店舗2,商品04,3,194,582
105747,2025-01-17,店舗2,商品01,3,172,516
105747,2025-01-17,店舗2,商品01,2,172,344
100055,2025-01-18,店舗1,商品12,3,194,582
100416,2025-01-18,店舗1,商品12,6,194,1164
100824,2025-01-18,店舗1,商品12,7,194,1358
101433,2025-01-18,店舗1,商品09,7,172,1204
101482,2025-01-18,店舗1,商品12,6,194,1164
101564,2025-01-18,店舗1,商品12,7,194,1358
101637,2025-01-18,店舗1,商品12,8,194,1552
102003,2025-01-18,店舗1,商品10,5,194,970
102003,2025-01-18,店舗1,商品12,7,194,1358
102250,2025-01-18,店舗1,商品12,6,194,1164
102250,2025-01-18,店舗1,商品12,5,194,970
102862,2025-01-18,店舗1,商品12,8,194,1552
103467,2025-01-18,店舗1,商品10,4,194,776
103494,2025-01-18,店舗1,商品12,9,194,1746
103494,2025-01-18,店舗1,商品12,5,194,970
103820,2025-01-18,店舗1,商品07,8,172,1376
103981,2025-01-18,店舗1,商品12,5,194,970
104337,2025-01-18,店舗1,商品12,3,194,582
104378,2025-01-18,店舗1,商品12,4,194,776
104555,2025-01-18,店舗1,商品12,7,194,1358
104555,2025-01-18,店舗1,商品12,5,194,970
104623,2025-01-18,店舗1,商品12,7,194,1358
105376,2025-01-18,店舗1,商品11,2,594,1188
105615,2025-01-18,店舗1,商品12,7,194,1358
105814,2025-01-18,店舗1,商品12,8,194,1552
105816,2025-01-18,店舗1,商品12,4,194,776
105816,2025-01-18,店舗1,商品12,12,194,2328
101719,2025-01-18,店舗2,商品07,1,172,172
102433,2025-01-18,店舗2,商品07,2,172,344
104723,2025-01-18,店舗2,商品01,2,172,344
104942,2025-01-18,店舗2,商品09,4,172,688
100113,2025-01-19,店舗1,商品01,4,172,688
100184,2025-01-19,店舗1,商品12,7,194,1358
100544,2025-01-19,店舗1,商品12,5,194,970
101349,2025-01-19,店舗1,商品12,6,194,1164
101574,2025-01-19,店舗1,商品12,6,194,1164
102135,2025-01-19,店舗1,商品12,6,194,1164
102689,2025-01-19,店舗1,商品12,8,194,1552
102800,2025-01-19,店舗1,商品12,5,194,970
102844,2025-01-19,店舗1,商品12,3,194,582
102844,2025-01-19,店舗1,商品12,4,194,776
102917,2025-01-19,店舗1,商品12,6,194,1164
102951,2025-01-19,店舗1,商品09,8,172,1376
103246,2025-01-19,店舗1,商品12,6,194,1164
103246,2025-01-19,店舗1,商品12,6,194,1164
103291,2025-01-19,店舗1,商品12,3,194,582
103418,2025-01-19,店舗1,商品12,5,194,970
103730,2025-01-19,店舗1,商品09,6,172,1032
103730,2025-01-19,店舗1,商品12,11,194,2134
103730,2025-01-19,店舗1,商品12,4,194,776
103730,2025-01-19,店舗1,商品12,9,194,1746
103730,2025-01-19,店舗1,商品12,6,194,1164
104017,2025-01-19,店舗1,商品12,7,194,1358
104258,2025-01-19,店舗1,商品11,2,594,1188
104547,2025-01-19,店舗1,商品12,7,194,1358
105068,2025-01-19,店舗1,商品12,5,194,970
105224,2025-01-19,店舗1,商品06,6,194,1164
105576,2025-01-19,店舗1,商品12,12,194,2328
105600,2025-01-19,店舗1,商品12,4,194,776
101495,2025-01-19,店舗2,商品07,3,172,516
103853,2025-01-19,店舗2,商品07,1,172,172
104218,2025-01-19,店舗2,商品08,2,194,388
101389,2025-01-20,店舗1,商品12,4,194,776
101517,2025-01-20,店舗1,商品12,3,194,582
102720,2025-01-20,店舗1,商品12,4,194,776
102720,2025-01-20,店舗1,商品12,3,194,582
103025,2025-01-20,店舗1,商品12,3,194,582
103084,2025-01-20,店舗1,商品12,5,194,970
103246,2025-01-20,店舗1,商品12,6,194,1164
105052,2025-01-20,店舗1,商品12,5,194,970
105052,2025-01-20,店舗1,商品12,3,194,582
100753,2025-01-20,店舗2,商品03,1,421,421
100985,2025-01-20,店舗2,商品08,1,194,194
101365,2025-01-20,店舗2,商品09,1,172,172
101433,2025-01-20,店舗2,商品10,2,194,388
101780,2025-01-20,店舗2,商品04,4,194,776
104373,2025-01-20,店舗2,商品05,2,194,388
104373,2025-01-20,店舗2,商品05,3,194,582
104429,2025-01-20,店舗2,商品04,2,194,388
104800,2025-01-20,店舗2,商品09,3,172,516
104800,2025-01-20,店舗2,商品09,2,172,344
104800,2025-01-20,店舗2,商品09,3,172,516
105104,2025-01-20,店舗2,商品01,1,172,172
105109,2025-01-20,店舗2,商品07,3,172,516
105109,2025-01-20,店舗2,商品09,2,172,344
105565,2025-01-20,店舗2,商品04,3,194,582
105565,2025-01-20,店舗2,商品06,2,194,388
105570,2025-01-20,店舗2,商品08,2,194,388
100170,2025-01-21,店舗1,商品01,6,172,1032
101475,2025-01-21,店舗1,商品12,5,194,970
102552,2025-01-21,店舗1,商品12,7,194,1358
102697,2025-01-21,店舗1,商品12,7,194,1358
103754,2025-01-21,店舗1,商品11,1,594,594
104494,2025-01-21,店舗1,商品12,7,194,1358
105668,2025-01-21,店舗1,商品12,5,194,970
100027,2025-01-21,店舗2,商品04,2,194,388
100570,2025-01-21,店舗2,商品07,4,172,688
100788,2025-01-21,店舗2,商品09,2,172,344
101017,2025-01-21,店舗2,商品01,1,172,172
102157,2025-01-21,店舗2,商品08,5,194,970
102533,2025-01-21,店舗2,商品09,3,172,516
103410,2025-01-21,店舗2,商品04,2,194,388
103682,2025-01-21,店舗2,商品01,2,172,344
103682,2025-01-21,店舗2,商品09,3,172,516
104160,2025-01-21,店舗2,商品08,2,194,388
104160,2025-01-21,店舗2,商品08,1,194,194
104467,2025-01-21,店舗2,商品10,1,194,194
104467,2025-01-21,店舗2,商品10,3,194,582
104617,2025-01-21,店舗2,商品01,2,172,344
104617,2025-01-21,店舗2,商品01,2,172,344
105677,2025-01-21,店舗2,商品06,2,194,388
100297,2025-01-22,店舗1,商品12,5,194,970
100692,2025-01-22,店舗1,商品12,5,194,970
100692,2025-01-22,店舗1,商品12,6,194,1164
101105,2025-01-22,店舗1,商品12,4,194,776
101363,2025-01-22,店舗1,商品12,4,194,776
103155,2025-01-22,店舗1,商品12,6,194,1164
103657,2025-01-22,店舗1,商品12,4,194,776
104852,2025-01-22,店舗1,商品08,5,194,970
105884,2025-01-22,店舗1,商品12,5,194,970
100082,2025-01-22,店舗2,商品07,3,172,516
102314,2025-01-22,店舗2,商品08,2,194,388
103226,2025-01-22,店舗2,商品08,2,194,388
103820,2025-01-22,店舗2,商品04,4,194,776
104121,2025-01-22,店舗2,商品08,4,194,776
104373,2025-01-22,店舗2,商品01,4,172,688
104402,2025-01-22,店舗2,商品07,3,172,516
104402,2025-01-22,店舗2,商品09,4,172,688
104485,2025-01-22,店舗2,商品04,2,194,388
104589,2025-01-22,店舗2,商品01,5,172,860
104708,2025-01-22,店舗2,商品01,2,172,344
105010,2025-01-22,店舗2,商品08,3,194,582
105298,2025-01-22,店舗2,商品07,1,172,172
100469,2025-01-23,店舗1,商品12,2,194,388
100469,2025-01-23,店舗1,商品12,4,194,776
100469,2025-01-23,店舗1,商品12,4,194,776
100482,2025-01-23,店舗1,商品12,2,194,388
100570,2025-01-23,店舗1,商品12,3,194,582
101026,2025-01-23,店舗1,商品12,3,194,582
102163,2025-01-23,店舗1,商品12,8,194,1552
103613,2025-01-23,店舗1,商品12,3,194,582
103613,2025-01-23,店舗1,商品12,5,194,970
105667,2025-01-23,店舗1,商品12,4,194,776
105748,2025-01-23,店舗1,商品12,3,194,582
100400,2025-01-23,店舗2,商品08,3,194,582
100400,2025-01-23,店舗2,商品08,2,194,388
100708,2025-01-23,店舗2,商品07,2,172,344
103403,2025-01-23,店舗2,商品07,3,172,516
104002,2025-01-23,店舗2,商品08,3,194,582
104266,2025-01-23,店舗2,商品09,3,172,516
104266,2025-01-23,店舗2,商品09,4,172,688
104266,2025-01-23,店舗2,商品09,2,172,344
104802,2025-01-23,店舗2,商品07,3,172,516
104892,2025-01-23,店舗2,商品07,3,172,516
105379,2025-01-23,店舗2,商品07,3,172,516
105650,2025-01-23,店舗2,商品08,2,194,388
105755,2025-01-23,店舗2,商品03,1,421,421
105960,2025-01-23,店舗2,商品09,2,172,344
100226,2025-01-24,店舗1,商品12,8,194,1552
101026,2025-01-24,店舗1,商品12,6,194,1164
101215,2025-01-24,店舗1,商品12,6,194,1164
101562,2025-01-24,店舗1,商品12,2,194,388
101626,2025-01-24,店舗1,商品12,4,194,776
102678,2025-01-24,店舗1,商品12,8,194,1552
102942,2025-01-24,店舗1,商品12,11,194,2134
104858,2025-01-24,店舗1,商品12,2,194,388
104858,2025-01-24,店舗1,商品12,3,194,582
105145,2025-01-24,店舗1,商品12,3,194,582
105230,2025-01-24,店舗1,商品12,5,194,970
101017,2025-01-24,店舗2,商品04,2,194,388
101135,2025-01-24,店舗2,商品07,2,172,344
103022,2025-01-24,店舗2,商品07,2,172,344
103132,2025-01-24,店舗2,商品08,2,194,388
103747,2025-01-24,店舗2,商品09,2,172,344
103747,2025-01-24,店舗2,商品09,2,172,344
103993,2025-01-24,店舗2,商品04,3,194,582
103993,2025-01-24,店舗2,商品04,2,194,388
104644,2025-01-24,店舗2,商品09,2,172,344
104644,2025-01-24,店舗2,商品09,2,172,344
104703,2025-01-24,店舗2,商品09,3,172,516
104722,2025-01-24,店舗2,商品05,1,194,194
104722,2025-01-24,店舗2,商品07,3,172,516
104879,2025-01-24,店舗2,商品07,2,172,344
104879,2025-01-24,店舗2,商品08,3,194,582
105427,2025-01-24,店舗2,商品07,2,172,344
105427,2025-01-24,店舗2,商品07,2,172,344
105747,2025-01-24,店舗2,商品07,1,172,172
105948,2025-01-24,店舗2,商品09,2,172,344
105948,2025-01-24,店舗2,商品09,2,172,344
105948,2025-01-24,店舗2,商品09,2,172,344
100226,2025-01-25,店舗1,商品12,8,194,1552
101099,2025-01-25,店舗1,商品12,5,194,970
101099,2025-01-25,店舗1,商品12,9,194,1746
101136,2025-01-25,店舗1,商品12,3,194,582
101167,2025-01-25,店舗1,商品12,7,194,1358
101293,2025-01-25,店舗1,商品12,7,194,1358
101650,2025-01-25,店舗1,商品12,11,194,2134
101748,2025-01-25,店舗1,商品12,4,194,776
101781,2025-01-25,店舗1,商品12,7,194,1358
101789,2025-01-25,店舗1,商品12,5,194,970
101789,2025-01-25,店舗1,商品12,7,194,1358
101850,2025-01-25,店舗1,商品12,4,194,776
101883,2025-01-25,店舗1,商品12,5,194,970
102090,2025-01-25,店舗1,商品12,6,194,1164
102135,2025-01-25,店舗1,商品12,6,194,1164
102256,2025-01-25,店舗1,商品12,10,194,1940
102976,2025-01-25,店舗1,商品09,8,172,1376
103031,2025-01-25,店舗1,商品12,13,194,2522
103062,2025-01-25,店舗1,商品12,4,194,776
104075,2025-01-25,店舗1,商品12,8,194,1552
104942,2025-01-25,店舗1,商品12,5,194,970
105038,2025-01-25,店舗1,商品12,10,194,1940
105191,2025-01-25,店舗1,商品12,6,194,1164
105192,2025-01-25,店舗1,商品12,10,194,1940
105747,2025-01-25,店舗1,商品09,7,172,1204
101354,2025-01-25,店舗2,商品01,3,172,516
101354,2025-01-25,店舗2,商品01,2,172,344
103565,2025-01-25,店舗2,商品09,1,172,172
103958,2025-01-25,店舗2,商品04,2,194,388
104078,2025-01-25,店舗2,商品09,2,172,344
100137,2025-01-26,店舗1,商品06,6,194,1164
100353,2025-01-26,店舗1,商品12,7,194,1358
100587,2025-01-26,店舗1,商品12,5,194,970
100709,2025-01-26,店舗1,商品12,7,194,1358
100939,2025-01-26,店舗1,商品12,7,194,1358
101160,2025-01-26,店舗1,商品12,6,194,1164
101382,2025-01-26,店舗1,商品12,3,194,582
101382,2025-01-26,店舗1,商品12,8,194,1552
101386,2025-01-26,店舗1,商品12,5,194,970
102665,2025-01-26,店舗1,商品12,7,194,1358
102820,2025-01-26,店舗1,商品12,5,194,970
103246,2025-01-26,店舗1,商品12,11,194,2134
103353,2025-01-26,店舗1,商品12,7,194,1358
103418,2025-01-26,店舗1,商品12,6,194,1164
104075,2025-01-26,店舗1,商品12,7,194,1358
104256,2025-01-26,店舗1,商品12,4,194,776
105010,2025-01-26,店舗1,商品12,9,194,1746
105194,2025-01-26,店舗1,商品12,8,194,1552
105194,2025-01-26,店舗1,商品12,8,194,1552
105212,2025-01-26,店舗1,商品09,6,172,1032
105355,2025-01-26,店舗1,商品10,8,194,1552
105423,2025-01-26,店舗1,商品12,5,194,970
104120,2025-01-26,店舗2,商品04,1,194,194
104120,2025-01-26,店舗2,商品07,2,172,344
105358,2025-01-26,店舗2,商品07,2,172,344
105838,2025-01-26,店舗2,商品07,1,172,172
100475,2025-01-27,店舗1,商品12,4,194,776
102689,2025-01-27,店舗1,商品12,2,194,388
102689,2025-01-27,店舗1,商品12,2,194,388
102689,2025-01-27,店舗1,商品12,5,194,970
102689,2025-01-27,店舗1,商品12,3,194,582
102689,2025-01-27,店舗1,商品12,3,194,582
102689,2025-01-27,店舗1,商品12,4,194,776
102975,2025-01-27,店舗1,商品12,2,194,388
103025,2025-01-27,店舗1,商品12,3,194,582
103823,2025-01-27,店舗1,商品12,3,194,582
103831,2025-01-27,店舗1,商品09,3,172,516
104916,2025-01-27,店舗1,商品12,2,194,388
100113,2025-01-27,店舗2,商品08,3,194,582
101973,2025-01-27,店舗2,商品08,2,194,388
102852,2025-01-27,店舗2,商品08,2,194,388
103304,2025-01-27,店舗2,商品04,4,194,776
103400,2025-01-27,店舗2,商品06,3,194,582
103724,2025-01-27,店舗2,商品01,2,172,344
103881,2025-01-27,店舗2,商品09,4,172,688
105247,2025-01-27,店舗2,商品07,1,172,172
105317,2025-01-27,店舗2,商品09,3,172,516
105671,2025-01-27,店舗2,商品07,3,172,516
105859,2025-01-27,店舗2,商品06,3,194,582
105859,2025-01-27,店舗2,商品08,3,194,582
105859,2025-01-27,店舗2,商品08,2,194,388
100055,2025-01-28,店舗1,商品12,3,194,582
102065,2025-01-28,店舗1,商品12,4,194,776
102065,2025-01-28,店舗1,商品12,4,194,776
102592,2025-01-28,店舗1,商品12,3,194,582
102592,2025-01-28,店舗1,商品12,3,194,582
102866,2025-01-28,店舗1,商品12,2,194,388
103120,2025-01-28,店舗1,商品12,2,194,388
103120,2025-01-28,店舗1,商品12,2,194,388
103120,2025-01-28,店舗1,商品12,3,194,582
104403,2025-01-28,店舗1,商品12,4,194,776
105331,2025-01-28,店舗1,商品12,2,194,388
105331,2025-01-28,店舗1,商品12,4,194,776
105816,2025-01-28,店舗1,商品12,2,194,388
100012,2025-01-28,店舗2,商品09,3,172,516
100054,2025-01-28,店舗2,商品09,3,172,516
100664,2025-01-28,店舗2,商品08,2,194,388
101673,2025-01-28,店舗2,商品07,2,172,344
102485,2025-01-28,店舗2,商品08,4,194,776
102751,2025-01-28,店舗2,商品01,3,172,516
103084,2025-01-28,店舗2,商品03,1,421,421
103084,2025-01-28,店舗2,商品03,1,421,421
103084,2025-01-28,店舗2,商品03,1,421,421
103084,2025-01-28,店舗2,商品06,2,194,388
103484,2025-01-28,店舗2,商品07,2,172,344
104017,2025-01-28,店舗2,商品05,3,194,582
104534,2025-01-28,店舗2,商品07,3,172,516
105514,2025-01-28,店舗2,商品07,2,172,344
105742,2025-01-28,店舗2,商品09,2,172,344
105742,2025-01-28,店舗2,商品09,3,172,516
100798,2025-01-29,店舗1,商品12,3,194,582
101289,2025-01-29,店舗1,商品12,4,194,776
101888,2025-01-29,店舗1,商品12,3,194,582
102024,2025-01-29,店舗1,商品12,6,194,1164
103084,2025-01-29,店舗1,商品12,4,194,776
103084,2025-01-29,店舗1,商品12,4,194,776
104009,2025-01-29,店舗1,商品12,6,194,1164
104531,2025-01-29,店舗1,商品12,5,194,970
104531,2025-01-29,店舗1,商品12,3,194,582
100570,2025-01-29,店舗2,商品07,2,172,344
101500,2025-01-29,店舗2,商品09,3,172,516
102653,2025-01-29,店舗2,商品08,4,194,776
102867,2025-01-29,店舗2,商品07,2,172,344
103246,2025-01-29,店舗2,商品04,5,194,970
103559,2025-01-29,店舗2,商品08,3,194,582
103722,2025-01-29,店舗2,商品08,3,194,582
103898,2025-01-29,店舗2,商品04,1,194,194
104169,2025-01-29,店舗2,商品09,2,172,344
105587,2025-01-29,店舗2,商品07,3,172,516
105587,2025-01-29,店舗2,商品07,3,172,516
105780,2025-01-29,店舗2,商品09,3,172,516
105780,2025-01-29,店舗2,商品09,4,172,688
101263,2025-01-30,店舗1,商品12,3,194,582
101942,2025-01-30,店舗1,商品12,4,194,776
101942,2025-01-30,店舗1,商品12,5,194,970
102621,2025-01-30,店舗1,商品12,5,194,970
103025,2025-01-30,店舗1,商品12,5,194,970
103171,2025-01-30,店舗1,商品12,2,194,388
104114,2025-01-30,店舗1,商品04,4,194,776
105395,2025-01-30,店舗1,商品12,4,194,776
105395,2025-01-30,店舗1,商品12,2,194,388
105725,2025-01-30,店舗1,商品12,6,194,1164
100196,2025-01-30,店舗2,商品07,4,172,688
100929,2025-01-30,店舗2,商品09,2,172,344
102226,2025-01-30,店舗2,商品08,3,194,582
102865,2025-01-30,店舗2,商品07,2,172,344
102865,2025-01-30,店舗2,商品09,1,172,172
102918,2025-01-30,店舗2,商品09,2,172,344
103192,2025-01-30,店舗2,商品09,2,172,344
104266,2025-01-30,店舗2,商品07,2,172,344
104266,2025-01-30,店舗2,商品07,2,172,344
104283,2025-01-30,店舗2,商品07,3,172,516
104450,2025-01-30,店舗2,商品03,1,421,421
104450,2025-01-30,店舗2,商品03,1,421,421
104450,2025-01-30,店舗2,商品03,1,421,421
104450,2025-01-30,店舗2,商品05,1,194,194
104450,2025-01-30,店舗2,商品06,1,194,194
105395,2025-01-30,店舗2,商品08,1,194,194
105514,2025-01-30,店舗2,商品09,3,172,516
105514,2025-01-30,店舗2,商品09,1,172,172
105576,2025-01-30,店舗2,商品01,4,172,688
100249,2025-01-31,店舗1,商品12,3,194,582
100249,2025-01-31,店舗1,商品12,3,194,582
100249,2025-01-31,店舗1,商品12,3,194,582
100740,2025-01-31,店舗1,商品12,2,194,388
102119,2025-01-31,店舗1,商品12,4,194,776
102922,2025-01-31,店舗1,商品12,3,194,582
103296,2025-01-31,店舗1,商品12,2,194,388
103296,2025-01-31,店舗1,商品12,10,194,1940
103532,2025-01-31,店舗1,商品06,3,194,582
103965,2025-01-31,店舗1,商品01,6,172,1032
103965,2025-01-31,店舗1,商品12,4,194,776
104487,2025-01-31,店舗1,商品12,3,194,582
104736,2025-01-31,店舗1,商品12,5,194,970
105260,2025-01-31,店舗1,商品12,3,194,582
100944,2025-01-31,店舗2,商品07,1,172,172
101211,2025-01-31,店舗2,商品04,2,194,388
101562,2025-01-31,店舗2,商品01,1,172,172
102439,2025-01-31,店舗2,商品09,2,172,344
102724,2025-01-31,店舗2,商品07,3,172,516
102757,2025-01-31,店舗2,商品09,2,172,344
102771,2025-01-31,店舗2,商品07,3,172,516
102771,2025-01-31,店舗2,商品09,2,172,344
103199,2025-01-31,店舗2,商品09,1,172,172
103372,2025-01-31,店舗2,商品05,2,194,388
104829,2025-01-31,店舗2,商品08,2,194,388
105052,2025-01-31,店舗2,商品09,2,172,344
105052,2025-01-31,店舗2,商品09,2,172,344
105052,2025-01-31,店舗2,商品09,1,172,172
105824,2025-01-31,店舗2,商品09,3,172,516
105824,2025-01-31,店舗2,商品09,3,172,516
105824,2025-01-31,店舗2,商品09,2,172,344
105824,2025-01-31,店舗2,商品09,1,172,172
105824,2025-01-31,店舗2,商品09,2,172,344
105824,2025-01-31,店舗2,商品09,2,172,344
105824,2025-01-31,店舗2,商品09,1,172,172
105942,2025-01-31,店舗2,商品07,2,172,344
100196,2025-02-01,店舗1,商品12,3,194,582
100312,2025-02-01,店舗1,商品12,3,194,582
100694,2025-02-01,店舗1,商品12,3,194,582
101090,2025-02-01,店舗1,商品12,3,194,582
101098,2025-02-01,店舗1,商品12,6,194,1164
101098,2025-02-01,店舗1,商品12,2,194,388
101098,2025-02-01,店舗1,商品12,4,194,776
101098,2025-02-01,店舗1,商品12,3,194,582
101098,2025-02-01,店舗1,商品12,5,194,970
101098,2025-02-01,店舗1,商品12,2,194,388
101098,2025-02-01,店舗1,商品12,6,194,1164
101098,2025-02-01,店舗1,商品12,3,194,582
101167,2025-02-01,店舗1,商品12,7,194,1358
101167,2025-02-01,店舗1,商品12,9,194,1746
101167,2025-02-01,店舗1,商品12,5,194,970
101167,2025-02-01,店舗1,商品12,7,194,1358
101187,2025-02-01,店舗1,商品12,7,194,1358
101475,2025-02-01,店舗1,商品12,4,194,776
101902,2025-02-01,店舗1,商品12,5,194,970
101980,2025-02-01,店舗1,商品12,8,194,1552
102437,2025-02-01,店舗1,商品12,3,194,582
102437,2025-02-01,店舗1,商品12,4,194,776
103049,2025-02-01,店舗1,商品12,2,194,388
103815,2025-02-01,店舗1,商品01,4,172,688
104450,2025-02-01,店舗1,商品04,3,194,582
104450,2025-02-01,店舗1,商品10,3,194,582
105245,2025-02-01,店舗1,商品12,4,194,776
105337,2025-02-01,店舗1,商品12,4,194,776
105553,2025-02-01,店舗1,商品12,6,194,1164
105629,2025-02-01,店舗1,商品01,4,172,688
105629,2025-02-01,店舗1,商品12,4,194,776
105920,2025-02-01,店舗1,商品12,5,194,970
105925,2025-02-01,店舗1,商品12,9,194,1746
100454,2025-02-01,店舗2,商品07,1,172,172
101603,2025-02-01,店舗2,商品05,1,194,194
101603,2025-02-01,店舗2,商品05,1,194,194
101916,2025-02-01,店舗2,商品07,2,172,344
103964,2025-02-01,店舗2,商品09,1,172,172
104790,2025-02-01,店舗2,商品04,3,194,582
104790,2025-02-01,店舗2,商品08,2,194,388
100126,2025-02-02,店舗1,商品12,3,194,582
100234,2025-02-02,店舗1,商品10,8,194,1552
100550,2025-02-02,店舗1,商品12,8,194,1552
100891,2025-02-02,店舗1,商品12,6,194,1164
101135,2025-02-02,店舗1,商品12,4,194,776
101401,2025-02-02,店舗1,商品12,4,194,776
101731,2025-02-02,店舗1,商品04,5,194,970
101731,2025-02-02,店舗1,商品04,3,194,582
101731,2025-02-02,店舗1,商品07,4,172,688
101731,2025-02-02,店舗1,商品07,4,172,688
101731,2025-02-02,店舗1,商品07,4,172,688
101731,2025-02-02,店舗1,商品12,3,194,582
102045,2025-02-02,店舗1,商品12,3,194,582
102045,2025-02-02,店舗1,商品12,6,194,1164
102287,2025-02-02,店舗1,商品12,4,194,776
102287,2025-02-02,店舗1,商品12,3,194,582
102287,2025-02-02,店舗1,商品12,8,194,1552
102287,2025-02-02,店舗1,商品12,7,194,1358
102675,2025-02-02,店舗1,商品10,3,194,582
102800,2025-02-02,店舗1,商品12,8,194,1552
102825,2025-02-02,店舗1,商品12,3,194,582
102976,2025-02-02,店舗1,商品09,4,172,688
103315,2025-02-02,店舗1,商品12,2,194,388
104028,2025-02-02,店舗1,商品12,6,194,1164
104295,2025-02-02,店舗1,商品12,4,194,776
104295,2025-02-02,店舗1,商品12,3,194,582
104428,2025-02-02,店舗1,商品12,2,194,388
104428,2025-02-02,店舗1,商品12,5,194,970
104931,2025-02-02,店舗1,商品12,4,194,776
104931,2025-02-02,店舗1,商品12,5,194,970
104931,2025-02-02,店舗1,商品12,3,194,582
105382,2025-02-02,店舗1,商品12,3,194,582
105396,2025-02-02,店舗1,商品12,5,194,970
100981,2025-02-02,店舗2,商品07,1,172,172
103274,2025-02-02,店舗2,商品08,2,194,388
103274,2025-02-02,店舗2,商品08,2,194,388
105666,2025-02-02,店舗2,商品05,2,194,388
100312,2025-02-03,店舗1,商品12,6,194,1164
102045,2025-02-03,店舗1,商品12,2,194,388
103364,2025-02-03,店舗1,商品03,1,421,421
103364,2025-02-03,店舗1,商品07,4,172,688
103727,2025-02-03,店舗1,商品12,6,194,1164
104640,2025-02-03,店舗1,商品12,3,194,582
104713,2025-02-03,店舗1,商品12,5,194,970
104713,2025-02-03,店舗1,商品12,4,194,776
105814,2025-02-03,店舗1,商品12,4,194,776
100667,2025-02-03,店舗2,商品07,3,172,516
100814,2025-02-03,店舗2,商品07,3,172,516
100845,2025-02-03,店舗2,商品01,3,172,516
100845,2025-02-03,店舗2,商品01,4,172,688
101461,2025-02-03,店舗2,商品07,3,172,516
101559,2025-02-03,店舗2,商品08,4,194,776
102695,2025-02-03,店舗2,商品08,2,194,388
103501,2025-02-03,店舗2,商品07,5,172,860
104617,2025-02-03,店舗2,商品09,3,172,516
104623,2025-02-03,店舗2,商品04,1,194,194
105141,2025-02-03,店舗2,商品04,2,194,388
105484,2025-02-03,店舗2,商品05,2,194,388
101768,2025-02-04,店舗1,商品12,4,194,776
102529,2025-02-04,店舗1,商品12,4,194,776
104379,2025-02-04,店舗1,商品12,7,194,1358
104834,2025-02-04,店舗1,商品10,3,194,582
105138,2025-02-04,店舗1,商品04,3,194,582
105514,2025-02-04,店舗1,商品12,5,194,970
105514,2025-02-04,店舗1,商品12,3,194,582
105915,2025-02-04,店舗1,商品12,5,194,970
100055,2025-02-04,店舗2,商品08,2,194,388
100055,2025-02-04,店舗2,商品08,2,194,388
100239,2025-02-04,店舗2,商品09,3,172,516
100845,2025-02-04,店舗2,商品09,2,172,344
100845,2025-02-04,店舗2,商品09,3,172,516
100845,2025-02-04,店舗2,商品09,2,172,344
100845,2025-02-04,店舗2,商品09,1,172,172
100845,2025-02-04,店舗2,商品09,3,172,516
100845,2025-02-04,店舗2,商品09,1,172,172
100845,2025-02-04,店舗2,商品09,1,172,172
100845,2025-02-04,店舗2,商品09,2,172,344
102248,2025-02-04,店舗2,商品04,3,194,582
102248,2025-02-04,店舗2,商品08,1,194,194
102414,2025-02-04,店舗2,商品04,2,194,388
102414,2025-02-04,店舗2,商品07,1,172,172
103256,2025-02-04,店舗2,商品01,2,172,344
104018,2025-02-04,店舗2,商品08,1,194,194
104381,2025-02-04,店舗2,商品05,1,194,194
105274,2025-02-04,店舗2,商品09,1,172,172
105806,2025-02-04,店舗2,商品08,2,194,388
105868,2025-02-04,店舗2,商品10,3,194,582
100469,2025-02-05,店舗1,商品12,3,194,582
101104,2025-02-05,店舗1,商品11,1,594,594
101375,2025-02-05,店舗1,商品12,3,194,582
101375,2025-02-05,店舗1,商品12,3,194,582
103082,2025-02-05,店舗1,商品07,4,172,688
103082,2025-02-05,店舗1,商品12,4,194,776
103082,2025-02-05,店舗1,商品12,4,194,776
103403,2025-02-05,店舗1,商品12,6,194,1164
104141,2025-02-05,店舗1,商品12,7,194,1358
104596,2025-02-05,店舗1,商品12,4,194,776
100138,2025-02-05,店舗2,商品04,2,194,388
100138,2025-02-05,店舗2,商品04,3,194,582
100382,2025-02-05,店舗2,商品07,1,172,172
101312,2025-02-05,店舗2,商品08,4,194,776
101792,2025-02-05,店舗2,商品07,3,172,516
102509,2025-02-05,店舗2,商品08,4,194,776
102621,2025-02-05,店舗2,商品07,2,172,344
102793,2025-02-05,店舗2,商品07,3,172,516
103467,2025-02-05,店舗2,商品05,2,194,388
103467,2025-02-05,店舗2,商品08,3,194,582
103781,2025-02-05,店舗2,商品09,3,172,516
104373,2025-02-05,店舗2,商品05,2,194,388
104445,2025-02-05,店舗2,商品04,2,194,388
104802,2025-02-05,店舗2,商品07,3,172,516
105852,2025-02-05,店舗2,商品06,4,194,776
100685,2025-02-06,店舗1,商品12,3,194,582
100988,2025-02-06,店舗1,商品12,4,194,776
101618,2025-02-06,店舗1,商品12,4,194,776
102397,2025-02-06,店舗1,商品12,7,194,1358
103356,2025-02-06,店舗1,商品12,6,194,1164
104023,2025-02-06,店舗1,商品12,5,194,970
105128,2025-02-06,店舗1,商品12,8,194,1552
100614,2025-02-06,店舗2,商品07,2,172,344
100614,2025-02-06,店舗2,商品08,2,194,388
100919,2025-02-06,店舗2,商品08,3,194,582
101017,2025-02-06,店舗2,商品07,2,172,344
101257,2025-02-06,店舗2,商品04,2,194,388
101780,2025-02-06,店舗2,商品09,2,172,344
101780,2025-02-06,店舗2,商品09,2,172,344
103177,2025-02-06,店舗2,商品07,2,172,344
103337,2025-02-06,店舗2,商品07,2,172,344
103360,2025-02-06,店舗2,商品04,1,194,194
103360,2025-02-06,店舗2,商品10,2,194,388
103689,2025-02-06,店舗2,商品08,3,194,582
103689,2025-02-06,店舗2,商品08,3,194,582
104266,2025-02-06,店舗2,商品08,3,194,582
104722,2025-02-06,店舗2,商品04,2,194,388
104722,2025-02-06,店舗2,商品09,3,172,516
105312,2025-02-06,店舗2,商品07,2,172,344
100685,2025-02-07,店舗1,商品12,1,194,194
100985,2025-02-07,店舗1,商品12,3,194,582
102509,2025-02-07,店舗1,商品12,5,194,970
102910,2025-02-07,店舗1,商品12,7,194,1358
103820,2025-02-07,店舗1,商品12,6,194,1164
103820,2025-02-07,店舗1,商品12,4,194,776
103933,2025-02-07,店舗1,商品12,3,194,582
103933,2025-02-07,店舗1,商品12,9,194,1746
104973,2025-02-07,店舗1,商品12,10,194,1940
104980,2025-02-07,店舗1,商品12,6,194,1164
105667,2025-02-07,店舗1,商品12,4,194,776
100323,2025-02-07,店舗2,商品05,3,194,582
100323,2025-02-07,店舗2,商品05,2,194,388
100331,2025-02-07,店舗2,商品09,4,172,688
102279,2025-02-07,店舗2,商品06,3,194,582
102460,2025-02-07,店舗2,商品09,3,172,516
102826,2025-02-07,店舗2,商品07,2,172,344
102865,2025-02-07,店舗2,商品08,4,194,776
103055,2025-02-07,店舗2,商品08,2,194,388
103501,2025-02-07,店舗2,商品08,5,194,970
104087,2025-02-07,店舗2,商品04,4,194,776
104341,2025-02-07,店舗2,商品09,2,172,344
104541,2025-02-07,店舗2,商品08,1,194,194
104686,2025-02-07,店舗2,商品07,3,172,516
105036,2025-02-07,店舗2,商品05,4,194,776
100335,2025-02-08,店舗1,商品12,9,194,1746
100892,2025-02-08,店舗1,商品12,5,194,970
100973,2025-02-08,店舗1,商品12,4,194,776
101761,2025-02-08,店舗1,商品12,5,194,970
101793,2025-02-08,店舗1,商品12,3,194,582
102615,2025-02-08,店舗1,商品12,6,194,1164
102730,2025-02-08,店舗1,商品12,6,194,1164
102881,2025-02-08,店舗1,商品12,4,194,776
102922,2025-02-08,店舗1,商品12,11,194,2134
102922,2025-02-08,店舗1,商品12,5,194,970
103193,2025-02-08,店舗1,商品12,12,194,2328
103226,2025-02-08,店舗1,商品12,4,194,776
103473,2025-02-08,店舗1,商品12,9,194,1746
103587,2025-02-08,店舗1,商品12,4,194,776
103682,2025-02-08,店舗1,商品12,6,194,1164
103682,2025-02-08,店舗1,商品12,5,194,970
103992,2025-02-08,店舗1,商品12,7,194,1358
104075,2025-02-08,店舗1,商品12,8,194,1552
104258,2025-02-08,店舗1,商品10,4,194,776
104258,2025-02-08,店舗1,商品11,1,594,594
104277,2025-02-08,店舗1,商品09,6,172,1032
104574,2025-02-08,店舗1,商品12,8,194,1552
104958,2025-02-08,店舗1,商品12,3,194,582
105498,2025-02-08,店舗1,商品12,8,194,1552
105498,2025-02-08,店舗1,商品12,3,194,582
105498,2025-02-08,店舗1,商品12,6,194,1164
100389,2025-02-08,店舗2,商品09,2,172,344
100826,2025-02-08,店舗2,商品07,1,172,172
100826,2025-02-08,店舗2,商品09,1,172,172
101175,2025-02-08,店舗2,商品04,2,194,388
101175,2025-02-08,店舗2,商品04,1,194,194
102931,2025-02-08,店舗2,商品09,1,172,172
103082,2025-02-08,店舗2,商品04,2,194,388
100040,2025-02-09,店舗1,商品12,7,194,1358
100418,2025-02-09,店舗1,商品12,7,194,1358
100957,2025-02-09,店舗1,商品12,7,194,1358
101375,2025-02-09,店舗1,商品12,5,194,970
101389,2025-02-09,店舗1,商品12,4,194,776
101427,2025-02-09,店舗1,商品12,14,194,2716
101454,2025-02-09,店舗1,商品12,6,194,1164
101454,2025-02-09,店舗1,商品12,6,194,1164
101559,2025-02-09,店舗1,商品12,12,194,2328
102052,2025-02-09,店舗1,商品12,6,194,1164
102537,2025-02-09,店舗1,商品12,5,194,970
102680,2025-02-09,店舗1,商品12,5,194,970
102697,2025-02-09,店舗1,商品12,4,194,776
102708,2025-02-09,店舗1,商品12,8,194,1552
102968,2025-02-09,店舗1,商品12,4,194,776
103303,2025-02-09,店舗1,商品12,3,194,582
103484,2025-02-09,店舗1,商品12,8,194,1552
103484,2025-02-09,店舗1,商品12,9,194,1746
103980,2025-02-09,店舗1,商品10,7,194,1358
104058,2025-02-09,店舗1,商品01,6,172,1032
104410,2025-02-09,店舗1,商品12,10,194,1940
104948,2025-02-09,店舗1,商品12,6,194,1164
105576,2025-02-09,店舗1,商品12,6,194,1164
104373,2025-02-09,店舗2,商品02,1,297,297
104373,2025-02-09,店舗2,商品05,2,194,388
105092,2025-02-09,店舗2,商品09,2,172,344
105946,2025-02-09,店舗2,商品09,1,172,172
100944,2025-02-10,店舗1,商品12,4,194,776
101401,2025-02-10,店舗1,商品12,4,194,776
101891,2025-02-10,店舗1,商品12,4,194,776
102419,2025-02-10,店舗1,商品12,2,194,388
102419,2025-02-10,店舗1,商品12,4,194,776
102419,2025-02-10,店舗1,商品12,3,194,582
102488,2025-02-10,店舗1,商品12,4,194,776
104191,2025-02-10,店舗1,商品12,3,194,582
104191,2025-02-10,店舗1,商品12,8,194,1552
105376,2025-02-10,店舗1,商品11,1,594,594
100130,2025-02-10,店舗2,商品08,2,194,388
100550,2025-02-10,店舗2,商品04,2,194,388
101403,2025-02-10,店舗2,商品09,2,172,344
102297,2025-02-10,店舗2,商品09,3,172,516
103247,2025-02-10,店舗2,商品04,1,194,194
103250,2025-02-10,店舗2,商品09,5,172,860
103477,2025-02-10,店舗2,商品08,2,194,388
104106,2025-02-10,店舗2,商品06,2,194,388
104106,2025-02-10,店舗2,商品09,2,172,344
104227,2025-02-10,店舗2,商品09,2,172,344
104443,2025-02-10,店舗2,商品09,2,172,344
104443,2025-02-10,店舗2,商品09,1,172,172
104443,2025-02-10,店舗2,商品09,2,172,344
104443,2025-02-10,店舗2,商品09,6,172,1032
104443,2025-02-10,店舗2,商品09,3,172,516
104571,2025-02-10,店舗2,商品08,2,194,388
105870,2025-02-10,店舗2,商品07,2,172,344
105931,2025-02-10,店舗2,商品09,3,172,516
100469,2025-02-11,店舗1,商品12,5,194,970
100469,2025-02-11,店舗1,商品12,4,194,776
100469,2025-02-11,店舗1,商品12,5,194,970
100585,2025-02-11,店舗1,商品12,10,194,1940
101889,2025-02-11,店舗1,商品12,5,194,970
102126,2025-02-11,店舗1,商品12,4,194,776
102869,2025-02-11,店舗1,商品11,2,594,1188
103098,2025-02-11,店舗1,商品12,4,194,776
103303,2025-02-11,店舗1,商品12,7,194,1358
103636,2025-02-11,店舗1,商品12,4,194,776
103819,2025-02-11,店舗1,商品12,6,194,1164
103982,2025-02-11,店舗1,商品12,6,194,1164
104018,2025-02-11,店舗1,商品12,6,194,1164
104111,2025-02-11,店舗1,商品12,6,194,1164
104141,2025-02-11,店舗1,商品12,2,194,388
104450,2025-02-11,店舗1,商品04,3,194,582
104450,2025-02-11,店舗1,商品07,5,172,860
104450,2025-02-11,店舗1,商品12,6,194,1164
104450,2025-02-11,店舗1,商品12,3,194,582
104450,2025-02-11,店舗1,商品12,5,194,970
104640,2025-02-11,店舗1,商品12,5,194,970
104872,2025-02-11,店舗1,商品12,5,194,970
104872,2025-02-11,店舗1,商品12,4,194,776
105953,2025-02-11,店舗1,商品12,15,194,2910
100575,2025-02-11,店舗2,商品05,2,194,388
100575,2025-02-11,店舗2,商品07,4,172,688
100878,2025-02-11,店舗2,商品04,1,194,194
101713,2025-02-11,店舗2,商品08,1,194,194
102371,2025-02-11,店舗2,商品08,2,194,388
103060,2025-02-11,店舗2,商品03,1,421,421
104561,2025-02-11,店舗2,商品09,2,172,344
105882,2025-02-11,店舗2,商品07,5,172,860
100184,2025-02-12,店舗1,商品12,6,194,1164
103031,2025-02-12,店舗1,商品12,3,194,582
103800,2025-02-12,店舗1,商品12,4,194,776
104211,2025-02-12,店舗1,商品12,4,194,776
104344,2025-02-12,店舗1,商品12,4,194,776
105041,2025-02-12,店舗1,商品12,3,194,582
105041,2025-02-12,店舗1,商品12,6,194,1164
105245,2025-02-12,店舗1,商品12,7,194,1358
105610,2025-02-12,店舗1,商品12,3,194,582
105768,2025-02-12,店舗1,商品12,6,194,1164
100198,2025-02-12,店舗2,商品04,3,194,582
100198,2025-02-12,店舗2,商品04,3,194,582
100198,2025-02-12,店舗2,商品09,3,172,516
101836,2025-02-12,店舗2,商品04,3,194,582
101982,2025-02-12,店舗2,商品04,2,194,388
102530,2025-02-12,店舗2,商品04,2,194,388
103133,2025-02-12,店舗2,商品01,3,172,516
103264,2025-02-12,店舗2,商品04,3,194,582
103400,2025-02-12,店舗2,商品07,2,172,344
103463,2025-02-12,店舗2,商品09,3,172,516
103463,2025-02-12,店舗2,商品09,2,172,344
103892,2025-02-12,店舗2,商品01,4,172,688
104216,2025-02-12,店舗2,商品01,2,172,344
104225,2025-02-12,店舗2,商品01,4,172,688
105100,2025-02-12,店舗2,商品01,2,172,344
105100,2025-02-12,店舗2,商品01,2,172,344
105780,2025-02-12,店舗2,商品07,2,172,344
105862,2025-02-12,店舗2,商品07,4,172,688
101401,2025-02-13,店舗1,商品12,3,194,582
102109,2025-02-13,店舗1,商品12,5,194,970
103650,2025-02-13,店舗1,商品12,2,194,388
104337,2025-02-13,店舗1,商品12,5,194,970
104902,2025-02-13,店舗1,商品10,10,194,1940
104902,2025-02-13,店舗1,商品11,2,594,1188
104976,2025-02-13,店舗1,商品12,5,194,970
105307,2025-02-13,店舗1,商品12,7,194,1358
105974,2025-02-13,店舗1,商品12,5,194,970
100337,2025-02-13,店舗2,商品04,1,194,194
100570,2025-02-13,店舗2,商品07,3,172,516
100685,2025-02-13,店舗2,商品09,3,172,516
100783,2025-02-13,店舗2,商品09,2,172,344
101116,2025-02-13,店舗2,商品09,2,172,344
101522,2025-02-13,店舗2,商品07,4,172,688
102562,2025-02-13,店舗2,商品07,2,172,344
103622,2025-02-13,店舗2,商品09,4,172,688
103730,2025-02-13,店舗2,商品01,3,172,516
104156,2025-02-13,店舗2,商品04,2,194,388
104156,2025-02-13,店舗2,商品07,2,172,344
104344,2025-02-13,店舗2,商品05,2,194,388
104344,2025-02-13,店舗2,商品05,2,194,388
104344,2025-02-13,店舗2,商品05,2,194,388
104344,2025-02-13,店舗2,商品05,4,194,776
105514,2025-02-13,店舗2,商品09,2,172,344
105514,2025-02-13,店舗2,商品09,2,172,344
105514,2025-02-13,店舗2,商品09,3,172,516
100337,2025-02-14,店舗1,商品12,2,194,388
101659,2025-02-14,店舗1,商品12,2,194,388
102410,2025-02-14,店舗1,商品12,3,194,582
102744,2025-02-14,店舗1,商品12,8,194,1552
102744,2025-02-14,店舗1,商品12,5,194,970
102744,2025-02-14,店舗1,商品12,3,194,582
102744,2025-02-14,店舗1,商品12,4,194,776
102744,2025-02-14,店舗1,商品12,2,194,388
103261,2025-02-14,店舗1,商品12,2,194,388
103856,2025-02-14,店舗1,商品12,2,194,388
104665,2025-02-14,店舗1,商品12,4,194,776
104665,2025-02-14,店舗1,商品12,3,194,582
104665,2025-02-14,店舗1,商品12,3,194,582
104665,2025-02-14,店舗1,商品12,4,194,776
104858,2025-02-14,店舗1,商品12,5,194,970
105253,2025-02-14,店舗1,商品12,4,194,776
105432,2025-02-14,店舗1,商品12,3,194,582
100213,2025-02-14,店舗2,商品07,3,172,516
100252,2025-02-14,店舗2,商品08,1,194,194
100559,2025-02-14,店舗2,商品09,2,172,344
100559,2025-02-14,店舗2,商品09,2,172,344
100559,2025-02-14,店舗2,商品09,2,172,344
100559,2025-02-14,店舗2,商品09,2,172,344
100944,2025-02-14,店舗2,商品07,2,172,344
100956,2025-02-14,店舗2,商品08,4,194,776
101427,2025-02-14,店舗2,商品07,2,172,344
101427,2025-02-14,店舗2,商品07,2,172,344
102552,2025-02-14,店舗2,商品07,2,172,344
103233,2025-02-14,店舗2,商品04,2,194,388
104703,2025-02-14,店舗2,商品09,2,172,344
105395,2025-02-14,店舗2,商品04,3,194,582
105395,2025-02-14,店舗2,商品04,2,194,388
105584,2025-02-14,店舗2,商品05,2,194,388
105665,2025-02-14,店舗2,商品06,2,194,388
105665,2025-02-14,店舗2,商品06,2,194,388
105762,2025-02-14,店舗2,商品07,3,172,516
105762,2025-02-14,店舗2,商品07,2,172,344
105762,2025-02-14,店舗2,商品09,3,172,516
105861,2025-02-14,店舗2,商品07,3,172,516
100981,2025-02-15,店舗1,商品12,7,194,1358
101743,2025-02-15,店舗1,商品12,8,194,1552
101793,2025-02-15,店舗1,商品12,8,194,1552
101810,2025-02-15,店舗1,商品12,4,194,776
102488,2025-02-15,店舗1,商品12,8,194,1552
102709,2025-02-15,店舗1,商品02,1,297,297
102709,2025-02-15,店舗1,商品02,2,297,594
103141,2025-02-15,店舗1,商品12,6,194,1164
103192,2025-02-15,店舗1,商品12,8,194,1552
103223,2025-02-15,店舗1,商品12,8,194,1552
103460,2025-02-15,店舗1,商品12,7,194,1358
103699,2025-02-15,店舗1,商品12,3,194,582
103701,2025-02-15,店舗1,商品12,4,194,776
104130,2025-02-15,店舗1,商品12,12,194,2328
104450,2025-02-15,店舗1,商品09,10,172,1720
104450,2025-02-15,店舗1,商品09,5,172,860
104573,2025-02-15,店舗1,商品12,9,194,1746
104834,2025-02-15,店舗1,商品10,8,194,1552
105033,2025-02-15,店舗1,商品12,8,194,1552
105246,2025-02-15,店舗1,商品12,6,194,1164
105395,2025-02-15,店舗1,商品12,4,194,776
105521,2025-02-15,店舗1,商品12,4,194,776
101009,2025-02-15,店舗2,商品07,2,172,344
101401,2025-02-15,店舗2,商品07,2,172,344
103281,2025-02-15,店舗2,商品04,2,194,388
104335,2025-02-15,店舗2,商品06,2,194,388
104753,2025-02-15,店舗2,商品07,2,172,344
100101,2025-02-16,店舗1,商品12,6,194,1164
100265,2025-02-16,店舗1,商品12,8,194,1552
100409,2025-02-16,店舗1,商品04,6,194,1164
100464,2025-02-16,店舗1,商品12,7,194,1358
100655,2025-02-16,店舗1,商品12,5,194,970
100957,2025-02-16,店舗1,商品12,11,194,2134
101043,2025-02-16,店舗1,商品12,7,194,1358
101349,2025-02-16,店舗1,商品12,5,194,970
101389,2025-02-16,店舗1,商品12,4,194,776
101564,2025-02-16,店舗1,商品12,8,194,1552
102593,2025-02-16,店舗1,商品12,8,194,1552
103372,2025-02-16,店舗1,商品12,4,194,776
103559,2025-02-16,店舗1,商品12,5,194,970
103993,2025-02-16,店舗1,商品12,5,194,970
104285,2025-02-16,店舗1,商品12,7,194,1358
104285,2025-02-16,店舗1,商品12,6,194,1164
104395,2025-02-16,店舗1,商品12,8,194,1552
104527,2025-02-16,店舗1,商品12,7,194,1358
105307,2025-02-16,店舗1,商品12,6,194,1164
105395,2025-02-16,店舗1,商品12,9,194,1746
105539,2025-02-16,店舗1,商品12,10,194,1940
105852,2025-02-16,店舗1,商品12,7,194,1358
102899,2025-02-16,店舗2,商品07,3,172,516
105033,2025-02-16,店舗2,商品09,2,172,344
105962,2025-02-16,店舗2,商品04,2,194,388
100642,2025-02-17,店舗1,商品12,3,194,582
101419,2025-02-17,店舗1,商品12,4,194,776
101419,2025-02-17,店舗1,商品12,3,194,582
102279,2025-02-17,店舗1,商品12,2,194,388
102288,2025-02-17,店舗1,商品12,3,194,582
102521,2025-02-17,店舗1,商品12,7,194,1358
103303,2025-02-17,店舗1,商品12,3,194,582
103303,2025-02-17,店舗1,商品12,3,194,582
103303,2025-02-17,店舗1,商品12,3,194,582
100165,2025-02-17,店舗2,商品06,2,194,388
100165,2025-02-17,店舗2,商品06,4,194,776
100165,2025-02-17,店舗2,商品10,2,194,388
100243,2025-02-17,店舗2,商品08,4,194,776
100243,2025-02-17,店舗2,商品08,1,194,194
100331,2025-02-17,店舗2,商品09,2,172,344
100415,2025-02-17,店舗2,商品07,4,172,688
100977,2025-02-17,店舗2,商品07,2,172,344
101516,2025-02-17,店舗2,商品09,3,172,516
102397,2025-02-17,店舗2,商品04,2,194,388
102988,2025-02-17,店舗2,商品01,2,172,344
103461,2025-02-17,店舗2,商品09,4,172,688
103585,2025-02-17,店舗2,商品07,3,172,516
105173,2025-02-17,店舗2,商品07,3,172,516
105206,2025-02-17,店舗2,商品08,2,194,388
100883,2025-02-18,店舗1,商品10,2,194,388
101719,2025-02-18,店舗1,商品12,2,194,388
101850,2025-02-18,店舗1,商品12,3,194,582
102131,2025-02-18,店舗1,商品07,3,172,516
102131,2025-02-18,店舗1,商品07,1,172,172
102131,2025-02-18,店舗1,商品07,4,172,688
102131,2025-02-18,店舗1,商品12,2,194,388
102131,2025-02-18,店舗1,商品12,3,194,582
102131,2025-02-18,店舗1,商品12,3,194,582
102291,2025-02-18,店舗1,商品04,3,194,582
102291,2025-02-18,店舗1,商品05,2,194,388
102291,2025-02-18,店舗1,商品12,2,194,388
104293,2025-02-18,店舗1,商品12,2,194,388
105245,2025-02-18,店舗1,商品12,3,194,582
100151,2025-02-18,店舗2,商品07,4,172,688
100378,2025-02-18,店舗2,商品09,2,172,344
101687,2025-02-18,店舗2,商品09,2,172,344
101692,2025-02-18,店舗2,商品09,3,172,516
101696,2025-02-18,店舗2,商品08,2,194,388
102382,2025-02-18,店舗2,商品08,2,194,388
102475,2025-02-18,店舗2,商品08,2,194,388
103315,2025-02-18,店舗2,商品07,2,172,344
103463,2025-02-18,店舗2,商品09,2,172,344
103463,2025-02-18,店舗2,商品09,2,172,344
103463,2025-02-18,店舗2,商品09,3,172,516
103775,2025-02-18,店舗2,商品08,2,194,388
104523,2025-02-18,店舗2,商品04,1,194,194
105076,2025-02-18,店舗2,商品09,2,172,344
105076,2025-02-18,店舗2,商品09,3,172,516
105376,2025-02-18,店舗2,商品05,2,194,388
105376,2025-02-18,店舗2,商品05,2,194,388
105376,2025-02-18,店舗2,商品05,1,194,194
105376,2025-02-18,店舗2,商品05,2,194,388
101607,2025-02-19,店舗1,商品12,7,194,1358
102029,2025-02-19,店舗1,商品12,4,194,776
102083,2025-02-19,店舗1,商品12,4,194,776
103247,2025-02-19,店舗1,商品12,7,194,1358
103285,2025-02-19,店舗1,商品12,5,194,970
104130,2025-02-19,店舗1,商品12,6,194,1164
105127,2025-02-19,店舗1,商品11,1,594,594
105324,2025-02-19,店舗1,商品12,6,194,1164
100106,2025-02-19,店舗2,商品08,4,194,776
100184,2025-02-19,店舗2,商品05,2,194,388
100184,2025-02-19,店舗2,商品10,3,194,582
101026,2025-02-19,店舗2,商品06,2,194,388
101289,2025-02-19,店舗2,商品04,3,194,582
101401,2025-02-19,店舗2,商品07,4,172,688
102800,2025-02-19,店舗2,商品06,3,194,582
103613,2025-02-19,店舗2,商品05,3,194,582
103613,2025-02-19,店舗2,商品05,1,194,194
103613,2025-02-19,店舗2,商品05,2,194,388
103799,2025-02-19,店舗2,商品01,3,172,516
104373,2025-02-19,店舗2,商品05,2,194,388
104685,2025-02-19,店舗2,商品04,5,194,970
104802,2025-02-19,店舗2,商品07,1,172,172
105514,2025-02-19,店舗2,商品09,2,172,344
101480,2025-02-20,店舗1,商品12,3,194,582
101687,2025-02-20,店舗1,商品12,6,194,1164
101965,2025-02-20,店舗1,商品12,4,194,776
101965,2025-02-20,店舗1,商品12,2,194,388
101965,2025-02-20,店舗1,商品12,4,194,776
102869,2025-02-20,店舗1,商品10,2,194,388
103425,2025-02-20,店舗1,商品12,6,194,1164
104128,2025-02-20,店舗1,商品12,5,194,970
104722,2025-02-20,店舗1,商品12,4,194,776
105778,2025-02-20,店舗1,商品12,3,194,582
100856,2025-02-20,店舗2,商品09,2,172,344
102242,2025-02-20,店舗2,商品07,3,172,516
103330,2025-02-20,店舗2,商品07,1,172,172
103461,2025-02-20,店舗2,商品06,2,194,388
103690,2025-02-20,店舗2,商品09,2,172,344
103971,2025-02-20,店舗2,商品09,3,172,516
104029,2025-02-20,店舗2,商品09,2,172,344
104547,2025-02-20,店舗2,商品01,2,172,344
104547,2025-02-20,店舗2,商品01,1,172,172
104761,2025-02-20,店舗2,商品05,3,194,582
105204,2025-02-20,店舗2,商品04,2,194,388
105204,2025-02-20,店舗2,商品04,2,194,388
105204,2025-02-20,店舗2,商品08,3,194,582
105414,2025-02-20,店舗2,商品09,1,172,172
105414,2025-02-20,店舗2,商品09,6,172,1032
105414,2025-02-20,店舗2,商品09,2,172,344
105938,2025-02-20,店舗2,商品07,4,172,688
100154,2025-02-21,店舗1,商品12,3,194,582
100361,2025-02-21,店舗1,商品12,4,194,776
100361,2025-02-21,店舗1,商品12,4,194,776
100570,2025-02-21,店舗1,商品12,4,194,776
100825,2025-02-21,店舗1,商品12,5,194,970
100825,2025-02-21,店舗1,商品12,6,194,1164
103501,2025-02-21,店舗1,商品12,5,194,970
103565,2025-02-21,店舗1,商品12,3,194,582
103720,2025-02-21,店舗1,商品12,3,194,582
104075,2025-02-21,店舗1,商品12,4,194,776
104892,2025-02-21,店舗1,商品09,4,172,688
104892,2025-02-21,店舗1,商品09,5,172,860
105514,2025-02-21,店舗1,商品12,3,194,582
100585,2025-02-21,店舗2,商品08,2,194,388
100683,2025-02-21,店舗2,商品05,2,194,388
101032,2025-02-21,店舗2,商品07,1,172,172
101734,2025-02-21,店舗2,商品06,2,194,388
101734,2025-02-21,店舗2,商品06,2,194,388
102588,2025-02-21,店舗2,商品08,2,194,388
102751,2025-02-21,店舗2,商品09,4,172,688
102820,2025-02-21,店舗2,商品09,3,172,516
103316,2025-02-21,店舗2,商品05,2,194,388
103755,2025-02-21,店舗2,商品08,1,194,194
103755,2025-02-21,店舗2,商品08,2,194,388
103755,2025-02-21,店舗2,商品08,2,194,388
103755,2025-02-21,店舗2,商品09,3,172,516
103898,2025-02-21,店舗2,商品09,2,172,344
105294,2025-02-21,店舗2,商品08,2,194,388
105780,2025-02-21,店舗2,商品09,2,172,344
105780,2025-02-21,店舗2,商品09,2,172,344
105780,2025-02-21,店舗2,商品09,3,172,516
105840,2025-02-21,店舗2,商品07,4,172,688
100040,2025-02-22,店舗1,商品12,4,194,776
100170,2025-02-22,店舗1,商品01,5,172,860
100331,2025-02-22,店舗1,商品12,5,194,970
100331,2025-02-22,店舗1,商品12,6,194,1164
100335,2025-02-22,店舗1,商品12,7,194,1358
100397,2025-02-22,店舗1,商品12,7,194,1358
100904,2025-02-22,店舗1,商品12,4,194,776
100939,2025-02-22,店舗1,商品12,6,194,1164
101839,2025-02-22,店舗1,商品12,5,194,970
101839,2025-02-22,店舗1,商品12,4,194,776
102507,2025-02-22,店舗1,商品12,7,194,1358
102806,2025-02-22,店舗1,商品01,4,172,688
102806,2025-02-22,店舗1,商品01,8,172,1376
102867,2025-02-22,店舗1,商品12,8,194,1552
102867,2025-02-22,店舗1,商品12,7,194,1358
103230,2025-02-22,店舗1,商品12,2,194,388
103303,2025-02-22,店舗1,商品12,6,194,1164
103316,2025-02-22,店舗1,商品12,7,194,1358
103719,2025-02-22,店舗1,商品12,6,194,1164
104640,2025-02-22,店舗1,商品12,11,194,2134
104892,2025-02-22,店舗1,商品12,9,194,1746
105102,2025-02-22,店舗1,商品12,3,194,582
105552,2025-02-22,店舗1,商品01,10,172,1720
105556,2025-02-22,店舗1,商品12,3,194,582
105967,2025-02-22,店舗1,商品12,12,194,2328
100929,2025-02-22,店舗2,商品07,1,172,172
101240,2025-02-22,店舗2,商品09,2,172,344
101688,2025-02-22,店舗2,商品01,3,172,516
105010,2025-02-22,店舗2,商品08,3,194,582
105749,2025-02-22,店舗2,商品09,2,172,344
100360,2025-02-23,店舗1,商品07,7,172,1204
101129,2025-02-23,店舗1,商品12,8,194,1552
101136,2025-02-23,店舗1,商品12,5,194,970
101543,2025-02-23,店舗1,商品12,5,194,970
102119,2025-02-23,店舗1,商品12,7,194,1358
102136,2025-02-23,店舗1,商品12,5,194,970
102514,2025-02-23,店舗1,商品12,7,194,1358
102514,2025-02-23,店舗1,商品12,3,194,582
102665,2025-02-23,店舗1,商品10,5,194,970
102665,2025-02-23,店舗1,商品11,2,594,1188
102695,2025-02-23,店舗1,商品12,13,194,2522
102748,2025-02-23,店舗1,商品12,8,194,1552
103163,2025-02-23,店舗1,商品12,4,194,776
103163,2025-02-23,店舗1,商品12,4,194,776
104097,2025-02-23,店舗1,商品12,4,194,776
104097,2025-02-23,店舗1,商品12,9,194,1746
104269,2025-02-23,店舗1,商品12,5,194,970
104269,2025-02-23,店舗1,商品12,4,194,776
104402,2025-02-23,店舗1,商品12,2,194,388
105230,2025-02-23,店舗1,商品12,4,194,776
105427,2025-02-23,店舗1,商品12,6,194,1164
105915,2025-02-23,店舗1,商品12,3,194,582
100239,2025-02-23,店舗2,商品09,1,172,172
101122,2025-02-23,店舗2,商品06,2,194,388
102248,2025-02-23,店舗2,商品08,2,194,388
104867,2025-02-23,店舗2,商品08,2,194,388
104867,2025-02-23,店舗2,商品09,2,172,344
105376,2025-02-23,店舗2,商品05,2,194,388
105376,2025-02-23,店舗2,商品05,2,194,388
105376,2025-02-23,店舗2,商品05,2,194,388
100677,2025-02-24,店舗1,商品12,9,194,1746
100985,2025-02-24,店舗1,商品12,7,194,1358
101002,2025-02-24,店舗1,商品12,5,194,970
101450,2025-02-24,店舗1,商品12,7,194,1358
101485,2025-02-24,店舗1,商品07,3,172,516
101548,2025-02-24,店舗1,商品12,5,194,970
101730,2025-02-24,店舗1,商品12,5,194,970
101850,2025-02-24,店舗1,商品12,6,194,1164
101884,2025-02-24,店舗1,商品12,7,194,1358
102397,2025-02-24,店舗1,商品12,9,194,1746
102521,2025-02-24,店舗1,商品12,3,194,582
102845,2025-02-24,店舗1,商品12,4,194,776
102845,2025-02-24,店舗1,商品12,6,194,1164
104373,2025-02-24,店舗1,商品10,11,194,2134
104410,2025-02-24,店舗1,商品12,8,194,1552
104450,2025-02-24,店舗1,商品05,4,194,776
105010,2025-02-24,店舗1,商品07,11,172,1892
105164,2025-02-24,店舗1,商品12,5,194,970
100345,2025-02-24,店舗2,商品04,1,194,194
100824,2025-02-24,店舗2,商品01,1,172,172
100824,2025-02-24,店舗2,商品01,1,172,172
100824,2025-02-24,店舗2,商品01,1,172,172
100824,2025-02-24,店舗2,商品01,1,172,172
100824,2025-02-24,店舗2,商品01,1,172,172
100824,2025-02-24,店舗2,商品01,1,172,172
101481,2025-02-24,店舗2,商品09,1,172,172
101481,2025-02-24,店舗2,商品09,1,172,172
102665,2025-02-24,店舗2,商品04,1,194,194
102665,2025-02-24,店舗2,商品04,1,194,194
103831,2025-02-24,店舗2,商品09,1,172,172
103831,2025-02-24,店舗2,商品09,1,172,172
103831,2025-02-24,店舗2,商品09,1,172,172
104133,2025-02-24,店舗2,商品04,1,194,194
104133,2025-02-24,店舗2,商品07,1,172,172
104133,2025-02-24,店舗2,商品09,1,172,172
102798,2025-02-25,店舗1,商品06,4,194,776
102800,2025-02-25,店舗1,商品12,3,194,582
102822,2025-02-25,店舗1,商品12,7,194,1358
103418,2025-02-25,店舗1,商品12,5,194,970
103511,2025-02-25,店舗1,商品12,3,194,582
103738,2025-02-25,店舗1,商品12,5,194,970
105945,2025-02-25,店舗1,商品12,6,194,1164
100122,2025-02-25,店舗2,商品09,2,172,344
100243,2025-02-25,店舗2,商品08,1,194,194
100243,2025-02-25,店舗2,商品08,3,194,582
101382,2025-02-25,店舗2,商品08,3,194,582
101959,2025-02-25,店舗2,商品08,2,194,388
102063,2025-02-25,店舗2,商品04,2,194,388
102697,2025-02-25,店舗2,商品01,5,172,860
102697,2025-02-25,店舗2,商品01,3,172,516
102697,2025-02-25,店舗2,商品01,2,172,344
102697,2025-02-25,店舗2,商品01,3,172,516
102697,2025-02-25,店舗2,商品01,3,172,516
102869,2025-02-25,店舗2,商品02,1,297,297
103330,2025-02-25,店舗2,商品08,3,194,582
103671,2025-02-25,店舗2,商品04,2,194,388
103948,2025-02-25,店舗2,商品01,2,172,344
104002,2025-02-25,店舗2,商品08,2,194,388
104477,2025-02-25,店舗2,商品07,2,172,344
105268,2025-02-25,店舗2,商品07,2,172,344
101373,2025-02-26,店舗1,商品12,5,194,970
101373,2025-02-26,店舗1,商品12,4,194,776
101726,2025-02-26,店舗1,商品12,4,194,776
103754,2025-02-26,店舗1,商品12,5,194,970
104552,2025-02-26,店舗1,商品12,2,194,388
104560,2025-02-26,店舗1,商品12,4,194,776
104954,2025-02-26,店舗1,商品12,2,194,388
105117,2025-02-26,店舗1,商品12,4,194,776
105117,2025-02-26,店舗1,商品12,5,194,970
105422,2025-02-26,店舗1,商品12,6,194,1164
100234,2025-02-26,店舗2,商品08,4,194,776
100487,2025-02-26,店舗2,商品08,2,194,388
102397,2025-02-26,店舗2,商品07,5,172,860
103061,2025-02-26,店舗2,商品09,2,172,344
103382,2025-02-26,店舗2,商品07,6,172,1032
103781,2025-02-26,店舗2,商品08,2,194,388
103853,2025-02-26,店舗2,商品08,1,194,194
104066,2025-02-26,店舗2,商品06,3,194,582
104066,2025-02-26,店舗2,商品08,2,194,388
104266,2025-02-26,店舗2,商品08,2,194,388
104611,2025-02-26,店舗2,商品09,1,172,172
105539,2025-02-26,店舗2,商品04,2,194,388
105762,2025-02-26,店舗2,商品07,2,172,344
105762,2025-02-26,店舗2,商品07,4,172,688
105853,2025-02-26,店舗2,商品01,5,172,860
100415,2025-02-27,店舗1,商品12,4,194,776
100415,2025-02-27,店舗1,商品12,4,194,776
100957,2025-02-27,店舗1,商品12,4,194,776
103177,2025-02-27,店舗1,商品12,4,194,776
104623,2025-02-27,店舗1,商品12,3,194,582
105287,2025-02-27,店舗1,商品12,4,194,776
105322,2025-02-27,店舗1,商品12,5,194,970
105322,2025-02-27,店舗1,商品12,3,194,582
105813,2025-02-27,店舗1,商品06,3,194,582
105813,2025-02-27,店舗1,商品10,4,194,776
100311,2025-02-27,店舗2,商品09,2,172,344
101304,2025-02-27,店舗2,商品07,2,172,344
101628,2025-02-27,店舗2,商品04,4,194,776
102038,2025-02-27,店舗2,商品08,4,194,776
102665,2025-02-27,店舗2,商品09,5,172,860
102841,2025-02-27,店舗2,商品01,4,172,688
104325,2025-02-27,店舗2,商品04,2,194,388
104725,2025-02-27,店舗2,商品04,2,194,388
104872,2025-02-27,店舗2,商品08,4,194,776
104872,2025-02-27,店舗2,商品08,3,194,582
105730,2025-02-27,店舗2,商品04,3,194,582
105840,2025-02-27,店舗2,商品07,3,172,516
105889,2025-02-27,店舗2,商品09,2,172,344
100550,2025-02-28,店舗1,商品12,3,194,582
101136,2025-02-28,店舗1,商品12,5,194,970
101250,2025-02-28,店舗1,商品12,8,194,1552
101250,2025-02-28,店舗1,商品12,9,194,1746
101375,2025-02-28,店舗1,商品12,3,194,582
101427,2025-02-28,店舗1,商品12,3,194,582
101427,2025-02-28,店舗1,商品12,4,194,776
101430,2025-02-28,店舗1,商品12,3,194,582
101850,2025-02-28,店舗1,商品12,5,194,970
103098,2025-02-28,店舗1,商品12,5,194,970
103366,2025-02-28,店舗1,商品12,6,194,1164
104373,2025-02-28,店舗1,商品11,2,594,1188
100415,2025-02-28,店舗2,商品07,2,172,344
100939,2025-02-28,店舗2,商品09,1,172,172
100939,2025-02-28,店舗2,商品09,2,172,344
100939,2025-02-28,店舗2,商品09,1,172,172
101482,2025-02-28,店舗2,商品01,3,172,516
101761,2025-02-28,店舗2,商品09,1,172,172
101761,2025-02-28,店舗2,商品09,2,172,344
101935,2025-02-28,店舗2,商品07,1,172,172
102751,2025-02-28,店舗2,商品04,4,194,776
102751,2025-02-28,店舗2,商品04,5,194,970
103107,2025-02-28,店舗2,商品06,3,194,582
103198,2025-02-28,店舗2,商品09,2,172,344
103198,2025-02-28,店舗2,商品09,3,172,516
103257,2025-02-28,店舗2,商品09,1,172,172
104121,2025-02-28,店舗2,商品08,1,194,194
104871,2025-02-28,店舗2,商品09,3,172,516
104958,2025-02-28,店舗2,商品05,1,194,194
104958,2025-02-28,店舗2,商品05,4,194,776
105052,2025-02-28,店舗2,商品09,4,172,688
105667,2025-02-28,店舗2,商品09,2,172,344
101803,2025-03-01,店舗1,商品12,7,194,1358
101803,2025-03-01,店舗1,商品12,3,194,582
102410,2025-03-01,店舗1,商品12,7,194,1358
102485,2025-03-01,店舗1,商品12,5,194,970
102609,2025-03-01,店舗1,商品12,3,194,582
102609,2025-03-01,店舗1,商品12,7,194,1358
102999,2025-03-01,店舗1,商品12,4,194,776
103198,2025-03-01,店舗1,商品12,5,194,970
103223,2025-03-01,店舗1,商品12,5,194,970
103704,2025-03-01,店舗1,商品12,5,194,970
103704,2025-03-01,店舗1,商品12,5,194,970
103849,2025-03-01,店舗1,商品12,3,194,582
103853,2025-03-01,店舗1,商品12,6,194,1164
103853,2025-03-01,店舗1,商品12,4,194,776
104640,2025-03-01,店舗1,商品12,4,194,776
104661,2025-03-01,店舗1,商品12,6,194,1164
105010,2025-03-01,店舗1,商品12,4,194,776
105068,2025-03-01,店舗1,商品12,6,194,1164
105068,2025-03-01,店舗1,商品12,6,194,1164
105068,2025-03-01,店舗1,商品12,6,194,1164
105068,2025-03-01,店舗1,商品12,7,194,1358
105068,2025-03-01,店舗1,商品12,6,194,1164
105264,2025-03-01,店舗1,商品12,7,194,1358
105279,2025-03-01,店舗1,商品12,7,194,1358
105553,2025-03-01,店舗1,商品12,6,194,1164
105576,2025-03-01,店舗1,商品12,3,194,582
105773,2025-03-01,店舗1,商品12,9,194,1746
105868,2025-03-01,店舗1,商品12,5,194,970
101483,2025-03-01,店舗2,商品01,1,172,172
101731,2025-03-01,店舗2,商品09,3,172,516
102958,2025-03-01,店舗2,商品07,2,172,344
104942,2025-03-01,店舗2,商品07,1,172,172
104942,2025-03-01,店舗2,商品07,2,172,344
105269,2025-03-01,店舗2,商品10,2,194,388
100532,2025-03-02,店舗1,商品12,4,194,776
100685,2025-03-02,店舗1,商品12,6,194,1164
100826,2025-03-02,店舗1,商品12,7,194,1358
100826,2025-03-02,店舗1,商品12,5,194,970
100939,2025-03-02,店舗1,商品12,6,194,1164
101482,2025-03-02,店舗1,商品12,3,194,582
101482,2025-03-02,店舗1,商品12,6,194,1164
101737,2025-03-02,店舗1,商品12,10,194,1940
102018,2025-03-02,店舗1,商品12,7,194,1358
103304,2025-03-02,店舗1,商品12,5,194,970
103332,2025-03-02,店舗1,商品12,5,194,970
103494,2025-03-02,店舗1,商品12,8,194,1552
103494,2025-03-02,店舗1,商品12,7,194,1358
103933,2025-03-02,店舗1,商品12,5,194,970
103935,2025-03-02,店舗1,商品12,6,194,1164
103995,2025-03-02,店舗1,商品12,4,194,776
104140,2025-03-02,店舗1,商品12,8,194,1552
104277,2025-03-02,店舗1,商品09,6,172,1032
104680,2025-03-02,店舗1,商品12,9,194,1746
104748,2025-03-02,店舗1,商品12,4,194,776
104924,2025-03-02,店舗1,商品12,7,194,1358
105279,2025-03-02,店舗1,商品12,9,194,1746
105279,2025-03-02,店舗1,商品12,8,194,1552
105851,2025-03-02,店舗1,商品12,7,194,1358
101273,2025-03-02,店舗2,商品08,2,194,388
101273,2025-03-02,店舗2,商品08,2,194,388
101516,2025-03-02,店舗2,商品07,1,172,172
101939,2025-03-02,店舗2,商品08,2,194,388
103406,2025-03-02,店舗2,商品06,1,194,194
100234,2025-03-03,店舗1,商品09,7,172,1204
100923,2025-03-03,店舗1,商品12,5,194,970
100957,2025-03-03,店舗1,商品12,4,194,776
102279,2025-03-03,店舗1,商品05,5,194,970
103287,2025-03-03,店舗1,商品12,4,194,776
103352,2025-03-03,店舗1,商品09,6,172,1032
105093,2025-03-03,店舗1,商品07,4,172,688
100389,2025-03-03,店舗2,商品07,3,172,516
100618,2025-03-03,店舗2,商品09,3,172,516
100638,2025-03-03,店舗2,商品01,3,172,516
101046,2025-03-03,店舗2,商品01,3,172,516
102045,2025-03-03,店舗2,商品07,3,172,516
104018,2025-03-03,店舗2,商品06,3,194,582
104197,2025-03-03,店舗2,商品08,2,194,388
104445,2025-03-03,店舗2,商品04,4,194,776
104445,2025-03-03,店舗2,商品06,2,194,388
104665,2025-03-03,店舗2,商品04,2,194,388
104665,2025-03-03,店舗2,商品04,3,194,582
105000,2025-03-03,店舗2,商品09,3,172,516
105326,2025-03-03,店舗2,商品08,3,194,582
105596,2025-03-03,店舗2,商品01,3,172,516
105780,2025-03-03,店舗2,商品09,2,172,344
102045,2025-03-04,店舗1,商品12,6,194,1164
102922,2025-03-04,店舗1,商品12,4,194,776
103670,2025-03-04,店舗1,商品12,5,194,970
103762,2025-03-04,店舗1,商品12,3,194,582
104425,2025-03-04,店舗1,商品12,4,194,776
105870,2025-03-04,店舗1,商品12,12,194,2328
105884,2025-03-04,店舗1,商品12,4,194,776
100168,2025-03-04,店舗2,商品08,2,194,388
100891,2025-03-04,店舗2,商品07,3,172,516
101032,2025-03-04,店舗2,商品07,2,172,344
101213,2025-03-04,店舗2,商品01,3,172,516
102509,2025-03-04,店舗2,商品08,1,194,194
102990,2025-03-04,店舗2,商品01,3,172,516
102996,2025-03-04,店舗2,商品09,6,172,1032
103352,2025-03-04,店舗2,商品08,2,194,388
103839,2025-03-04,店舗2,商品04,1,194,194
104054,2025-03-04,店舗2,商品08,2,194,388
104345,2025-03-04,店舗2,商品06,2,194,388
105048,2025-03-04,店舗2,商品07,3,172,516
105376,2025-03-04,店舗2,商品08,3,194,582
105376,2025-03-04,店舗2,商品08,3,194,582
105376,2025-03-04,店舗2,商品08,3,194,582
105376,2025-03-04,店舗2,商品08,3,194,582
100184,2025-03-05,店舗1,商品07,3,172,516
100184,2025-03-05,店舗1,商品12,2,194,388
100234,2025-03-05,店舗1,商品12,5,194,970
100564,2025-03-05,店舗1,商品12,5,194,970
103571,2025-03-05,店舗1,商品12,3,194,582
104075,2025-03-05,店舗1,商品12,5,194,970
105209,2025-03-05,店舗1,商品12,2,194,388
105755,2025-03-05,店舗1,商品04,4,194,776
105942,2025-03-05,店舗1,商品12,7,194,1358
105942,2025-03-05,店舗1,商品12,3,194,582
100853,2025-03-05,店舗2,商品09,4,172,688
101210,2025-03-05,店舗2,商品06,2,194,388
101731,2025-03-05,店舗2,商品07,2,172,344
101803,2025-03-05,店舗2,商品01,3,172,516
102310,2025-03-05,店舗2,商品07,3,172,516
103348,2025-03-05,店舗2,商品07,4,172,688
103754,2025-03-05,店舗2,商品07,3,172,516
103820,2025-03-05,店舗2,商品09,3,172,516
104247,2025-03-05,店舗2,商品04,5,194,970
104531,2025-03-05,店舗2,商品05,3,194,582
104531,2025-03-05,店舗2,商品05,4,194,776
104547,2025-03-05,店舗2,商品08,2,194,388
105456,2025-03-05,店舗2,商品03,1,421,421
105456,2025-03-05,店舗2,商品03,1,421,421
105456,2025-03-05,店舗2,商品03,1,421,421
105641,2025-03-05,店舗2,商品09,3,172,516
101043,2025-03-06,店舗1,商品12,3,194,582
101043,2025-03-06,店舗1,商品12,4,194,776
101867,2025-03-06,店舗1,商品12,3,194,582
103303,2025-03-06,店舗1,商品12,3,194,582
103303,2025-03-06,店舗1,商品12,4,194,776
103417,2025-03-06,店舗1,商品12,4,194,776
103958,2025-03-06,店舗1,商品12,3,194,582
103958,2025-03-06,店舗1,商品12,2,194,388
105156,2025-03-06,店舗1,商品12,4,194,776
105325,2025-03-06,店舗1,商品12,2,194,388
105325,2025-03-06,店舗1,商品12,3,194,582
105615,2025-03-06,店舗1,商品12,3,194,582
105615,2025-03-06,店舗1,商品12,2,194,388
100664,2025-03-06,店舗2,商品08,2,194,388
100981,2025-03-06,店舗2,商品07,3,172,516
102485,2025-03-06,店舗2,商品04,3,194,582
102485,2025-03-06,店舗2,商品06,1,194,194
102560,2025-03-06,店舗2,商品04,2,194,388
103511,2025-03-06,店舗2,商品05,2,194,388
103600,2025-03-06,店舗2,商品09,1,172,172
103898,2025-03-06,店舗2,商品04,2,194,388
104347,2025-03-06,店舗2,商品01,1,172,172
104373,2025-03-06,店舗2,商品08,4,194,776
104448,2025-03-06,店舗2,商品05,2,194,388
104880,2025-03-06,店舗2,商品07,3,172,516
104880,2025-03-06,店舗2,商品07,4,172,688
104880,2025-03-06,店舗2,商品07,2,172,344
104880,2025-03-06,店舗2,商品07,4,172,688
104880,2025-03-06,店舗2,商品07,2,172,344
104880,2025-03-06,店舗2,商品07,2,172,344
105376,2025-03-06,店舗2,商品05,2,194,388
105890,2025-03-06,店舗2,商品08,2,194,388
101275,2025-03-07,店舗1,商品12,5,194,970
101293,2025-03-07,店舗1,商品12,5,194,970
101324,2025-03-07,店舗1,商品09,3,172,516
101324,2025-03-07,店舗1,商品09,6,172,1032
101324,2025-03-07,店舗1,商品09,3,172,516
101324,2025-03-07,店舗1,商品10,4,194,776
101324,2025-03-07,店舗1,商品10,3,194,582
101324,2025-03-07,店舗1,商品10,4,194,776
101324,2025-03-07,店舗1,商品11,1,594,594
101354,2025-03-07,店舗1,商品12,7,194,1358
101839,2025-03-07,店舗1,商品12,3,194,582
102568,2025-03-07,店舗1,商品12,5,194,970
102599,2025-03-07,店舗1,商品12,4,194,776
103465,2025-03-07,店舗1,商品12,2,194,388
103933,2025-03-07,店舗1,商品12,1,194,194
104017,2025-03-07,店舗1,商品12,2,194,388
100303,2025-03-07,店舗2,商品09,1,172,172
100303,2025-03-07,店舗2,商品09,1,172,172
100303,2025-03-07,店舗2,商品09,5,172,860
101559,2025-03-07,店舗2,商品08,2,194,388
101852,2025-03-07,店舗2,商品04,4,194,776
102817,2025-03-07,店舗2,商品07,1,172,172
102817,2025-03-07,店舗2,商品09,4,172,688
102931,2025-03-07,店舗2,商品04,2,194,388
102931,2025-03-07,店舗2,商品05,2,194,388
103350,2025-03-07,店舗2,商品09,2,172,344
103400,2025-03-07,店舗2,商品08,3,194,582
104776,2025-03-07,店舗2,商品07,2,172,344
104977,2025-03-07,店舗2,商品06,3,194,582
104977,2025-03-07,店舗2,商品09,3,172,516
105063,2025-03-07,店舗2,商品08,2,194,388
105628,2025-03-07,店舗2,商品07,2,172,344
105667,2025-03-07,店舗2,商品09,2,172,344
105745,2025-03-07,店舗2,商品01,3,172,516
105860,2025-03-07,店舗2,商品09,2,172,344
100587,2025-03-08,店舗1,商品12,7,194,1358
101065,2025-03-08,店舗1,商品12,5,194,970
101273,2025-03-08,店舗1,商品12,11,194,2134
101427,2025-03-08,店舗1,商品12,4,194,776
101482,2025-03-08,店舗1,商品12,10,194,1940
101528,2025-03-08,店舗1,商品12,8,194,1552
102375,2025-03-08,店舗1,商品12,5,194,970
102530,2025-03-08,店舗1,商品12,3,194,582
102724,2025-03-08,店舗1,商品12,7,194,1358
102818,2025-03-08,店舗1,商品12,5,194,970
103433,2025-03-08,店舗1,商品06,5,194,970
103433,2025-03-08,店舗1,商品12,3,194,582
103964,2025-03-08,店舗1,商品12,4,194,776
104130,2025-03-08,店舗1,商品12,5,194,970
104174,2025-03-08,店舗1,商品01,9,172,1548
104174,2025-03-08,店舗1,商品01,6,172,1032
104283,2025-03-08,店舗1,商品12,5,194,970
104389,2025-03-08,店舗1,商品12,7,194,1358
104429,2025-03-08,店舗1,商品12,8,194,1552
104997,2025-03-08,店舗1,商品12,6,194,1164
105068,2025-03-08,店舗1,商品12,4,194,776
105068,2025-03-08,店舗1,商品12,6,194,1164
105068,2025-03-08,店舗1,商品12,4,194,776
105171,2025-03-08,店舗1,商品12,6,194,1164
105245,2025-03-08,店舗1,商品12,11,194,2134
105755,2025-03-08,店舗1,商品12,7,194,1358
100406,2025-03-08,店舗2,商品07,1,172,172
100719,2025-03-08,店舗2,商品07,2,172,344
101687,2025-03-08,店舗2,商品04,2,194,388
103317,2025-03-08,店舗2,商品09,2,172,344
103562,2025-03-08,店舗2,商品09,4,172,688
100138,2025-03-09,店舗1,商品12,5,194,970
100331,2025-03-09,店舗1,商品12,4,194,776
100542,2025-03-09,店舗1,商品12,6,194,1164
100604,2025-03-09,店舗1,商品12,9,194,1746
100728,2025-03-09,店舗1,商品12,3,194,582
101105,2025-03-09,店舗1,商品12,7,194,1358
101105,2025-03-09,店舗1,商品12,6,194,1164
101105,2025-03-09,店舗1,商品12,5,194,970
101105,2025-03-09,店舗1,商品12,5,194,970
101105,2025-03-09,店舗1,商品12,6,194,1164
102071,2025-03-09,店舗1,商品12,4,194,776
102368,2025-03-09,店舗1,商品11,2,594,1188
102368,2025-03-09,店舗1,商品11,1,594,594
102391,2025-03-09,店舗1,商品12,11,194,2134
102397,2025-03-09,店舗1,商品12,7,194,1358
103082,2025-03-09,店舗1,商品12,5,194,970
103082,2025-03-09,店舗1,商品12,6,194,1164
103115,2025-03-09,店舗1,商品12,5,194,970
103182,2025-03-09,店舗1,商品12,4,194,776
103182,2025-03-09,店舗1,商品12,6,194,1164
103182,2025-03-09,店舗1,商品12,5,194,970
103402,2025-03-09,店舗1,商品12,5,194,970
103939,2025-03-09,店舗1,商品12,4,194,776
104337,2025-03-09,店舗1,商品12,6,194,1164
104448,2025-03-09,店舗1,商品12,4,194,776
104448,2025-03-09,店舗1,商品12,8,194,1552
104567,2025-03-09,店舗1,商品01,3,172,516
105019,2025-03-09,店舗1,商品12,4,194,776
105676,2025-03-09,店舗1,商品12,3,194,582
105742,2025-03-09,店舗1,商品12,2,194,388
104871,2025-03-09,店舗2,商品04,1,194,194
105005,2025-03-09,店舗2,商品09,1,172,172
105005,2025-03-09,店舗2,商品09,2,172,344
105188,2025-03-09,店舗2,商品06,1,194,194
105541,2025-03-09,店舗2,商品08,2,194,388
100532,2025-03-10,店舗1,商品12,4,194,776
104075,2025-03-10,店舗1,商品12,4,194,776
104508,2025-03-10,店舗1,商品12,3,194,582
104595,2025-03-10,店舗1,商品12,4,194,776
104921,2025-03-10,店舗1,商品12,7,194,1358
105339,2025-03-10,店舗1,商品12,8,194,1552
105598,2025-03-10,店舗1,商品10,5,194,970
100020,2025-03-10,店舗2,商品09,1,172,172
100239,2025-03-10,店舗2,商品09,2,172,344
100239,2025-03-10,店舗2,商品09,2,172,344
100836,2025-03-10,店舗2,商品07,2,172,344
101083,2025-03-10,店舗2,商品09,2,172,344
101386,2025-03-10,店舗2,商品09,2,172,344
101803,2025-03-10,店舗2,商品04,1,194,194
101803,2025-03-10,店舗2,商品08,2,194,388
102029,2025-03-10,店舗2,商品07,3,172,516
103082,2025-03-10,店舗2,商品01,1,172,172
103082,2025-03-10,店舗2,商品04,1,194,194
103082,2025-03-10,店舗2,商品08,3,194,582
103312,2025-03-10,店舗2,商品05,3,194,582
103463,2025-03-10,店舗2,商品09,3,172,516
103463,2025-03-10,店舗2,商品09,2,172,344
103463,2025-03-10,店舗2,商品09,2,172,344
103463,2025-03-10,店舗2,商品09,2,172,344
103647,2025-03-10,店舗2,商品04,2,194,388
103754,2025-03-10,店舗2,商品06,3,194,582
104623,2025-03-10,店舗2,商品04,3,194,582
101121,2025-03-11,店舗1,商品12,3,194,582
102122,2025-03-11,店舗1,商品12,3,194,582
102143,2025-03-11,店舗1,商品12,4,194,776
102521,2025-03-11,店舗1,商品12,3,194,582
103374,2025-03-11,店舗1,商品12,4,194,776
103704,2025-03-11,店舗1,商品12,4,194,776
103704,2025-03-11,店舗1,商品12,4,194,776
103704,2025-03-11,店舗1,商品12,4,194,776
104942,2025-03-11,店舗1,商品12,7,194,1358
100303,2025-03-11,店舗2,商品05,1,194,194
100353,2025-03-11,店舗2,商品04,3,194,582
100468,2025-03-11,店舗2,商品07,2,172,344
100501,2025-03-11,店舗2,商品07,2,172,344
100891,2025-03-11,店舗2,商品05,4,194,776
101136,2025-03-11,店舗2,商品09,1,172,172
101136,2025-03-11,店舗2,商品09,1,172,172
101136,2025-03-11,店舗2,商品09,2,172,344
101136,2025-03-11,店舗2,商品09,2,172,344
101263,2025-03-11,店舗2,商品05,3,194,582
101263,2025-03-11,店舗2,商品05,3,194,582
101770,2025-03-11,店舗2,商品07,1,172,172
101770,2025-03-11,店舗2,商品07,3,172,516
101892,2025-03-11,店舗2,商品09,3,172,516
101892,2025-03-11,店舗2,商品09,3,172,516
102825,2025-03-11,店舗2,商品04,3,194,582
103462,2025-03-11,店舗2,商品04,2,194,388
103687,2025-03-11,店舗2,商品07,1,172,172
103800,2025-03-11,店舗2,商品01,1,172,172
101363,2025-03-12,店舗1,商品12,3,194,582
102393,2025-03-12,店舗1,商品12,5,194,970
102800,2025-03-12,店舗1,商品12,4,194,776
102800,2025-03-12,店舗1,商品12,5,194,970
103084,2025-03-12,店舗1,商品12,4,194,776
103084,2025-03-12,店舗1,商品12,2,194,388
103084,2025-03-12,店舗1,商品12,3,194,582
103933,2025-03-12,店舗1,商品12,2,194,388
104948,2025-03-12,店舗1,商品12,3,194,582
104948,2025-03-12,店舗1,商品12,3,194,582
104976,2025-03-12,店舗1,商品12,5,194,970
105484,2025-03-12,店舗1,商品12,2,194,388
100312,2025-03-12,店舗2,商品08,2,194,388
100464,2025-03-12,店舗2,商品09,3,172,516
100464,2025-03-12,店舗2,商品09,4,172,688
101449,2025-03-12,店舗2,商品08,2,194,388
101490,2025-03-12,店舗2,商品09,3,172,516
102665,2025-03-12,店舗2,商品07,3,172,516
102899,2025-03-12,店舗2,商品05,2,194,388
102899,2025-03-12,店舗2,商品08,2,194,388
102918,2025-03-12,店舗2,商品05,4,194,776
103176,2025-03-12,店舗2,商品08,3,194,582
103453,2025-03-12,店舗2,商品08,2,194,388
104204,2025-03-12,店舗2,商品09,4,172,688
104249,2025-03-12,店舗2,商品04,3,194,582
104296,2025-03-12,店舗2,商品03,1,421,421
104296,2025-03-12,店舗2,商品03,1,421,421
105154,2025-03-12,店舗2,商品07,4,172,688
105350,2025-03-12,店舗2,商品04,2,194,388
100130,2025-03-13,店舗1,商品12,4,194,776
100766,2025-03-13,店舗1,商品12,4,194,776
100766,2025-03-13,店舗1,商品12,5,194,970
100985,2025-03-13,店舗1,商品01,5,172,860
101731,2025-03-13,店舗1,商品12,5,194,970
103559,2025-03-13,店舗1,商品12,4,194,776
103819,2025-03-13,店舗1,商品12,6,194,1164
105269,2025-03-13,店舗1,商品06,5,194,970
101029,2025-03-13,店舗2,商品08,3,194,582
101167,2025-03-13,店舗2,商品09,2,172,344
101403,2025-03-13,店舗2,商品01,3,172,516
101713,2025-03-13,店舗2,商品08,2,194,388
101713,2025-03-13,店舗2,商品08,2,194,388
102279,2025-03-13,店舗2,商品01,2,172,344
102865,2025-03-13,店舗2,商品07,2,172,344
103337,2025-03-13,店舗2,商品09,2,172,344
103458,2025-03-13,店舗2,商品08,2,194,388
103820,2025-03-13,店舗2,商品09,3,172,516
103820,2025-03-13,店舗2,商品09,2,172,344
104464,2025-03-13,店舗2,商品03,1,421,421
104464,2025-03-13,店舗2,商品07,1,172,172
104464,2025-03-13,店舗2,商品07,2,172,344
104464,2025-03-13,店舗2,商品07,2,172,344
104464,2025-03-13,店舗2,商品07,3,172,516
104464,2025-03-13,店舗2,商品07,3,172,516
104468,2025-03-13,店舗2,商品09,2,172,344
104644,2025-03-13,店舗2,商品09,3,172,516
105745,2025-03-13,店舗2,商品09,2,172,344
100355,2025-03-14,店舗1,商品12,5,194,970
101848,2025-03-14,店舗1,商品12,3,194,582
102446,2025-03-14,店舗1,商品12,4,194,776
102952,2025-03-14,店舗1,商品12,3,194,582
103559,2025-03-14,店舗1,商品12,7,194,1358
103559,2025-03-14,店舗1,商品12,5,194,970
103559,2025-03-14,店舗1,商品12,3,194,582
103647,2025-03-14,店舗1,商品12,6,194,1164
103933,2025-03-14,店舗1,商品12,4,194,776
104640,2025-03-14,店舗1,商品12,4,194,776
104640,2025-03-14,店舗1,商品12,5,194,970
104640,2025-03-14,店舗1,商品12,6,194,1164
104967,2025-03-14,店舗1,商品12,4,194,776
100501,2025-03-14,店舗2,商品08,2,194,388
100949,2025-03-14,店舗2,商品09,2,172,344
101633,2025-03-14,店舗2,商品01,7,172,1204
101633,2025-03-14,店舗2,商品01,2,172,344
101687,2025-03-14,店舗2,商品08,1,194,194
102306,2025-03-14,店舗2,商品08,3,194,582
103421,2025-03-14,店舗2,商品09,2,172,344
103443,2025-03-14,店舗2,商品04,1,194,194
103443,2025-03-14,店舗2,商品04,2,194,388
103443,2025-03-14,店舗2,商品04,2,194,388
103564,2025-03-14,店舗2,商品07,4,172,688
103690,2025-03-14,店舗2,商品09,2,172,344
103815,2025-03-14,店舗2,商品09,4,172,688
104066,2025-03-14,店舗2,商品04,2,194,388
104450,2025-03-14,店舗2,商品05,2,194,388
104450,2025-03-14,店舗2,商品06,1,194,194
104450,2025-03-14,店舗2,商品07,2,172,344
105556,2025-03-14,店舗2,商品07,3,172,516
105559,2025-03-14,店舗2,商品08,3,194,582
105839,2025-03-14,店舗2,商品07,3,172,516
100138,2025-03-15,店舗1,商品12,6,194,1164
100985,2025-03-15,店舗1,商品12,7,194,1358
100988,2025-03-15,店舗1,商品12,7,194,1358
101276,2025-03-15,店舗1,商品12,5,194,970
101306,2025-03-15,店舗1,商品12,6,194,1164
101380,2025-03-15,店舗1,商品07,9,172,1548
101380,2025-03-15,店舗1,商品07,4,172,688
101380,2025-03-15,店舗1,商品07,6,172,1032
101380,2025-03-15,店舗1,商品11,3,594,1782
101618,2025-03-15,店舗1,商品12,6,194,1164
101829,2025-03-15,店舗1,商品12,4,194,776
102468,2025-03-15,店舗1,商品12,6,194,1164
102510,2025-03-15,店舗1,商品12,5,194,970
102899,2025-03-15,店舗1,商品04,4,194,776
103025,2025-03-15,店舗1,商品12,6,194,1164
103121,2025-03-15,店舗1,商品09,6,172,1032
103121,2025-03-15,店舗1,商品10,4,194,776
103378,2025-03-15,店舗1,商品12,9,194,1746
104068,2025-03-15,店舗1,商品12,9,194,1746
104410,2025-03-15,店舗1,商品12,5,194,970
104508,2025-03-15,店舗1,商品12,7,194,1358
104598,2025-03-15,店舗1,商品12,4,194,776
104598,2025-03-15,店舗1,商品12,6,194,1164
104704,2025-03-15,店舗1,商品12,5,194,970
105038,2025-03-15,店舗1,商品12,10,194,1940
105040,2025-03-15,店舗1,商品12,5,194,970
105040,2025-03-15,店舗1,商品12,6,194,1164
105260,2025-03-15,店舗1,商品12,4,194,776
100904,2025-03-15,店舗2,商品09,1,172,172
102754,2025-03-15,店舗2,商品06,1,194,194
102754,2025-03-15,店舗2,商品06,1,194,194
102754,2025-03-15,店舗2,商品06,2,194,388
102931,2025-03-15,店舗2,商品07,2,172,344
103670,2025-03-15,店舗2,商品09,2,172,344
105423,2025-03-15,店舗2,商品04,1,194,194
105423,2025-03-15,店舗2,商品04,1,194,194
100098,2025-03-16,店舗1,商品12,5,194,970
100327,2025-03-16,店舗1,商品12,5,194,970
100600,2025-03-16,店舗1,商品12,6,194,1164
100973,2025-03-16,店舗1,商品12,4,194,776
101481,2025-03-16,店舗1,商品12,6,194,1164
101536,2025-03-16,店舗1,商品06,5,194,970
101850,2025-03-16,店舗1,商品12,7,194,1358
101942,2025-03-16,店舗1,商品12,4,194,776
101942,2025-03-16,店舗1,商品12,6,194,1164
102377,2025-03-16,店舗1,商品04,2,194,388
102862,2025-03-16,店舗1,商品12,6,194,1164
103082,2025-03-16,店舗1,商品12,6,194,1164
103587,2025-03-16,店舗1,商品12,4,194,776
103671,2025-03-16,店舗1,商品12,6,194,1164
103671,2025-03-16,店舗1,商品12,9,194,1746
103815,2025-03-16,店舗1,商品12,6,194,1164
103815,2025-03-16,店舗1,商品12,6,194,1164
103987,2025-03-16,店舗1,商品12,8,194,1552
104068,2025-03-16,店舗1,商品12,8,194,1552
104068,2025-03-16,店舗1,商品12,7,194,1358
104100,2025-03-16,店舗1,商品12,4,194,776
104387,2025-03-16,店舗1,商品12,8,194,1552
104387,2025-03-16,店舗1,商品12,5,194,970
105164,2025-03-16,店舗1,商品12,6,194,1164
105357,2025-03-16,店舗1,商品12,8,194,1552
105592,2025-03-16,店舗1,商品12,8,194,1552
102831,2025-03-16,店舗2,商品07,1,172,172
103226,2025-03-16,店舗2,商品09,1,172,172
103226,2025-03-16,店舗2,商品09,1,172,172
105514,2025-03-16,店舗2,商品07,1,172,172
105514,2025-03-16,店舗2,商品07,1,172,172
105514,2025-03-16,店舗2,商品07,1,172,172
105514,2025-03-16,店舗2,商品07,1,172,172
105514,2025-03-16,店舗2,商品07,1,172,172
105557,2025-03-16,店舗2,商品09,1,172,172
101573,2025-03-17,店舗1,商品12,3,194,582
103262,2025-03-17,店舗1,商品12,7,194,1358
103657,2025-03-17,店舗1,商品12,5,194,970
103722,2025-03-17,店舗1,商品12,5,194,970
103788,2025-03-17,店舗1,商品12,3,194,582
104092,2025-03-17,店舗1,商品12,6,194,1164
104833,2025-03-17,店舗1,商品12,6,194,1164
100464,2025-03-17,店舗2,商品09,3,172,516
100826,2025-03-17,店舗2,商品08,2,194,388
101050,2025-03-17,店舗2,商品07,3,172,516
101517,2025-03-17,店舗2,商品06,2,194,388
101666,2025-03-17,店舗2,商品01,4,172,688
101892,2025-03-17,店舗2,商品01,3,172,516
102389,2025-03-17,店舗2,商品07,3,172,516
102665,2025-03-17,店舗2,商品01,2,172,344
102715,2025-03-17,店舗2,商品04,4,194,776
103516,2025-03-17,店舗2,商品09,3,172,516
104571,2025-03-17,店舗2,商品08,5,194,970
104598,2025-03-17,店舗2,商品08,2,194,388
105611,2025-03-17,店舗2,商品09,4,172,688
105611,2025-03-17,店舗2,商品09,3,172,516
100550,2025-03-18,店舗1,商品12,4,194,776
101175,2025-03-18,店舗1,商品12,3,194,582
101175,2025-03-18,店舗1,商品12,3,194,582
102521,2025-03-18,店舗1,商品12,4,194,776
102521,2025-03-18,店舗1,商品12,3,194,582
104097,2025-03-18,店舗1,商品12,3,194,582
104561,2025-03-18,店舗1,商品04,4,194,776
104561,2025-03-18,店舗1,商品04,4,194,776
104738,2025-03-18,店舗1,商品12,2,194,388
104738,2025-03-18,店舗1,商品12,3,194,582
105863,2025-03-18,店舗1,商品12,3,194,582
100303,2025-03-18,店舗2,商品09,1,172,172
100303,2025-03-18,店舗2,商品09,2,172,344
100426,2025-03-18,店舗2,商品01,2,172,344
100532,2025-03-18,店舗2,商品07,3,172,516
100878,2025-03-18,店舗2,商品04,3,194,582
100878,2025-03-18,店舗2,商品04,3,194,582
100878,2025-03-18,店舗2,商品06,2,194,388
101028,2025-03-18,店舗2,商品08,3,194,582
101028,2025-03-18,店舗2,商品08,2,194,388
101500,2025-03-18,店舗2,商品01,2,172,344
102163,2025-03-18,店舗2,商品08,2,194,388
102188,2025-03-18,店舗2,商品04,5,194,970
102390,2025-03-18,店舗2,商品04,2,194,388
102391,2025-03-18,店舗2,商品09,1,172,172
102717,2025-03-18,店舗2,商品09,1,172,172
103980,2025-03-18,店舗2,商品09,4,172,688
105514,2025-03-18,店舗2,商品04,6,194,1164
100415,2025-03-19,店舗1,商品12,4,194,776
100415,2025-03-19,店舗1,商品12,5,194,970
102236,2025-03-19,店舗1,商品12,4,194,776
102703,2025-03-19,店舗1,商品12,4,194,776
103025,2025-03-19,店舗1,商品12,4,194,776
103394,2025-03-19,店舗1,商品12,4,194,776
103669,2025-03-19,店舗1,商品10,5,194,970
103669,2025-03-19,店舗1,商品11,1,594,594
103759,2025-03-19,店舗1,商品12,5,194,970
105868,2025-03-19,店舗1,商品04,6,194,1164
100037,2025-03-19,店舗2,商品04,3,194,582
100231,2025-03-19,店舗2,商品08,3,194,582
100985,2025-03-19,店舗2,商品09,3,172,516
101136,2025-03-19,店舗2,商品07,4,172,688
102112,2025-03-19,店舗2,商品08,2,194,388
102279,2025-03-19,店舗2,商品05,3,194,582
102380,2025-03-19,店舗2,商品09,4,172,688
102936,2025-03-19,店舗2,商品08,4,194,776
103869,2025-03-19,店舗2,商品05,3,194,582
104239,2025-03-19,店舗2,商品06,2,194,388
104239,2025-03-19,店舗2,商品08,2,194,388
105514,2025-03-19,店舗2,商品09,3,172,516
105611,2025-03-19,店舗2,商品07,4,172,688
105838,2025-03-19,店舗2,商品07,4,172,688
100474,2025-03-20,店舗1,商品12,5,194,970
100694,2025-03-20,店舗1,商品12,7,194,1358
100876,2025-03-20,店舗1,商品12,5,194,970
101401,2025-03-20,店舗1,商品12,5,194,970
101401,2025-03-20,店舗1,商品12,9,194,1746
101731,2025-03-20,店舗1,商品12,4,194,776
102397,2025-03-20,店舗1,商品12,5,194,970
102621,2025-03-20,店舗1,商品12,5,194,970
102649,2025-03-20,店舗1,商品12,10,194,1940
102825,2025-03-20,店舗1,商品12,9,194,1746
103246,2025-03-20,店舗1,商品12,7,194,1358
103255,2025-03-20,店舗1,商品12,11,194,2134
103859,2025-03-20,店舗1,商品01,5,172,860
105068,2025-03-20,店舗1,商品12,7,194,1358
105102,2025-03-20,店舗1,商品12,5,194,970
105382,2025-03-20,店舗1,商品12,5,194,970
105407,2025-03-20,店舗1,商品12,4,194,776
105498,2025-03-20,店舗1,商品12,8,194,1552
100564,2025-03-20,店舗2,商品09,2,172,344
100931,2025-03-20,店舗2,商品04,1,194,194
101970,2025-03-20,店舗2,商品10,1,194,194
102417,2025-03-20,店舗2,商品04,2,194,388
102417,2025-03-20,店舗2,商品08,1,194,194
102912,2025-03-20,店舗2,商品08,1,194,194
102912,2025-03-20,店舗2,商品08,2,194,388
102912,2025-03-20,店舗2,商品08,1,194,194
103098,2025-03-20,店舗2,商品01,2,172,344
103098,2025-03-20,店舗2,商品01,1,172,172
104472,2025-03-20,店舗2,商品09,3,172,516
100610,2025-03-21,店舗1,商品12,4,132,528
100610,2025-03-21,店舗1,商品12,7,132,924
100692,2025-03-21,店舗1,商品12,6,132,792
100702,2025-03-21,店舗1,商品12,4,132,528
100711,2025-03-21,店舗1,商品12,8,132,1056
100774,2025-03-21,店舗1,商品12,4,132,528
100867,2025-03-21,店舗1,商品12,5,132,660
102374,2025-03-21,店舗1,商品12,5,132,660
102865,2025-03-21,店舗1,商品12,7,132,924
103266,2025-03-21,店舗1,商品12,4,132,528
105059,2025-03-21,店舗1,商品12,5,132,660
105324,2025-03-21,店舗1,商品12,5,132,660
105431,2025-03-21,店舗1,商品12,5,132,660
105431,2025-03-21,店舗1,商品12,5,132,660
105431,2025-03-21,店舗1,商品12,4,132,528
105841,2025-03-21,店舗1,商品12,7,132,924
100227,2025-03-21,店舗2,商品07,6,117,702
100280,2025-03-21,店舗2,商品09,6,117,702
100726,2025-03-21,店舗2,商品09,3,117,351
101110,2025-03-21,店舗2,商品07,2,117,234
101229,2025-03-21,店舗2,商品09,2,117,234
101625,2025-03-21,店舗2,商品04,2,132,264
101959,2025-03-21,店舗2,商品08,3,132,396
102208,2025-03-21,店舗2,商品08,5,132,660
102226,2025-03-21,店舗2,商品08,4,132,528
102717,2025-03-21,店舗2,商品08,6,132,792
102717,2025-03-21,店舗2,商品08,2,132,264
102717,2025-03-21,店舗2,商品08,3,132,396
103053,2025-03-21,店舗2,商品07,4,117,468
103077,2025-03-21,店舗2,商品07,4,117,468
103600,2025-03-21,店舗2,商品07,3,117,351
104018,2025-03-21,店舗2,商品06,3,132,396
104291,2025-03-21,店舗2,商品02,1,297,297
104389,2025-03-21,店舗2,商品06,2,132,264
104389,2025-03-21,店舗2,商品07,4,117,468
104730,2025-03-21,店舗2,商品07,2,117,234
105185,2025-03-21,店舗2,商品09,3,117,351
105206,2025-03-21,店舗2,商品01,2,117,234
100400,2025-03-22,店舗1,商品12,7,132,924
100587,2025-03-22,店舗1,商品12,6,132,792
101128,2025-03-22,店舗1,商品12,7,132,924
101147,2025-03-22,店舗1,商品11,3,594,1782
101271,2025-03-22,店舗1,商品12,14,132,1848
101408,2025-03-22,店舗1,商品12,3,132,396
101940,2025-03-22,店舗1,商品12,4,132,528
102485,2025-03-22,店舗1,商品12,4,132,528
102521,2025-03-22,店舗1,商品12,7,132,924
102552,2025-03-22,店舗1,商品12,7,132,924
102818,2025-03-22,店舗1,商品12,10,132,1320
102820,2025-03-22,店舗1,商品12,6,132,792
102947,2025-03-22,店舗1,商品11,2,594,1188
102976,2025-03-22,店舗1,商品12,8,132,1056
102999,2025-03-22,店舗1,商品12,9,132,1188
103054,2025-03-22,店舗1,商品12,4,132,528
103303,2025-03-22,店舗1,商品12,9,132,1188
103339,2025-03-22,店舗1,商品12,3,132,396
103339,2025-03-22,店舗1,商品12,12,132,1584
103350,2025-03-22,店舗1,商品12,7,132,924
103369,2025-03-22,店舗1,商品10,11,132,1452
103400,2025-03-22,店舗1,商品12,7,132,924
103400,2025-03-22,店舗1,商品12,4,132,528
103524,2025-03-22,店舗1,商品12,3,132,396
103763,2025-03-22,店舗1,商品12,7,132,924
103916,2025-03-22,店舗1,商品12,6,132,792
104068,2025-03-22,店舗1,商品12,12,132,1584
104097,2025-03-22,店舗1,商品12,11,132,1452
104097,2025-03-22,店舗1,商品12,8,132,1056
104097,2025-03-22,店舗1,商品12,8,132,1056
104225,2025-03-22,店舗1,商品12,7,132,924
104225,2025-03-22,店舗1,商品12,8,132,1056
104225,2025-03-22,店舗1,商品12,8,132,1056
104596,2025-03-22,店舗1,商品12,7,132,924
105468,2025-03-22,店舗1,商品12,3,132,396
105755,2025-03-22,店舗1,商品07,8,117,936
100027,2025-03-22,店舗2,商品07,2,117,234
100027,2025-03-22,店舗2,商品07,2,117,234
100170,2025-03-22,店舗2,商品03,1,421,421
101548,2025-03-22,店舗2,商品01,2,117,234
102236,2025-03-22,店舗2,商品08,1,132,132
105264,2025-03-22,店舗2,商品09,2,117,234
105264,2025-03-22,店舗2,商品09,2,117,234
105376,2025-03-22,店舗2,商品01,3,117,351
105679,2025-03-22,店舗2,商品08,2,132,264
100345,2025-03-23,店舗1,商品12,6,132,792
100418,2025-03-23,店舗1,商品12,4,132,528
100570,2025-03-23,店舗1,商品12,6,132,792
100713,2025-03-23,店舗1,商品12,6,132,792
100716,2025-03-23,店舗1,商品12,10,132,1320
100716,2025-03-23,店舗1,商品12,8,132,1056
100944,2025-03-23,店舗1,商品12,5,132,660
100944,2025-03-23,店舗1,商品12,6,132,792
100944,2025-03-23,店舗1,商品12,5,132,660
101403,2025-03-23,店舗1,商品12,10,132,1320
101659,2025-03-23,店舗1,商品12,4,132,528
102291,2025-03-23,店舗1,商品05,9,132,1188
102291,2025-03-23,店舗1,商品12,7,132,924
102485,2025-03-23,店舗1,商品12,3,132,396
102609,2025-03-23,店舗1,商品12,4,132,528
102609,2025-03-23,店舗1,商品12,4,132,528
102806,2025-03-23,店舗1,商品01,7,117,819
102817,2025-03-23,店舗1,商品12,6,132,792
102922,2025-03-23,店舗1,商品12,5,132,660
102952,2025-03-23,店舗1,商品12,10,132,1320
102976,2025-03-23,店舗1,商品12,7,132,924
103049,2025-03-23,店舗1,商品12,6,132,792
103123,2025-03-23,店舗1,商品12,5,132,660
103198,2025-03-23,店舗1,商品12,10,132,1320
103257,2025-03-23,店舗1,商品12,8,132,1056
103808,2025-03-23,店舗1,商品12,5,132,660
104029,2025-03-23,店舗1,商品12,10,132,1320
104097,2025-03-23,店舗1,商品12,4,132,528
104196,2025-03-23,店舗1,商品12,7,132,924
104389,2025-03-23,店舗1,商品10,6,132,792
104389,2025-03-23,店舗1,商品12,7,132,924
104691,2025-03-23,店舗1,商品12,6,132,792
104697,2025-03-23,店舗1,商品12,7,132,924
104697,2025-03-23,店舗1,商品12,6,132,792
104703,2025-03-23,店舗1,商品12,6,132,792
104867,2025-03-23,店舗1,商品12,7,132,924
105216,2025-03-23,店舗1,商品12,7,132,924
105816,2025-03-23,店舗1,商品12,7,132,924
105816,2025-03-23,店舗1,商品12,9,132,1188
102791,2025-03-23,店舗2,商品07,2,117,234
102791,2025-03-23,店舗2,商品07,1,117,117
104075,2025-03-23,店舗2,商品09,2,117,234
104075,2025-03-23,店舗2,商品09,1,117,117
104389,2025-03-23,店舗2,商品08,1,132,132
105005,2025-03-23,店舗2,商品07,1,117,117
105611,2025-03-23,店舗2,商品04,2,132,264
105611,2025-03-23,店舗2,商品09,1,117,117
100585,2025-03-24,店舗1,商品12,5,132,660
101309,2025-03-24,店舗1,商品12,4,132,528
102217,2025-03-24,店舗1,商品12,2,132,264
103304,2025-03-24,店舗1,商品12,5,132,660
103522,2025-03-24,店舗1,商品12,3,132,396
103939,2025-03-24,店舗1,商品10,3,132,396
104948,2025-03-24,店舗1,商品12,5,132,660
105345,2025-03-24,店舗1,商品12,6,132,792
105395,2025-03-24,店舗1,商品12,4,132,528
105395,2025-03-24,店舗1,商品12,5,132,660
105395,2025-03-24,店舗1,商品12,4,132,528
105514,2025-03-24,店舗1,商品12,8,132,1056
100280,2025-03-24,店舗2,商品09,2,117,234
100322,2025-03-24,店舗2,商品04,2,132,264
100322,2025-03-24,店舗2,商品04,3,132,396
100454,2025-03-24,店舗2,商品09,4,117,468
100544,2025-03-24,店舗2,商品07,3,117,351
102223,2025-03-24,店舗2,商品07,2,117,234
102295,2025-03-24,店舗2,商品07,2,117,234
102619,2025-03-24,店舗2,商品09,1,117,117
102737,2025-03-24,店舗2,商品07,3,117,351
102947,2025-03-24,店舗2,商品08,3,132,396
103682,2025-03-24,店舗2,商品09,3,117,351
103682,2025-03-24,店舗2,商品09,1,117,117
103800,2025-03-24,店舗2,商品04,2,132,264
103800,2025-03-24,店舗2,商品04,2,132,264
103800,2025-03-24,店舗2,商品04,4,132,528
103800,2025-03-24,店舗2,商品04,2,132,264
103800,2025-03-24,店舗2,商品04,3,132,396
104285,2025-03-24,店舗2,商品07,1,117,117
104397,2025-03-24,店舗2,商品09,2,117,234
104656,2025-03-24,店舗2,商品07,2,117,234
104746,2025-03-24,店舗2,商品06,2,132,264
104746,2025-03-24,店舗2,商品06,2,132,264
104746,2025-03-24,店舗2,商品06,3,132,396
104746,2025-03-24,店舗2,商品06,4,132,528
100393,2025-03-25,店舗1,商品12,2,132,264
101265,2025-03-25,店舗1,商品12,5,132,660
101520,2025-03-25,店舗1,商品12,6,132,792
101520,2025-03-25,店舗1,商品12,2,132,264
102157,2025-03-25,店舗1,商品10,2,132,264
102157,2025-03-25,店舗1,商品12,4,132,528
102157,2025-03-25,店舗1,商品12,2,132,264
102341,2025-03-25,店舗1,商品06,4,132,528
102718,2025-03-25,店舗1,商品12,3,132,396
102890,2025-03-25,店舗1,商品12,6,132,792
102958,2025-03-25,店舗1,商品12,4,132,528
104026,2025-03-25,店舗1,商品12,4,132,528
104942,2025-03-25,店舗1,商品12,6,132,792
104942,2025-03-25,店舗1,商品12,4,132,528
100722,2025-03-25,店舗2,商品08,4,132,528
100949,2025-03-25,店舗2,商品07,2,117,234
100949,2025-03-25,店舗2,商品07,3,117,351
100949,2025-03-25,店舗2,商品07,2,117,234
100949,2025-03-25,店舗2,商品09,2,117,234
100949,2025-03-25,店舗2,商品09,2,117,234
100949,2025-03-25,店舗2,商品09,2,117,234
101206,2025-03-25,店舗2,商品09,3,117,351
101206,2025-03-25,店舗2,商品09,3,117,351
101210,2025-03-25,店舗2,商品06,4,132,528
101713,2025-03-25,店舗2,商品08,3,132,396
102733,2025-03-25,店舗2,商品07,2,117,234
102845,2025-03-25,店舗2,商品07,4,117,468
103337,2025-03-25,店舗2,商品01,3,117,351
103682,2025-03-25,店舗2,商品09,2,117,234
103747,2025-03-25,店舗2,商品07,2,117,234
103799,2025-03-25,店舗2,商品04,2,132,264
103997,2025-03-25,店舗2,商品07,2,117,234
103997,2025-03-25,店舗2,商品07,2,117,234
104087,2025-03-25,店舗2,商品01,3,117,351
104389,2025-03-25,店舗2,商品09,3,117,351
105052,2025-03-25,店舗2,商品08,3,132,396
105204,2025-03-25,店舗2,商品01,2,117,234
105350,2025-03-25,店舗2,商品09,2,117,234
105863,2025-03-25,店舗2,商品09,3,117,351
100867,2025-03-26,店舗1,商品12,3,132,396
100996,2025-03-26,店舗1,商品12,9,132,1188
102086,2025-03-26,店舗1,商品12,5,132,660
102724,2025-03-26,店舗1,商品12,3,132,396
103025,2025-03-26,店舗1,商品12,8,132,1056
103303,2025-03-26,店舗1,商品12,6,132,792
103303,2025-03-26,店舗1,商品12,3,132,396
103316,2025-03-26,店舗1,商品12,5,132,660
104736,2025-03-26,店舗1,商品12,4,132,528
104867,2025-03-26,店舗1,商品12,4,132,528
105468,2025-03-26,店舗1,商品12,6,132,792
105598,2025-03-26,店舗1,商品10,5,132,660
100165,2025-03-26,店舗2,商品05,2,132,264
100165,2025-03-26,店舗2,商品06,1,132,132
100419,2025-03-26,店舗2,商品06,2,132,264
100419,2025-03-26,店舗2,商品06,3,132,396
101301,2025-03-26,店舗2,商品09,4,117,468
101361,2025-03-26,店舗2,商品09,3,117,351
101365,2025-03-26,店舗2,商品09,2,117,234
101427,2025-03-26,店舗2,商品08,4,132,528
101427,2025-03-26,店舗2,商品08,2,132,264
101805,2025-03-26,店舗2,商品06,4,132,528
101883,2025-03-26,店舗2,商品08,3,132,396
102791,2025-03-26,店舗2,商品07,2,117,234
102791,2025-03-26,店舗2,商品07,3,117,351
102820,2025-03-26,店舗2,商品09,5,117,585
103394,2025-03-26,店舗2,商品09,3,117,351
103394,2025-03-26,店舗2,商品09,2,117,234
104202,2025-03-26,店舗2,商品05,4,132,528
104339,2025-03-26,店舗2,商品09,4,117,468
104450,2025-03-26,店舗2,商品01,1,117,117
104886,2025-03-26,店舗2,商品09,4,117,468
105372,2025-03-26,店舗2,商品04,3,132,396
105476,2025-03-26,店舗2,商品07,1,117,117
100362,2025-03-27,店舗1,商品12,6,132,792
100831,2025-03-27,店舗1,商品12,4,132,528
100981,2025-03-27,店舗1,商品12,6,132,792
101135,2025-03-27,店舗1,商品12,6,132,792
104200,2025-03-27,店舗1,商品12,5,132,660
104325,2025-03-27,店舗1,商品12,6,132,792
104378,2025-03-27,店舗1,商品12,7,132,924
105137,2025-03-27,店舗1,商品12,7,132,924
105436,2025-03-27,店舗1,商品12,7,132,924
105570,2025-03-27,店舗1,商品12,6,132,792
105820,2025-03-27,店舗1,商品12,5,132,660
100006,2025-03-27,店舗2,商品07,3,117,351
100054,2025-03-27,店舗2,商品09,2,117,234
100106,2025-03-27,店舗2,商品01,4,117,468
101136,2025-03-27,店舗2,商品07,2,117,234
101225,2025-03-27,店舗2,商品09,3,117,351
101427,2025-03-27,店舗2,商品07,3,117,351
101427,2025-03-27,店舗2,商品07,4,117,468
103168,2025-03-27,店舗2,商品09,4,117,468
103168,2025-03-27,店舗2,商品09,3,117,351
103304,2025-03-27,店舗2,商品04,3,132,396
103980,2025-03-27,店舗2,商品07,2,117,234
103980,2025-03-27,店舗2,商品07,3,117,351
104120,2025-03-27,店舗2,商品09,3,117,351
104356,2025-03-27,店舗2,商品08,2,132,264
104578,2025-03-27,店舗2,商品07,2,117,234
104802,2025-03-27,店舗2,商品07,5,117,585
105325,2025-03-27,店舗2,商品04,4,132,528
105676,2025-03-27,店舗2,商品07,4,117,468
105742,2025-03-27,店舗2,商品09,3,117,351
105755,2025-03-27,店舗2,商品09,3,117,351
100177,2025-03-28,店舗1,商品12,5,194,970
101111,2025-03-28,店舗1,商品12,3,194,582
101183,2025-03-28,店舗1,商品12,4,194,776
102513,2025-03-28,店舗1,商品12,5,194,970
102530,2025-03-28,店舗1,商品12,5,194,970
102711,2025-03-28,店舗1,商品12,4,194,776
102922,2025-03-28,店舗1,商品12,4,194,776
102922,2025-03-28,店舗1,商品12,5,194,970
103120,2025-03-28,店舗1,商品06,4,194,776
103120,2025-03-28,店舗1,商品09,7,172,1204
105264,2025-03-28,店舗1,商品12,5,194,970
105663,2025-03-28,店舗1,商品12,4,194,776
100454,2025-03-28,店舗2,商品07,3,172,516
100474,2025-03-28,店舗2,商品06,5,194,970
101094,2025-03-28,店舗2,商品08,2,194,388
101211,2025-03-28,店舗2,商品08,4,194,776
101427,2025-03-28,店舗2,商品04,2,194,388
101501,2025-03-28,店舗2,商品07,4,172,688
101818,2025-03-28,店舗2,商品09,5,172,860
101999,2025-03-28,店舗2,商品09,2,172,344
102166,2025-03-28,店舗2,商品08,3,194,582
102315,2025-03-28,店舗2,商品07,3,172,516
102751,2025-03-28,店舗2,商品07,2,172,344
103132,2025-03-28,店舗2,商品08,3,194,582
103132,2025-03-28,店舗2,商品08,1,194,194
103132,2025-03-28,店舗2,商品09,2,172,344
103921,2025-03-28,店舗2,商品04,4,194,776
104464,2025-03-28,店舗2,商品07,4,172,688
100510,2025-03-29,店舗1,商品12,8,194,1552
100683,2025-03-29,店舗1,商品12,8,194,1552
100685,2025-03-29,店舗1,商品12,7,194,1358
100728,2025-03-29,店舗1,商品12,6,194,1164
101742,2025-03-29,店舗1,商品12,7,194,1358
101755,2025-03-29,店舗1,商品12,5,194,970
101781,2025-03-29,店舗1,商品12,5,194,970
101781,2025-03-29,店舗1,商品12,3,194,582
102561,2025-03-29,店舗1,商品12,3,194,582
102711,2025-03-29,店舗1,商品12,5,194,970
102711,2025-03-29,店舗1,商品12,11,194,2134
102754,2025-03-29,店舗1,商品01,7,172,1204
102806,2025-03-29,店舗1,商品01,6,172,1032
103098,2025-03-29,店舗1,商品12,8,194,1552
103256,2025-03-29,店舗1,商品12,5,194,970
103394,2025-03-29,店舗1,商品12,6,194,1164
103600,2025-03-29,店舗1,商品12,9,194,1746
103993,2025-03-29,店舗1,商品12,5,194,970
104445,2025-03-29,店舗1,商品12,6,194,1164
104963,2025-03-29,店舗1,商品12,5,194,970
105068,2025-03-29,店舗1,商品12,8,194,1552
105641,2025-03-29,店舗1,商品10,5,194,970
105641,2025-03-29,店舗1,商品12,7,194,1358
105740,2025-03-29,店舗1,商品12,6,194,1164
105740,2025-03-29,店舗1,商品12,7,194,1358
101719,2025-03-29,店舗2,商品09,2,172,344
104492,2025-03-29,店舗2,商品09,2,172,344
104531,2025-03-29,店舗2,商品04,3,194,582
104768,2025-03-29,店舗2,商品09,2,172,344
105556,2025-03-29,店舗2,商品07,3,172,516
100876,2025-03-30,店舗1,商品12,7,194,1358
101008,2025-03-30,店舗1,商品12,7,194,1358
101559,2025-03-30,店舗1,商品12,5,194,970
101582,2025-03-30,店舗1,商品12,17,194,3298
102437,2025-03-30,店舗1,商品12,8,194,1552
103262,2025-03-30,店舗1,商品12,9,194,1746
103303,2025-03-30,店舗1,商品12,7,194,1358
103436,2025-03-30,店舗1,商品12,6,194,1164
103626,2025-03-30,店舗1,商品12,4,194,776
103754,2025-03-30,店舗1,商品12,10,194,1940
103934,2025-03-30,店舗1,商品12,5,194,970
104258,2025-03-30,店舗1,商品11,1,594,594
104303,2025-03-30,店舗1,商品12,9,194,1746
104560,2025-03-30,店舗1,商品12,10,194,1940
104574,2025-03-30,店舗1,商品12,8,194,1552
104867,2025-03-30,店舗1,商品10,4,194,776
105326,2025-03-30,店舗1,商品12,9,194,1746
105376,2025-03-30,店舗1,商品12,3,194,582
105706,2025-03-30,店舗1,商品12,3,194,582
105953,2025-03-30,店舗1,商品12,15,194,2910
100937,2025-03-30,店舗2,商品09,2,172,344
102485,2025-03-30,店舗2,商品04,1,194,194
104623,2025-03-30,店舗2,商品04,2,194,388
105144,2025-03-30,店舗2,商品09,2,172,344
100978,2025-03-31,店舗1,商品12,4,194,776
101312,2025-03-31,店舗1,商品12,2,194,388
101312,2025-03-31,店舗1,商品12,4,194,776
102331,2025-03-31,店舗1,商品12,4,194,776
102530,2025-03-31,店舗1,商品12,5,194,970
104031,2025-03-31,店舗1,商品12,4,194,776
104686,2025-03-31,店舗1,商品12,5,194,970
104921,2025-03-31,店舗1,商品12,5,194,970
101430,2025-03-31,店舗2,商品04,3,194,582
101634,2025-03-31,店舗2,商品08,3,194,582
101798,2025-03-31,店舗2,商品07,2,172,344
101943,2025-03-31,店舗2,商品07,3,172,516
102131,2025-03-31,店舗2,商品09,5,172,860
103567,2025-03-31,店舗2,商品04,4,194,776
103754,2025-03-31,店舗2,商品07,4,172,688
104678,2025-03-31,店舗2,商品09,3,172,516
105236,2025-03-31,店舗2,商品09,3,172,516
105244,2025-03-31,店舗2,商品07,3,172,516
105275,2025-03-31,店舗2,商品09,3,172,516
105742,2025-03-31,店舗2,商品08,3,194,582
100049,2025-04-01,店舗1,商品12,4,206,824
100067,2025-04-01,店舗1,商品12,5,206,1030
101482,2025-04-01,店舗1,商品12,4,206,824
103214,2025-04-01,店舗1,商品12,4,206,824
103214,2025-04-01,店舗1,商品12,3,206,618
103214,2025-04-01,店舗1,商品12,4,206,824
103250,2025-04-01,店舗1,商品07,4,182,728
103816,2025-04-01,店舗1,商品12,3,206,618
104523,2025-04-01,店舗1,商品12,4,206,824
100360,2025-04-01,店舗2,商品08,2,206,412
100415,2025-04-01,店舗2,商品07,2,182,364
101008,2025-04-01,店舗2,商品05,2,206,412
101028,2025-04-01,店舗2,商品04,3,206,618
101212,2025-04-01,店舗2,商品09,3,182,546
101899,2025-04-01,店舗2,商品08,3,206,618
102508,2025-04-01,店舗2,商品07,3,182,546
102508,2025-04-01,店舗2,商品07,3,182,546
103084,2025-04-01,店舗2,商品06,3,206,618
103084,2025-04-01,店舗2,商品06,4,206,824
103112,2025-04-01,店舗2,商品09,3,182,546
103494,2025-04-01,店舗2,商品04,2,206,412
103556,2025-04-01,店舗2,商品08,2,206,412
103565,2025-04-01,店舗2,商品07,3,182,546
105854,2025-04-01,店舗2,商品09,3,182,546
105896,2025-04-01,店舗2,商品05,4,206,824
101157,2025-04-02,店舗1,商品12,5,206,1030
101455,2025-04-02,店舗1,商品12,3,206,618
101480,2025-04-02,店舗1,商品12,9,206,1854
103720,2025-04-02,店舗1,商品12,3,206,618
104266,2025-04-02,店舗1,商品07,1,182,182
104266,2025-04-02,店舗1,商品07,6,182,1092
104573,2025-04-02,店舗1,商品12,5,206,1030
105729,2025-04-02,店舗1,商品03,1,446,446
105729,2025-04-02,店舗1,商品03,1,446,446
105942,2025-04-02,店舗1,商品12,6,206,1236
100028,2025-04-02,店舗2,商品08,2,206,412
100028,2025-04-02,店舗2,商品08,2,206,412
100510,2025-04-02,店舗2,商品07,2,182,364
100640,2025-04-02,店舗2,商品04,2,206,412
100640,2025-04-02,店舗2,商品07,2,182,364
100640,2025-04-02,店舗2,商品08,4,206,824
101820,2025-04-02,店舗2,商品08,4,206,824
102917,2025-04-02,店舗2,商品04,3,206,618
102917,2025-04-02,店舗2,商品04,2,206,412
103122,2025-04-02,店舗2,商品04,2,206,412
104494,2025-04-02,店舗2,商品04,1,206,206
104879,2025-04-02,店舗2,商品09,2,182,364
104879,2025-04-02,店舗2,商品09,3,182,546
105071,2025-04-02,店舗2,商品07,2,182,364
105367,2025-04-02,店舗2,商品08,3,206,618
105497,2025-04-02,店舗2,商品09,2,182,364
105644,2025-04-02,店舗2,商品07,2,182,364
105650,2025-04-02,店舗2,商品01,4,182,728
100369,2025-04-03,店舗1,商品12,5,206,1030
101633,2025-04-03,店舗1,商品11,1,630,630
101633,2025-04-03,店舗1,商品11,2,630,1260
101633,2025-04-03,店舗1,商品11,1,630,630
101633,2025-04-03,店舗1,商品11,1,630,630
101633,2025-04-03,店舗1,商品11,1,630,630
103361,2025-04-03,店舗1,商品12,6,206,1236
103850,2025-04-03,店舗1,商品12,5,206,1030
104042,2025-04-03,店舗1,商品12,8,206,1648
105307,2025-04-03,店舗1,商品12,4,206,824
105755,2025-04-03,店舗1,商品12,4,206,824
100198,2025-04-03,店舗2,商品08,2,206,412
101206,2025-04-03,店舗2,商品04,1,206,206
101264,2025-04-03,店舗2,商品08,1,206,206
101890,2025-04-03,店舗2,商品07,3,182,546
102168,2025-04-03,店舗2,商品08,6,206,1236
102279,2025-04-03,店舗2,商品05,2,206,412
102485,2025-04-03,店舗2,商品06,2,206,412
102485,2025-04-03,店舗2,商品07,2,182,364
102485,2025-04-03,店舗2,商品08,2,206,412
102663,2025-04-03,店舗2,商品09,2,182,364
102881,2025-04-03,店舗2,商品09,6,182,1092
103484,2025-04-03,店舗2,商品06,3,206,618
103484,2025-04-03,店舗2,商品06,2,206,412
103710,2025-04-03,店舗2,商品07,3,182,546
105514,2025-04-03,店舗2,商品09,3,182,546
100012,2025-04-04,店舗1,商品12,6,206,1236
100587,2025-04-04,店舗1,商品12,2,206,412
100719,2025-04-04,店舗1,商品12,3,206,618
100988,2025-04-04,店舗1,商品12,3,206,618
102606,2025-04-04,店舗1,商品12,2,206,412
104101,2025-04-04,店舗1,商品12,1,206,206
104101,2025-04-04,店舗1,商品12,3,206,618
104101,2025-04-04,店舗1,商品12,2,206,412
104101,2025-04-04,店舗1,商品12,2,206,412
104101,2025-04-04,店舗1,商品12,2,206,412
104101,2025-04-04,店舗1,商品12,6,206,1236
104101,2025-04-04,店舗1,商品12,3,206,618
104101,2025-04-04,店舗1,商品12,3,206,618
104101,2025-04-04,店舗1,商品12,2,206,412
104101,2025-04-04,店舗1,商品12,1,206,206
104101,2025-04-04,店舗1,商品12,1,206,206
104101,2025-04-04,店舗1,商品12,2,206,412
105055,2025-04-04,店舗1,商品12,3,206,618
105376,2025-04-04,店舗1,商品09,2,182,364
105745,2025-04-04,店舗1,商品12,2,206,412
100921,2025-04-04,店舗2,商品09,2,182,364
101403,2025-04-04,店舗2,商品07,2,182,364
101403,2025-04-04,店舗2,商品07,2,182,364
101403,2025-04-04,店舗2,商品07,2,182,364
101427,2025-04-04,店舗2,商品01,2,182,364
101427,2025-04-04,店舗2,商品01,3,182,546
101461,2025-04-04,店舗2,商品07,1,182,182
102279,2025-04-04,店舗2,商品05,2,206,412
102279,2025-04-04,店舗2,商品05,3,206,618
102279,2025-04-04,店舗2,商品05,1,206,206
102279,2025-04-04,店舗2,商品06,1,206,206
102646,2025-04-04,店舗2,商品07,2,182,364
102646,2025-04-04,店舗2,商品07,3,182,546
102646,2025-04-04,店舗2,商品07,2,182,364
103295,2025-04-04,店舗2,商品05,2,206,412
103295,2025-04-04,店舗2,商品05,3,206,618
103295,2025-04-04,店舗2,商品07,2,182,364
103295,2025-04-04,店舗2,商品08,2,206,412
103461,2025-04-04,店舗2,商品09,2,182,364
103913,2025-04-04,店舗2,商品09,2,182,364
104476,2025-04-04,店舗2,商品04,1,206,206
104623,2025-04-04,店舗2,商品04,2,206,412
105274,2025-04-04,店舗2,商品07,2,182,364
105641,2025-04-04,店舗2,商品09,2,182,364
105875,2025-04-04,店舗2,商品04,1,206,206
105970,2025-04-04,店舗2,商品09,1,182,182
100390,2025-04-05,店舗1,商品12,5,206,1030
100575,2025-04-05,店舗1,商品12,6,206,1236
100585,2025-04-05,店舗1,商品12,9,206,1854
101103,2025-04-05,店舗1,商品12,5,206,1030
101375,2025-04-05,店舗1,商品12,7,206,1442
101389,2025-04-05,店舗1,商品12,8,206,1648
101482,2025-04-05,店舗1,商品12,6,206,1236
101904,2025-04-05,店舗1,商品12,7,206,1442
101980,2025-04-05,店舗1,商品05,4,206,824
101980,2025-04-05,店舗1,商品12,6,206,1236
102841,2025-04-05,店舗1,商品12,7,206,1442
102922,2025-04-05,店舗1,商品12,6,206,1236
103033,2025-04-05,店舗1,商品06,16,206,3296
103382,2025-04-05,店舗1,商品10,10,206,2060
103613,2025-04-05,店舗1,商品06,8,206,1648
103698,2025-04-05,店舗1,商品12,12,206,2472
103754,2025-04-05,店舗1,商品11,1,630,630
103945,2025-04-05,店舗1,商品12,5,206,1030
104547,2025-04-05,店舗1,商品12,8,206,1648
105514,2025-04-05,店舗1,商品12,6,206,1236
105598,2025-04-05,店舗1,商品12,8,206,1648
102900,2025-04-05,店舗2,商品04,2,206,412
102900,2025-04-05,店舗2,商品04,2,206,412
102900,2025-04-05,店舗2,商品04,2,206,412
103004,2025-04-05,店舗2,商品01,2,182,364
103316,2025-04-05,店舗2,商品07,1,182,182
103820,2025-04-05,店舗2,商品07,1,182,182
104156,2025-04-05,店舗2,商品09,1,182,182
100508,2025-04-06,店舗1,商品12,7,206,1442
100735,2025-04-06,店舗1,商品12,8,206,1648
101246,2025-04-06,店舗1,商品12,5,206,1030
101386,2025-04-06,店舗1,商品12,10,206,2060
101401,2025-04-06,店舗1,商品12,6,206,1236
101403,2025-04-06,店舗1,商品07,6,182,1092
101403,2025-04-06,店舗1,商品07,10,182,1820
101501,2025-04-06,店舗1,商品12,9,206,1854
101780,2025-04-06,店舗1,商品06,7,206,1442
101850,2025-04-06,店舗1,商品12,5,206,1030
101850,2025-04-06,店舗1,商品12,4,206,824
102123,2025-04-06,店舗1,商品12,5,206,1030
104413,2025-04-06,店舗1,商品12,4,206,824
104429,2025-04-06,店舗1,商品12,12,206,2472
104527,2025-04-06,店舗1,商品12,7,206,1442
104803,2025-04-06,店舗1,商品11,2,630,1260
104829,2025-04-06,店舗1,商品12,5,206,1030
104829,2025-04-06,店舗1,商品12,4,206,824
104992,2025-04-06,店舗1,商品12,3,206,618
105395,2025-04-06,店舗1,商品12,6,206,1236
105409,2025-04-06,店舗1,商品12,9,206,1854
105896,2025-04-06,店舗1,商品09,9,182,1638
102551,2025-04-06,店舗2,商品07,3,182,546
103791,2025-04-06,店舗2,商品07,2,182,364
105010,2025-04-06,店舗2,商品08,2,206,412
102331,2025-04-07,店舗1,商品12,4,206,824
102620,2025-04-07,店舗1,商品12,5,206,1030
102918,2025-04-07,店舗1,商品12,6,206,1236
103295,2025-04-07,店舗1,商品09,4,182,728
103461,2025-04-07,店舗1,商品12,3,206,618
105214,2025-04-07,店舗1,商品10,3,206,618
105214,2025-04-07,店舗1,商品10,4,206,824
105576,2025-04-07,店舗1,商品12,3,206,618
100184,2025-04-07,店舗2,商品10,4,206,824
100780,2025-04-07,店舗2,商品01,5,182,910
101534,2025-04-07,店舗2,商品09,2,182,364
101786,2025-04-07,店舗2,商品01,2,182,364
101970,2025-04-07,店舗2,商品10,3,206,618
102045,2025-04-07,店舗2,商品04,4,206,824
102217,2025-04-07,店舗2,商品09,2,182,364
103025,2025-04-07,店舗2,商品07,4,182,728
104445,2025-04-07,店舗2,商品04,4,206,824
104623,2025-04-07,店舗2,商品04,3,206,618
104867,2025-04-07,店舗2,商品09,3,182,546
104939,2025-04-07,店舗2,商品06,3,206,618
105667,2025-04-07,店舗2,商品01,3,182,546
100859,2025-04-08,店舗1,商品06,4,206,824
100859,2025-04-08,店舗1,商品07,2,182,364
100859,2025-04-08,店舗1,商品07,3,182,546
100859,2025-04-08,店舗1,商品07,3,182,546
100859,2025-04-08,店舗1,商品12,4,206,824
101659,2025-04-08,店舗1,商品12,2,206,412
102918,2025-04-08,店舗1,商品12,5,206,1030
103473,2025-04-08,店舗1,商品12,3,206,618
103587,2025-04-08,店舗1,商品12,3,206,618
104403,2025-04-08,店舗1,商品12,3,206,618
104826,2025-04-08,店舗1,商品12,3,206,618
100845,2025-04-08,店舗2,商品09,1,182,182
100845,2025-04-08,店舗2,商品09,2,182,364
100845,2025-04-08,店舗2,商品09,1,182,182
100845,2025-04-08,店舗2,商品09,2,182,364
100845,2025-04-08,店舗2,商品09,2,182,364
100845,2025-04-08,店舗2,商品09,2,182,364
100845,2025-04-08,店舗2,商品09,1,182,182
101196,2025-04-08,店舗2,商品08,1,206,206
101312,2025-04-08,店舗2,商品07,3,182,546
101312,2025-04-08,店舗2,商品08,3,206,618
102537,2025-04-08,店舗2,商品06,1,206,206
103730,2025-04-08,店舗2,商品01,2,182,364
103730,2025-04-08,店舗2,商品08,2,206,412
104250,2025-04-08,店舗2,商品06,3,206,618
104547,2025-04-08,店舗2,商品08,1,206,206
104992,2025-04-08,店舗2,商品07,2,182,364
104992,2025-04-08,店舗2,商品08,2,206,412
104992,2025-04-08,店舗2,商品09,2,182,364
105209,2025-04-08,店舗2,商品09,1,182,182
105287,2025-04-08,店舗2,商品05,4,206,824
105667,2025-04-08,店舗2,商品09,2,182,364
105745,2025-04-08,店舗2,商品09,2,182,364
100005,2025-04-09,店舗1,商品12,2,206,412
100005,2025-04-09,店舗1,商品12,3,206,618
100487,2025-04-09,店舗1,商品12,3,206,618
102535,2025-04-09,店舗1,商品12,3,206,618
102535,2025-04-09,店舗1,商品12,4,206,824
103120,2025-04-09,店舗1,商品06,4,206,824
104196,2025-04-09,店舗1,商品12,3,206,618
104196,2025-04-09,店舗1,商品12,3,206,618
104748,2025-04-09,店舗1,商品12,3,206,618
104748,2025-04-09,店舗1,商品12,3,206,618
104748,2025-04-09,店舗1,商品12,4,206,824
104942,2025-04-09,店舗1,商品12,2,206,412
105382,2025-04-09,店舗1,商品12,3,206,618
100964,2025-04-09,店舗2,商品08,10,206,2060
101074,2025-04-09,店舗2,商品01,2,182,364
101074,2025-04-09,店舗2,商品01,1,182,182
102303,2025-04-09,店舗2,商品07,2,182,364
102303,2025-04-09,店舗2,商品07,1,182,182
102557,2025-04-09,店舗2,商品07,3,182,546
102684,2025-04-09,店舗2,商品01,3,182,546
102833,2025-04-09,店舗2,商品01,3,182,546
102881,2025-04-09,店舗2,商品09,2,182,364
102979,2025-04-09,店舗2,商品04,4,206,824
103129,2025-04-09,店舗2,商品07,2,182,364
103183,2025-04-09,店舗2,商品07,2,182,364
103183,2025-04-09,店舗2,商品07,2,182,364
105287,2025-04-09,店舗2,商品08,4,206,824
105747,2025-04-09,店舗2,商品07,2,182,364
105755,2025-04-09,店舗2,商品04,2,206,412
100456,2025-04-10,店舗1,商品12,5,206,1030
100456,2025-04-10,店舗1,商品12,3,206,618
100985,2025-04-10,店舗1,商品01,4,182,728
100985,2025-04-10,店舗1,商品01,2,182,364
101036,2025-04-10,店舗1,商品12,3,206,618
101036,2025-04-10,店舗1,商品12,4,206,824
102331,2025-04-10,店舗1,商品12,5,206,1030
102999,2025-04-10,店舗1,商品12,4,206,824
103881,2025-04-10,店舗1,商品12,4,206,824
105745,2025-04-10,店舗1,商品12,4,206,824
100421,2025-04-10,店舗2,商品08,2,206,412
100811,2025-04-10,店舗2,商品09,2,182,364
103484,2025-04-10,店舗2,商品04,3,206,618
103484,2025-04-10,店舗2,商品09,2,182,364
103799,2025-04-10,店舗2,商品04,3,206,618
103799,2025-04-10,店舗2,商品04,1,206,206
103799,2025-04-10,店舗2,商品09,3,182,546
104009,2025-04-10,店舗2,商品06,2,206,412
104068,2025-04-10,店舗2,商品04,2,206,412
104219,2025-04-10,店舗2,商品09,3,182,546
104249,2025-04-10,店舗2,商品04,2,206,412
104389,2025-04-10,店舗2,商品09,3,182,546
104389,2025-04-10,店舗2,商品09,4,182,728
104450,2025-04-10,店舗2,商品10,3,206,618
104999,2025-04-10,店舗2,商品07,2,182,364
105116,2025-04-10,店舗2,商品09,2,182,364
105876,2025-04-10,店舗2,商品04,2,206,412
100415,2025-04-11,店舗1,商品12,3,206,618
100415,2025-04-11,店舗1,商品12,3,206,618
100415,2025-04-11,店舗1,商品12,3,206,618
100415,2025-04-11,店舗1,商品12,4,206,824
100415,2025-04-11,店舗1,商品12,5,206,1030
101276,2025-04-11,店舗1,商品12,3,206,618
101276,2025-04-11,店舗1,商品12,3,206,618
102393,2025-04-11,店舗1,商品12,3,206,618
103230,2025-04-11,店舗1,商品12,3,206,618
103703,2025-04-11,店舗1,商品12,4,206,824
104029,2025-04-11,店舗1,商品12,3,206,618
104339,2025-04-11,店舗1,商品12,5,206,1030
104942,2025-04-11,店舗1,商品12,2,206,412
105514,2025-04-11,店舗1,商品12,4,206,824
105514,2025-04-11,店舗1,商品12,3,206,618
105514,2025-04-11,店舗1,商品12,3,206,618
105514,2025-04-11,店舗1,商品12,3,206,618
100800,2025-04-11,店舗2,商品08,2,206,412
101042,2025-04-11,店舗2,商品06,4,206,824
101042,2025-04-11,店舗2,商品09,2,182,364
101556,2025-04-11,店舗2,商品09,4,182,728
102045,2025-04-11,店舗2,商品07,4,182,728
102045,2025-04-11,店舗2,商品07,2,182,364
102157,2025-04-11,店舗2,商品01,2,182,364
102845,2025-04-11,店舗2,商品07,2,182,364
102865,2025-04-11,店舗2,商品07,3,182,546
102865,2025-04-11,店舗2,商品09,2,182,364
103250,2025-04-11,店舗2,商品09,2,182,364
103511,2025-04-11,店舗2,商品09,2,182,364
103564,2025-04-11,店舗2,商品07,3,182,546
103771,2025-04-11,店舗2,商品08,3,206,618
103771,2025-04-11,店舗2,商品09,3,182,546
104410,2025-04-11,店舗2,商品09,2,182,364
105547,2025-04-11,店舗2,商品09,2,182,364
105882,2025-04-11,店舗2,商品07,2,182,364
100766,2025-04-12,店舗1,商品12,5,206,1030
100891,2025-04-12,店舗1,商品12,6,206,1236
101850,2025-04-12,店舗1,商品12,3,206,618
102131,2025-04-12,店舗1,商品07,10,182,1820
102288,2025-04-12,店舗1,商品12,5,206,1030
102665,2025-04-12,店舗1,商品12,4,206,824
102825,2025-04-12,店舗1,商品12,4,206,824
102845,2025-04-12,店舗1,商品12,6,206,1236
103068,2025-04-12,店舗1,商品06,5,206,1030
103082,2025-04-12,店舗1,商品12,5,206,1030
103082,2025-04-12,店舗1,商品12,5,206,1030
103223,2025-04-12,店舗1,商品12,5,206,1030
103316,2025-04-12,店舗1,商品12,5,206,1030
103552,2025-04-12,店舗1,商品12,10,206,2060
103552,2025-04-12,店舗1,商品12,5,206,1030
103660,2025-04-12,店舗1,商品12,5,206,1030
103754,2025-04-12,店舗1,商品11,1,630,630
104029,2025-04-12,店舗1,商品12,6,206,1236
104029,2025-04-12,店舗1,商品12,8,206,1648
104029,2025-04-12,店舗1,商品12,5,206,1030
104029,2025-04-12,店舗1,商品12,6,206,1236
104403,2025-04-12,店舗1,商品12,4,206,824
104403,2025-04-12,店舗1,商品12,4,206,824
104779,2025-04-12,店舗1,商品12,5,206,1030
105275,2025-04-12,店舗1,商品12,6,206,1236
105468,2025-04-12,店舗1,商品05,7,206,1442
105468,2025-04-12,店舗1,商品05,6,206,1236
105941,2025-04-12,店舗1,商品12,11,206,2266
100243,2025-04-12,店舗2,商品07,2,182,364
100507,2025-04-12,店舗2,商品08,1,206,206
101155,2025-04-12,店舗2,商品07,2,182,364
102711,2025-04-12,店舗2,商品09,3,182,546
104277,2025-04-12,店舗2,商品08,3,206,618
100653,2025-04-13,店舗1,商品12,4,206,824
100653,2025-04-13,店舗1,商品12,4,206,824
100929,2025-04-13,店舗1,商品12,7,206,1442
100929,2025-04-13,店舗1,商品12,6,206,1236
101242,2025-04-13,店舗1,商品07,4,182,728
101403,2025-04-13,店舗1,商品12,4,206,824
101719,2025-04-13,店舗1,商品12,4,206,824
101719,2025-04-13,店舗1,商品12,5,206,1030
102397,2025-04-13,店舗1,商品12,3,206,618
102778,2025-04-13,店舗1,商品12,3,206,618
103077,2025-04-13,店舗1,商品12,7,206,1442
103303,2025-04-13,店舗1,商品12,5,206,1030
103303,2025-04-13,店舗1,商品12,4,206,824
103791,2025-04-13,店舗1,商品12,3,206,618
104032,2025-04-13,店舗1,商品12,2,206,412
104101,2025-04-13,店舗1,商品12,7,206,1442
104101,2025-04-13,店舗1,商品12,5,206,1030
104101,2025-04-13,店舗1,商品12,3,206,618
104101,2025-04-13,店舗1,商品12,4,206,824
104101,2025-04-13,店舗1,商品12,7,206,1442
104101,2025-04-13,店舗1,商品12,3,206,618
104101,2025-04-13,店舗1,商品12,4,206,824
104101,2025-04-13,店舗1,商品12,7,206,1442
104101,2025-04-13,店舗1,商品12,3,206,618
104117,2025-04-13,店舗1,商品12,2,206,412
104976,2025-04-13,店舗1,商品12,5,206,1030
105078,2025-04-13,店舗1,商品12,7,206,1442
105245,2025-04-13,店舗1,商品12,5,206,1030
105422,2025-04-13,店舗1,商品12,16,206,3296
105665,2025-04-13,店舗1,商品12,3,206,618
105859,2025-04-13,店舗1,商品03,1,446,446
100715,2025-04-13,店舗2,商品06,1,206,206
104536,2025-04-13,店舗2,商品09,2,182,364
105677,2025-04-13,店舗2,商品04,2,206,412
105677,2025-04-13,店舗2,商品06,2,206,412
101306,2025-04-14,店舗1,商品12,7,206,1442
102733,2025-04-14,店舗1,商品10,5,206,1030
103936,2025-04-14,店舗1,商品12,6,206,1236
104199,2025-04-14,店舗1,商品12,6,206,1236
104623,2025-04-14,店舗1,商品12,5,206,1030
105231,2025-04-14,店舗1,商品11,1,630,630
105274,2025-04-14,店舗1,商品12,4,206,824
100211,2025-04-14,店舗2,商品09,3,182,546
100211,2025-04-14,店舗2,商品09,2,182,364
100211,2025-04-14,店舗2,商品09,2,182,364
101365,2025-04-14,店舗2,商品09,5,182,910
101885,2025-04-14,店舗2,商品05,2,206,412
102636,2025-04-14,店舗2,商品09,2,182,364
102661,2025-04-14,店舗2,商品08,3,206,618
102684,2025-04-14,店舗2,商品09,5,182,910
103493,2025-04-14,店舗2,商品09,2,182,364
103562,2025-04-14,店舗2,商品08,1,206,206
104285,2025-04-14,店舗2,商品09,2,182,364
104371,2025-04-14,店舗2,商品05,4,206,824
104408,2025-04-14,店舗2,商品06,3,206,618
105740,2025-04-14,店舗2,商品08,3,206,618
101005,2025-04-15,店舗1,商品12,6,206,1236
101921,2025-04-15,店舗1,商品12,4,206,824
102642,2025-04-15,店舗1,商品12,4,206,824
103512,2025-04-15,店舗1,商品12,3,206,618
103805,2025-04-15,店舗1,商品12,2,206,412
105010,2025-04-15,店舗1,商品12,4,206,824
105010,2025-04-15,店舗1,商品12,5,206,1030
105461,2025-04-15,店舗1,商品12,5,206,1030
100501,2025-04-15,店舗2,商品08,3,206,618
100587,2025-04-15,店舗2,商品09,2,182,364
100949,2025-04-15,店舗2,商品09,2,182,364
101065,2025-04-15,店舗2,商品05,2,206,412
101065,2025-04-15,店舗2,商品05,3,206,618
104536,2025-04-15,店舗2,商品04,3,206,618
104570,2025-04-15,店舗2,商品04,3,206,618
104570,2025-04-15,店舗2,商品04,3,206,618
104580,2025-04-15,店舗2,商品05,3,206,618
104598,2025-04-15,店舗2,商品08,2,206,412
104665,2025-04-15,店舗2,商品08,2,206,412
104867,2025-04-15,店舗2,商品08,2,206,412
104867,2025-04-15,店舗2,商品08,7,206,1442
104992,2025-04-15,店舗2,商品07,1,182,182
105119,2025-04-15,店舗2,商品04,2,206,412
105376,2025-04-15,店舗2,商品07,2,182,364
102976,2025-04-16,店舗1,商品09,5,182,910
103265,2025-04-16,店舗1,商品10,7,206,1442
103657,2025-04-16,店舗1,商品07,5,182,910
103660,2025-04-16,店舗1,商品12,7,206,1442
104358,2025-04-16,店舗1,商品12,4,206,824
104891,2025-04-16,店舗1,商品12,5,206,1030
105498,2025-04-16,店舗1,商品12,5,206,1030
100165,2025-04-16,店舗2,商品07,2,182,364
100409,2025-04-16,店舗2,商品08,2,206,412
100542,2025-04-16,店舗2,商品04,2,206,412
100667,2025-04-16,店舗2,商品07,3,182,546
102030,2025-04-16,店舗2,商品09,3,182,546
102045,2025-04-16,店舗2,商品09,4,182,728
102297,2025-04-16,店舗2,商品09,2,182,364
102648,2025-04-16,店舗2,商品07,2,182,364
102679,2025-04-16,店舗2,商品08,2,206,412
103168,2025-04-16,店舗2,商品07,6,182,1092
103168,2025-04-16,店舗2,商品09,3,182,546
104523,2025-04-16,店舗2,商品04,4,206,824
104523,2025-04-16,店舗2,商品04,4,206,824
104867,2025-04-16,店舗2,商品09,2,182,364
100101,2025-04-17,店舗1,商品12,6,206,1236
100335,2025-04-17,店舗1,商品12,5,206,1030
100713,2025-04-17,店舗1,商品12,6,206,1236
100740,2025-04-17,店舗1,商品12,5,206,1030
102397,2025-04-17,店舗1,商品12,7,206,1442
102757,2025-04-17,店舗1,商品12,4,206,824
105164,2025-04-17,店舗1,商品12,5,206,1030
100076,2025-04-17,店舗2,商品06,2,206,412
100480,2025-04-17,店舗2,商品07,3,182,546
102030,2025-04-17,店舗2,商品09,2,182,364
102918,2025-04-17,店舗2,商品04,2,206,412
103084,2025-04-17,店舗2,商品01,3,182,546
103084,2025-04-17,店舗2,商品01,2,182,364
103084,2025-04-17,店舗2,商品01,2,182,364
103084,2025-04-17,店舗2,商品06,2,206,412
103084,2025-04-17,店舗2,商品06,3,206,618
103115,2025-04-17,店舗2,商品05,3,206,618
103382,2025-04-17,店舗2,商品07,3,182,546
103501,2025-04-17,店舗2,商品07,2,182,364
103501,2025-04-17,店舗2,商品08,2,206,412
104672,2025-04-17,店舗2,商品09,3,182,546
104685,2025-04-17,店舗2,商品08,2,206,412
105461,2025-04-17,店舗2,商品01,3,182,546
105970,2025-04-17,店舗2,商品07,3,182,546
100726,2025-04-18,店舗1,商品06,6,206,1236
101361,2025-04-18,店舗1,商品12,5,206,1030
101559,2025-04-18,店舗1,商品12,2,206,412
102029,2025-04-18,店舗1,商品12,4,206,824
102029,2025-04-18,店舗1,商品12,7,206,1442
102291,2025-04-18,店舗1,商品04,5,206,1030
103509,2025-04-18,店舗1,商品12,7,206,1442
103953,2025-04-18,店舗1,商品12,8,206,1648
104523,2025-04-18,店舗1,商品12,7,206,1442
105264,2025-04-18,店舗1,商品12,2,206,412
105762,2025-04-18,店舗1,商品12,5,206,1030
100265,2025-04-18,店舗2,商品04,3,206,618
100265,2025-04-18,店舗2,商品07,3,182,546
100642,2025-04-18,店舗2,商品09,3,182,546
100939,2025-04-18,店舗2,商品09,5,182,910
101220,2025-04-18,店舗2,商品09,3,182,546
102922,2025-04-18,店舗2,商品06,4,206,824
103153,2025-04-18,店舗2,商品08,1,206,206
103166,2025-04-18,店舗2,商品09,3,182,546
104667,2025-04-18,店舗2,商品07,3,182,546
104667,2025-04-18,店舗2,商品07,2,182,364
104670,2025-04-18,店舗2,商品08,3,206,618
104746,2025-04-18,店舗2,商品06,3,206,618
105160,2025-04-18,店舗2,商品03,1,446,446
105468,2025-04-18,店舗2,商品09,3,182,546
105859,2025-04-18,店舗2,商品04,3,206,618
105861,2025-04-18,店舗2,商品07,3,182,546
100360,2025-04-19,店舗1,商品12,8,206,1648
100713,2025-04-19,店舗1,商品12,4,206,824
100713,2025-04-19,店舗1,商品12,3,206,618
100719,2025-04-19,店舗1,商品12,5,206,1030
100867,2025-04-19,店舗1,商品12,6,206,1236
101213,2025-04-19,店舗1,商品12,4,206,824
101213,2025-04-19,店舗1,商品12,5,206,1030
101213,2025-04-19,店舗1,商品12,6,206,1236
101213,2025-04-19,店舗1,商品12,4,206,824
101363,2025-04-19,店舗1,商品12,5,206,1030
101450,2025-04-19,店舗1,商品12,3,206,618
101450,2025-04-19,店舗1,商品12,3,206,618
101607,2025-04-19,店舗1,商品12,6,206,1236
101924,2025-04-19,店舗1,商品10,8,206,1648
102140,2025-04-19,店舗1,商品12,4,206,824
102900,2025-04-19,店舗1,商品12,2,206,412
102900,2025-04-19,店舗1,商品12,6,206,1236
103246,2025-04-19,店舗1,商品12,6,206,1236
103453,2025-04-19,店舗1,商品12,5,206,1030
103754,2025-04-19,店舗1,商品11,2,630,1260
104075,2025-04-19,店舗1,商品12,5,206,1030
104120,2025-04-19,店舗1,商品05,9,206,1854
104120,2025-04-19,店舗1,商品05,6,206,1236
104120,2025-04-19,店舗1,商品05,6,206,1236
104473,2025-04-19,店舗1,商品12,3,206,618
104473,2025-04-19,店舗1,商品12,6,206,1236
104473,2025-04-19,店舗1,商品12,7,206,1442
104661,2025-04-19,店舗1,商品12,4,206,824
105740,2025-04-19,店舗1,商品09,3,182,546
105740,2025-04-19,店舗1,商品09,5,182,910
105768,2025-04-19,店舗1,商品12,3,206,618
100498,2025-04-19,店舗2,商品01,2,182,364
102785,2025-04-19,店舗2,商品07,1,182,182
103168,2025-04-19,店舗2,商品07,1,182,182
103168,2025-04-19,店舗2,商品07,2,182,364
104114,2025-04-19,店舗2,商品07,1,182,182
104114,2025-04-19,店舗2,商品07,2,182,364
105068,2025-04-19,店舗2,商品07,1,182,182
100382,2025-04-20,店舗1,商品12,5,206,1030
100544,2025-04-20,店舗1,商品12,6,206,1236
100544,2025-04-20,店舗1,商品12,4,206,824
100779,2025-04-20,店舗1,商品12,5,206,1030
101136,2025-04-20,店舗1,商品12,4,206,824
101215,2025-04-20,店舗1,商品12,7,206,1442
101310,2025-04-20,店舗1,商品12,3,206,618
101427,2025-04-20,店舗1,商品12,6,206,1236
101427,2025-04-20,店舗1,商品12,3,206,618
101427,2025-04-20,店舗1,商品12,4,206,824
102247,2025-04-20,店舗1,商品12,2,206,412
102524,2025-04-20,店舗1,商品12,6,206,1236
102552,2025-04-20,店舗1,商品12,4,206,824
102665,2025-04-20,店舗1,商品12,4,206,824
102665,2025-04-20,店舗1,商品12,5,206,1030
103418,2025-04-20,店舗1,商品10,5,206,1030
103418,2025-04-20,店舗1,商品10,9,206,1854
103754,2025-04-20,店舗1,商品09,6,182,1092
104442,2025-04-20,店舗1,商品12,4,206,824
104488,2025-04-20,店舗1,商品12,8,206,1648
104561,2025-04-20,店舗1,商品12,4,206,824
104561,2025-04-20,店舗1,商品12,3,206,618
104561,2025-04-20,店舗1,商品12,6,206,1236
104661,2025-04-20,店舗1,商品12,4,206,824
104939,2025-04-20,店舗1,商品12,4,206,824
104939,2025-04-20,店舗1,商品12,3,206,618
104954,2025-04-20,店舗1,商品12,9,206,1854
101084,2025-04-20,店舗2,商品09,2,182,364
101154,2025-04-20,店舗2,商品07,2,182,364
105556,2025-04-20,店舗2,商品07,3,182,546
100570,2025-04-21,店舗1,商品12,5,206,1030
100713,2025-04-21,店舗1,商品12,5,206,1030
102800,2025-04-21,店舗1,商品12,3,206,618
103082,2025-04-21,店舗1,商品12,2,206,412
103082,2025-04-21,店舗1,商品12,6,206,1236
104091,2025-04-21,店舗1,商品12,2,206,412
104525,2025-04-21,店舗1,商品12,2,206,412
105931,2025-04-21,店舗1,商品12,3,206,618
105931,2025-04-21,店舗1,商品12,5,206,1030
100454,2025-04-21,店舗2,商品07,2,182,364
100767,2025-04-21,店舗2,商品07,3,182,546
100819,2025-04-21,店舗2,商品09,2,182,364
101850,2025-04-21,店舗2,商品01,1,182,182
102030,2025-04-21,店舗2,商品09,2,182,364
102030,2025-04-21,店舗2,商品09,2,182,364
102226,2025-04-21,店舗2,商品08,2,206,412
102488,2025-04-21,店舗2,商品09,2,182,364
102488,2025-04-21,店舗2,商品09,2,182,364
102488,2025-04-21,店舗2,商品09,2,182,364
102488,2025-04-21,店舗2,商品09,3,182,546
102488,2025-04-21,店舗2,商品09,2,182,364
102557,2025-04-21,店舗2,商品07,1,182,182
103049,2025-04-21,店舗2,商品04,1,206,206
103049,2025-04-21,店舗2,商品04,2,206,412
103285,2025-04-21,店舗2,商品09,3,182,546
103285,2025-04-21,店舗2,商品09,1,182,182
104476,2025-04-21,店舗2,商品04,3,206,618
105033,2025-04-21,店舗2,商品09,2,182,364
105033,2025-04-21,店舗2,商品09,2,182,364
101037,2025-04-22,店舗1,商品12,3,206,618
102279,2025-04-22,店舗1,商品06,5,206,1030
102920,2025-04-22,店舗1,商品12,4,206,824
102920,2025-04-22,店舗1,商品12,5,206,1030
103303,2025-04-22,店舗1,商品12,5,206,1030
103898,2025-04-22,店舗1,商品12,4,206,824
103898,2025-04-22,店舗1,商品12,2,206,412
103898,2025-04-22,店舗1,商品12,2,206,412
104644,2025-04-22,店舗1,商品12,3,206,618
105324,2025-04-22,店舗1,商品12,3,206,618
100642,2025-04-22,店舗2,商品09,1,182,182
101017,2025-04-22,店舗2,商品04,2,206,412
101032,2025-04-22,店舗2,商品07,1,182,182
101548,2025-04-22,店舗2,商品05,2,206,412
101548,2025-04-22,店舗2,商品05,2,206,412
102187,2025-04-22,店舗2,商品09,1,182,182
102295,2025-04-22,店舗2,商品07,1,182,182
102295,2025-04-22,店舗2,商品07,1,182,182
102619,2025-04-22,店舗2,商品08,1,206,206
102619,2025-04-22,店舗2,商品08,1,206,206
102785,2025-04-22,店舗2,商品09,2,182,364
102785,2025-04-22,店舗2,商品09,2,182,364
102785,2025-04-22,店舗2,商品09,2,182,364
102785,2025-04-22,店舗2,商品09,2,182,364
102785,2025-04-22,店舗2,商品09,2,182,364
102785,2025-04-22,店舗2,商品09,2,182,364
102785,2025-04-22,店舗2,商品09,1,182,182
102785,2025-04-22,店舗2,商品09,2,182,364
102785,2025-04-22,店舗2,商品09,2,182,364
102785,2025-04-22,店舗2,商品09,2,182,364
103264,2025-04-22,店舗2,商品04,1,206,206
103369,2025-04-22,店舗2,商品10,1,206,206
103441,2025-04-22,店舗2,商品09,2,182,364
103859,2025-04-22,店舗2,商品01,2,182,364
105789,2025-04-22,店舗2,商品04,2,206,412
105789,2025-04-22,店舗2,商品06,2,206,412
100001,2025-04-23,店舗1,商品12,5,206,1030
100122,2025-04-23,店舗1,商品12,4,206,824
100382,2025-04-23,店舗1,商品12,5,206,1030
100382,2025-04-23,店舗1,商品12,5,206,1030
101731,2025-04-23,店舗1,商品12,3,206,618
102964,2025-04-23,店舗1,商品12,4,206,824
104120,2025-04-23,店舗1,商品09,3,182,546
104776,2025-04-23,店舗1,商品12,4,206,824
104954,2025-04-23,店舗1,商品12,6,206,1236
100331,2025-04-23,店舗2,商品09,2,182,364
100973,2025-04-23,店舗2,商品07,3,182,546
100973,2025-04-23,店舗2,商品09,3,182,546
101257,2025-04-23,店舗2,商品04,3,206,618
101743,2025-04-23,店舗2,商品01,4,182,728
101827,2025-04-23,店舗2,商品08,4,206,824
101916,2025-04-23,店舗2,商品07,3,182,546
102374,2025-04-23,店舗2,商品09,2,182,364
103223,2025-04-23,店舗2,商品07,2,182,364
103763,2025-04-23,店舗2,商品07,3,182,546
103934,2025-04-23,店舗2,商品09,4,182,728
104295,2025-04-23,店舗2,商品09,2,182,364
104736,2025-04-23,店舗2,商品06,6,206,1236
104892,2025-04-23,店舗2,商品09,3,182,546
100318,2025-04-24,店舗1,商品12,4,206,824
100567,2025-04-24,店舗1,商品12,1,206,206
100567,2025-04-24,店舗1,商品12,2,206,412
100567,2025-04-24,店舗1,商品12,3,206,618
100713,2025-04-24,店舗1,商品12,2,206,412
101086,2025-04-24,店舗1,商品12,3,206,618
102618,2025-04-24,店舗1,商品01,2,182,364
102618,2025-04-24,店舗1,商品12,1,206,206
103162,2025-04-24,店舗1,商品12,3,206,618
105274,2025-04-24,店舗1,商品12,2,206,412
105274,2025-04-24,店舗1,商品12,1,206,206
105274,2025-04-24,店舗1,商品12,3,206,618
105274,2025-04-24,店舗1,商品12,2,206,412
105274,2025-04-24,店舗1,商品12,5,206,1030
105274,2025-04-24,店舗1,商品12,2,206,412
100683,2025-04-24,店舗2,商品09,3,182,546
100929,2025-04-24,店舗2,商品07,2,182,364
101306,2025-04-24,店舗2,商品06,2,206,412
101306,2025-04-24,店舗2,商品07,2,182,364
101899,2025-04-24,店舗2,商品08,2,206,412
102082,2025-04-24,店舗2,商品08,3,206,618
102374,2025-04-24,店舗2,商品08,3,206,618
102609,2025-04-24,店舗2,商品09,2,182,364
102780,2025-04-24,店舗2,商品08,2,206,412
103053,2025-04-24,店舗2,商品09,1,182,182
103756,2025-04-24,店舗2,商品07,1,182,182
103756,2025-04-24,店舗2,商品07,2,182,364
103831,2025-04-24,店舗2,商品09,3,182,546
103831,2025-04-24,店舗2,商品09,3,182,546
103831,2025-04-24,店舗2,商品09,3,182,546
104442,2025-04-24,店舗2,商品08,3,206,618
104879,2025-04-24,店舗2,商品05,2,206,412
104879,2025-04-24,店舗2,商品08,2,206,412
100753,2025-04-25,店舗1,商品12,6,206,1236
100753,2025-04-25,店舗1,商品12,7,206,1442
100753,2025-04-25,店舗1,商品12,4,206,824
100753,2025-04-25,店舗1,商品12,3,206,618
101820,2025-04-25,店舗1,商品12,5,206,1030
102180,2025-04-25,店舗1,商品12,2,206,412
102424,2025-04-25,店舗1,商品12,2,206,412
103339,2025-04-25,店舗1,商品12,3,206,618
104269,2025-04-25,店舗1,商品10,4,206,824
104410,2025-04-25,店舗1,商品12,3,206,618
104533,2025-04-25,店舗1,商品12,2,206,412
104598,2025-04-25,店舗1,商品12,5,206,1030
104598,2025-04-25,店舗1,商品12,5,206,1030
100054,2025-04-25,店舗2,商品09,2,182,364
100845,2025-04-25,店舗2,商品09,2,182,364
100845,2025-04-25,店舗2,商品09,2,182,364
100845,2025-04-25,店舗2,商品09,3,182,546
100845,2025-04-25,店舗2,商品09,2,182,364
100845,2025-04-25,店舗2,商品09,2,182,364
100845,2025-04-25,店舗2,商品09,1,182,182
100845,2025-04-25,店舗2,商品09,3,182,546
100845,2025-04-25,店舗2,商品09,3,182,546
101628,2025-04-25,店舗2,商品04,2,206,412
102460,2025-04-25,店舗2,商品09,1,182,182
102996,2025-04-25,店舗2,商品01,1,182,182
103168,2025-04-25,店舗2,商品07,2,182,364
103402,2025-04-25,店舗2,商品07,3,182,546
103456,2025-04-25,店舗2,商品08,1,206,206
103980,2025-04-25,店舗2,商品08,1,206,206
104450,2025-04-25,店舗2,商品05,2,206,412
104450,2025-04-25,店舗2,商品06,2,206,412
104450,2025-04-25,店舗2,商品06,2,206,412
104520,2025-04-25,店舗2,商品08,2,206,412
105541,2025-04-25,店舗2,商品06,1,206,206
105688,2025-04-25,店舗2,商品07,2,182,364
105870,2025-04-25,店舗2,商品07,1,182,182
105870,2025-04-25,店舗2,商品08,2,206,412
100713,2025-04-26,店舗1,商品12,7,206,1442
100812,2025-04-26,店舗1,商品12,6,206,1236
101005,2025-04-26,店舗1,商品12,5,206,1030
101105,2025-04-26,店舗1,商品12,4,206,824
101105,2025-04-26,店舗1,商品12,5,206,1030
101105,2025-04-26,店舗1,商品12,10,206,2060
101363,2025-04-26,店舗1,商品12,9,206,1854
102021,2025-04-26,店舗1,商品12,10,206,2060
102397,2025-04-26,店舗1,商品12,4,206,824
102530,2025-04-26,店舗1,商品12,5,206,1030
102562,2025-04-26,店舗1,商品12,4,206,824
102562,2025-04-26,店舗1,商品12,9,206,1854
102771,2025-04-26,店舗1,商品12,5,206,1030
102806,2025-04-26,店舗1,商品12,4,206,824
102915,2025-04-26,店舗1,商品12,2,206,412
103181,2025-04-26,店舗1,商品12,8,206,1648
103378,2025-04-26,店舗1,商品12,5,206,1030
103378,2025-04-26,店舗1,商品12,6,206,1236
103394,2025-04-26,店舗1,商品12,7,206,1442
103394,2025-04-26,店舗1,商品12,6,206,1236
103404,2025-04-26,店舗1,商品12,5,206,1030
104595,2025-04-26,店舗1,商品12,7,206,1442
104640,2025-04-26,店舗1,商品12,5,206,1030
104976,2025-04-26,店舗1,商品12,4,206,824
105741,2025-04-26,店舗1,商品12,3,206,618
105741,2025-04-26,店舗1,商品12,8,206,1648
105747,2025-04-26,店舗1,商品12,4,206,824
105747,2025-04-26,店舗1,商品12,6,206,1236
105780,2025-04-26,店舗1,商品12,5,206,1030
100055,2025-04-26,店舗2,商品04,1,206,206
100055,2025-04-26,店舗2,商品09,1,182,182
100055,2025-04-26,店舗2,商品09,1,182,182
100878,2025-04-26,店舗2,商品06,2,206,412
101229,2025-04-26,店舗2,商品09,2,182,364
103518,2025-04-26,店舗2,商品08,1,206,206
104024,2025-04-26,店舗2,商品07,1,182,182
104024,2025-04-26,店舗2,商品08,2,206,412
100054,2025-04-27,店舗1,商品12,7,206,1442
100055,2025-04-27,店舗1,商品12,3,206,618
100261,2025-04-27,店舗1,商品12,4,206,824
100607,2025-04-27,店舗1,商品12,6,206,1236
100965,2025-04-27,店舗1,商品12,5,206,1030
100965,2025-04-27,店舗1,商品12,6,206,1236
100965,2025-04-27,店舗1,商品12,5,206,1030
101263,2025-04-27,店舗1,商品05,6,206,1236
101392,2025-04-27,店舗1,商品12,3,206,618
101427,2025-04-27,店舗1,商品12,6,206,1236
101427,2025-04-27,店舗1,商品12,7,206,1442
101755,2025-04-27,店舗1,商品12,4,206,824
101779,2025-04-27,店舗1,商品12,5,206,1030
102331,2025-04-27,店舗1,商品12,9,206,1854
102869,2025-04-27,店舗1,商品09,5,182,910
103410,2025-04-27,店舗1,商品12,6,206,1236
103687,2025-04-27,店舗1,商品12,4,206,824
104381,2025-04-27,店舗1,商品12,9,206,1854
104680,2025-04-27,店舗1,商品12,5,206,1030
105118,2025-04-27,店舗1,商品12,5,206,1030
105395,2025-04-27,店舗1,商品12,9,206,1854
105514,2025-04-27,店舗1,商品12,11,206,2266
105514,2025-04-27,店舗1,商品12,7,206,1442
105970,2025-04-27,店舗1,商品12,7,206,1442
101519,2025-04-27,店舗2,商品09,2,182,364
101719,2025-04-27,店舗2,商品09,2,182,364
101850,2025-04-27,店舗2,商品09,3,182,546
101591,2025-04-28,店舗1,商品12,2,206,412
101731,2025-04-28,店舗1,商品12,4,206,824
101898,2025-04-28,店舗1,商品12,4,206,824
102667,2025-04-28,店舗1,商品12,3,206,618
102866,2025-04-28,店舗1,商品12,4,206,824
104235,2025-04-28,店舗1,商品12,2,206,412
104235,2025-04-28,店舗1,商品12,6,206,1236
104235,2025-04-28,店舗1,商品12,4,206,824
105360,2025-04-28,店舗1,商品12,2,206,412
105360,2025-04-28,店舗1,商品12,2,206,412
100046,2025-04-28,店舗2,商品09,4,182,728
100793,2025-04-28,店舗2,商品07,3,182,546
100793,2025-04-28,店舗2,商品07,3,182,546
101666,2025-04-28,店舗2,商品08,1,206,206
101666,2025-04-28,店舗2,商品09,4,182,728
102168,2025-04-28,店舗2,商品08,4,206,824
102374,2025-04-28,店舗2,商品08,1,206,206
102636,2025-04-28,店舗2,商品09,3,182,546
103295,2025-04-28,店舗2,商品08,2,206,412
104225,2025-04-28,店舗2,商品05,2,206,412
104827,2025-04-28,店舗2,商品05,2,206,412
105036,2025-04-28,店舗2,商品05,1,206,206
105036,2025-04-28,店舗2,商品09,2,182,364
105063,2025-04-28,店舗2,商品08,2,206,412
105725,2025-04-28,店舗2,商品08,3,206,618
100239,2025-04-29,店舗1,商品12,5,206,1030
100487,2025-04-29,店舗1,商品10,12,206,2472
100682,2025-04-29,店舗1,商品12,6,206,1236
100682,2025-04-29,店舗1,商品12,6,206,1236
101246,2025-04-29,店舗1,商品12,6,206,1236
101731,2025-04-29,店舗1,商品12,4,206,824
102339,2025-04-29,店舗1,商品12,13,206,2678
102410,2025-04-29,店舗1,商品12,5,206,1030
102534,2025-04-29,店舗1,商品12,4,206,824
102552,2025-04-29,店舗1,商品12,5,206,1030
102618,2025-04-29,店舗1,商品12,3,206,618
102703,2025-04-29,店舗1,商品12,9,206,1854
103727,2025-04-29,店舗1,商品12,5,206,1030
103839,2025-04-29,店舗1,商品12,12,206,2472
104378,2025-04-29,店舗1,商品12,5,206,1030
104541,2025-04-29,店舗1,商品12,8,206,1648
104651,2025-04-29,店舗1,商品12,3,206,618
105098,2025-04-29,店舗1,商品12,5,206,1030
105307,2025-04-29,店舗1,商品12,8,206,1648
105307,2025-04-29,店舗1,商品12,6,206,1236
105485,2025-04-29,店舗1,商品12,6,206,1236
103183,2025-04-29,店舗2,商品09,2,182,364
103348,2025-04-29,店舗2,商品04,2,206,412
104536,2025-04-29,店舗2,商品09,3,182,546
105396,2025-04-29,店舗2,商品07,3,182,546
105447,2025-04-29,店舗2,商品06,1,206,206
100135,2025-04-30,店舗1,商品12,4,206,824
100318,2025-04-30,店舗1,商品12,5,206,1030
100318,2025-04-30,店舗1,商品12,2,206,412
102971,2025-04-30,店舗1,商品12,3,206,618
103025,2025-04-30,店舗1,商品12,5,206,1030
103559,2025-04-30,店舗1,商品12,4,206,824
103636,2025-04-30,店舗1,商品12,9,206,1854
103869,2025-04-30,店舗1,商品12,4,206,824
104285,2025-04-30,店舗1,商品12,4,206,824
104510,2025-04-30,店舗1,商品12,7,206,1442
104510,2025-04-30,店舗1,商品12,3,206,618
100198,2025-04-30,店舗2,商品08,2,206,412
100331,2025-04-30,店舗2,商品09,3,182,546
101403,2025-04-30,店舗2,商品07,2,182,364
101403,2025-04-30,店舗2,商品07,2,182,364
101606,2025-04-30,店舗2,商品09,4,182,728
103141,2025-04-30,店舗2,商品09,4,182,728
103300,2025-04-30,店舗2,商品07,2,182,364
103337,2025-04-30,店舗2,商品07,2,182,364
103660,2025-04-30,店舗2,商品09,3,182,546
104170,2025-04-30,店舗2,商品09,2,182,364
105780,2025-04-30,店舗2,商品09,2,182,364
100382,2025-05-01,店舗1,商品05,6,206,1236
100382,2025-05-01,店舗1,商品12,6,206,1236
100720,2025-05-01,店舗1,商品12,3,206,618
102990,2025-05-01,店舗1,商品12,5,206,1030
104054,2025-05-01,店舗1,商品09,1,182,182
104220,2025-05-01,店舗1,商品07,3,182,546
104220,2025-05-01,店舗1,商品10,4,206,824
104220,2025-05-01,店舗1,商品10,3,206,618
104220,2025-05-01,店舗1,商品12,3,206,618
104403,2025-05-01,店舗1,商品12,2,206,412
105068,2025-05-01,店舗1,商品12,4,206,824
105195,2025-05-01,店舗1,商品12,3,206,618
100138,2025-05-01,店舗2,商品08,5,206,1030
100355,2025-05-01,店舗2,商品04,2,206,412
101517,2025-05-01,店舗2,商品09,3,182,546
101687,2025-05-01,店舗2,商品09,2,182,364
102641,2025-05-01,店舗2,商品07,4,182,728
102820,2025-05-01,店舗2,商品08,2,206,412
103692,2025-05-01,店舗2,商品04,2,206,412
104544,2025-05-01,店舗2,商品10,2,206,412
104802,2025-05-01,店舗2,商品07,3,182,546
105679,2025-05-01,店舗2,商品08,4,206,824
100192,2025-05-02,店舗1,商品12,3,206,618
101136,2025-05-02,店舗1,商品12,4,206,824
102321,2025-05-02,店舗1,商品12,4,206,824
103250,2025-05-02,店舗1,商品12,4,206,824
103285,2025-05-02,店舗1,商品12,3,206,618
103394,2025-05-02,店舗1,商品12,3,206,618
103404,2025-05-02,店舗1,商品12,4,206,824
104758,2025-05-02,店舗1,商品12,4,206,824
105025,2025-05-02,店舗1,商品12,3,206,618
105025,2025-05-02,店舗1,商品12,4,206,824
105025,2025-05-02,店舗1,商品12,4,206,824
105025,2025-05-02,店舗1,商品12,6,206,1236
105025,2025-05-02,店舗1,商品12,2,206,412
105025,2025-05-02,店舗1,商品12,4,206,824
105025,2025-05-02,店舗1,商品12,6,206,1236
105322,2025-05-02,店舗1,商品12,3,206,618
105742,2025-05-02,店舗1,商品12,3,206,618
100001,2025-05-02,店舗2,商品04,3,206,618
102485,2025-05-02,店舗2,商品07,2,182,364
103192,2025-05-02,店舗2,商品09,1,182,182
103261,2025-05-02,店舗2,商品04,3,206,618
103349,2025-05-02,店舗2,商品08,1,206,206
103349,2025-05-02,店舗2,商品08,2,206,412
104523,2025-05-02,店舗2,商品04,4,206,824
104800,2025-05-02,店舗2,商品09,4,182,728
104821,2025-05-02,店舗2,商品01,2,182,364
105376,2025-05-02,店舗2,商品07,3,182,546
105778,2025-05-02,店舗2,商品09,2,182,364
105778,2025-05-02,店舗2,商品09,3,182,546
100217,2025-05-03,店舗1,商品12,3,206,618
100296,2025-05-03,店舗1,商品12,3,206,618
100299,2025-05-03,店舗1,商品12,4,206,824
100508,2025-05-03,店舗1,商品12,6,206,1236
100734,2025-05-03,店舗1,商品12,4,206,824
100988,2025-05-03,店舗1,商品12,2,206,412
101380,2025-05-03,店舗1,商品07,7,182,1274
101380,2025-05-03,店舗1,商品07,6,182,1092
101380,2025-05-03,店舗1,商品07,5,182,910
101380,2025-05-03,店舗1,商品07,5,182,910
101380,2025-05-03,店舗1,商品07,8,182,1456
101380,2025-05-03,店舗1,商品07,7,182,1274
101380,2025-05-03,店舗1,商品07,3,182,546
101380,2025-05-03,店舗1,商品07,4,182,728
101936,2025-05-03,店舗1,商品12,8,206,1648
102012,2025-05-03,店舗1,商品12,4,206,824
102018,2025-05-03,店舗1,商品12,5,206,1030
102552,2025-05-03,店舗1,商品12,8,206,1648
102689,2025-05-03,店舗1,商品12,4,206,824
102800,2025-05-03,店舗1,商品12,6,206,1236
103285,2025-05-03,店舗1,商品12,4,206,824
104769,2025-05-03,店舗1,商品12,4,206,824
104769,2025-05-03,店舗1,商品12,4,206,824
104826,2025-05-03,店舗1,商品07,5,182,910
104826,2025-05-03,店舗1,商品07,3,182,546
104876,2025-05-03,店舗1,商品12,4,206,824
105342,2025-05-03,店舗1,商品12,5,206,1030
105796,2025-05-03,店舗1,商品10,4,206,824
100055,2025-05-03,店舗2,商品07,2,182,364
101628,2025-05-03,店舗2,商品04,3,206,618
102477,2025-05-03,店舗2,商品09,3,182,546
104029,2025-05-03,店舗2,商品01,2,182,364
104506,2025-05-03,店舗2,商品08,1,206,206
100768,2025-05-04,店舗1,商品12,3,206,618
100914,2025-05-04,店舗1,商品12,9,206,1854
100998,2025-05-04,店舗1,商品12,4,206,824
101482,2025-05-04,店舗1,商品12,9,206,1854
101590,2025-05-04,店舗1,商品12,8,206,1648
101816,2025-05-04,店舗1,商品12,7,206,1442
102535,2025-05-04,店舗1,商品06,4,206,824
102562,2025-05-04,店舗1,商品12,5,206,1030
103258,2025-05-04,店舗1,商品12,4,206,824
103475,2025-05-04,店舗1,商品12,6,206,1236
104079,2025-05-04,店舗1,商品12,6,206,1236
104141,2025-05-04,店舗1,商品12,9,206,1854
104253,2025-05-04,店舗1,商品12,9,206,1854
104386,2025-05-04,店舗1,商品02,2,315,630
104386,2025-05-04,店舗1,商品03,1,446,446
104386,2025-05-04,店舗1,商品03,1,446,446
104386,2025-05-04,店舗1,商品03,2,446,892
104386,2025-05-04,店舗1,商品03,3,446,1338
104386,2025-05-04,店舗1,商品03,3,446,1338
104651,2025-05-04,店舗1,商品12,13,206,2678
104753,2025-05-04,店舗1,商品12,5,206,1030
105109,2025-05-04,店舗1,商品12,7,206,1442
105549,2025-05-04,店舗1,商品01,11,182,2002
105875,2025-05-04,店舗1,商品12,7,206,1442
100527,2025-05-04,店舗2,商品09,2,182,364
100705,2025-05-04,店舗2,商品08,1,206,206
103090,2025-05-04,店舗2,商品07,1,182,182
103090,2025-05-04,店舗2,商品07,3,182,546
104383,2025-05-04,店舗2,商品08,1,206,206
105870,2025-05-04,店舗2,商品05,1,206,206
105870,2025-05-04,店舗2,商品06,2,206,412
100313,2025-05-05,店舗1,商品12,5,206,1030
100454,2025-05-05,店舗1,商品12,7,206,1442
100883,2025-05-05,店舗1,商品11,2,630,1260
101037,2025-05-05,店舗1,商品12,6,206,1236
101099,2025-05-05,店舗1,商品12,3,206,618
101246,2025-05-05,店舗1,商品12,4,206,824
101293,2025-05-05,店舗1,商品12,5,206,1030
101825,2025-05-05,店舗1,商品12,5,206,1030
102646,2025-05-05,店舗1,商品12,5,206,1030
102820,2025-05-05,店舗1,商品12,11,206,2266
103025,2025-05-05,店舗1,商品12,6,206,1236
103025,2025-05-05,店舗1,商品12,9,206,1854
103473,2025-05-05,店舗1,商品12,10,206,2060
103483,2025-05-05,店舗1,商品07,14,182,2548
103483,2025-05-05,店舗1,商品12,8,206,1648
103995,2025-05-05,店舗1,商品12,5,206,1030
104032,2025-05-05,店舗1,商品12,4,206,824
104942,2025-05-05,店舗1,商品12,3,206,618
104942,2025-05-05,店舗1,商品12,8,206,1648
105098,2025-05-05,店舗1,商品12,4,206,824
105279,2025-05-05,店舗1,商品12,7,206,1442
105279,2025-05-05,店舗1,商品12,6,206,1236
105376,2025-05-05,店舗1,商品12,9,206,1854
100774,2025-05-05,店舗2,商品01,3,182,546
102187,2025-05-05,店舗2,商品06,2,206,412
103708,2025-05-05,店舗2,商品04,2,206,412
104571,2025-05-05,店舗2,商品07,2,182,364
105389,2025-05-05,店舗2,商品07,2,182,364
100531,2025-05-06,店舗1,商品12,10,206,2060
100559,2025-05-06,店舗1,商品12,5,206,1030
100725,2025-05-06,店舗1,商品12,5,206,1030
101273,2025-05-06,店舗1,商品12,7,206,1442
101691,2025-05-06,店舗1,商品12,7,206,1442
101718,2025-05-06,店舗1,商品12,7,206,1442
101755,2025-05-06,店舗1,商品12,5,206,1030
102212,2025-05-06,店舗1,商品12,5,206,1030
102212,2025-05-06,店舗1,商品12,5,206,1030
102295,2025-05-06,店舗1,商品12,5,206,1030
102295,2025-05-06,店舗1,商品12,9,206,1854
102374,2025-05-06,店舗1,商品12,3,206,618
102573,2025-05-06,店舗1,商品12,6,206,1236
102680,2025-05-06,店舗1,商品12,4,206,824
102976,2025-05-06,店舗1,商品12,10,206,2060
103123,2025-05-06,店舗1,商品12,11,206,2266
103226,2025-05-06,店舗1,商品12,5,206,1030
104100,2025-05-06,店舗1,商品12,8,206,1648
104567,2025-05-06,店舗1,商品12,7,206,1442
105456,2025-05-06,店舗1,商品12,7,206,1442
105596,2025-05-06,店舗1,商品12,6,206,1236
100892,2025-05-06,店舗2,商品04,1,206,206
103699,2025-05-06,店舗2,商品04,3,206,618
103699,2025-05-06,店舗2,商品06,1,206,206
103949,2025-05-06,店舗2,商品09,1,182,182
105395,2025-05-06,店舗2,商品08,2,206,412
105916,2025-05-06,店舗2,商品08,2,206,412
102083,2025-05-07,店舗1,商品12,4,206,824
102331,2025-05-07,店舗1,商品12,3,206,618
102942,2025-05-07,店舗1,商品12,6,206,1236
103025,2025-05-07,店舗1,商品12,5,206,1030
103484,2025-05-07,店舗1,商品12,4,206,824
104266,2025-05-07,店舗1,商品12,4,206,824
104731,2025-05-07,店舗1,商品12,4,206,824
105809,2025-05-07,店舗1,商品10,6,206,1236
105809,2025-05-07,店舗1,商品12,4,206,824
100618,2025-05-07,店舗2,商品09,3,182,546
100642,2025-05-07,店舗2,商品09,3,182,546
101213,2025-05-07,店舗2,商品06,2,206,412
102931,2025-05-07,店舗2,商品05,2,206,412
103264,2025-05-07,店舗2,商品01,4,182,728
104169,2025-05-07,店舗2,商品09,3,182,546
104448,2025-05-07,店舗2,商品08,2,206,412
104560,2025-05-07,店舗2,商品05,4,206,824
105356,2025-05-07,店舗2,商品04,6,206,1236
105688,2025-05-07,店舗2,商品08,2,206,412
105859,2025-05-07,店舗2,商品02,1,315,315
105868,2025-05-07,店舗2,商品01,3,182,546
105868,2025-05-07,店舗2,商品01,4,182,728
101074,2025-05-08,店舗1,商品12,4,206,824
103168,2025-05-08,店舗1,商品12,4,206,824
103939,2025-05-08,店舗1,商品12,5,206,1030
103987,2025-05-08,店舗1,商品12,4,206,824
104169,2025-05-08,店舗1,商品12,4,206,824
105382,2025-05-08,店舗1,商品12,5,206,1030
105851,2025-05-08,店舗1,商品12,6,206,1236
105851,2025-05-08,店舗1,商品12,3,206,618
102064,2025-05-08,店舗2,商品04,1,206,206
102064,2025-05-08,店舗2,商品04,2,206,412
102208,2025-05-08,店舗2,商品08,1,206,206
102663,2025-05-08,店舗2,商品01,1,182,182
102663,2025-05-08,店舗2,商品01,1,182,182
102918,2025-05-08,店舗2,商品04,2,206,412
103077,2025-05-08,店舗2,商品04,1,206,206
103213,2025-05-08,店舗2,商品09,1,182,182
103271,2025-05-08,店舗2,商品08,1,206,206
103385,2025-05-08,店舗2,商品05,1,206,206
103385,2025-05-08,店舗2,商品05,1,206,206
103385,2025-05-08,店舗2,商品05,1,206,206
103385,2025-05-08,店舗2,商品05,2,206,412
103385,2025-05-08,店舗2,商品05,2,206,412
103385,2025-05-08,店舗2,商品05,2,206,412
103385,2025-05-08,店舗2,商品05,2,206,412
103385,2025-05-08,店舗2,商品05,2,206,412
103385,2025-05-08,店舗2,商品05,1,206,206
103385,2025-05-08,店舗2,商品05,1,206,206
103385,2025-05-08,店舗2,商品05,1,206,206
103385,2025-05-08,店舗2,商品05,2,206,412
103385,2025-05-08,店舗2,商品05,1,206,206
103532,2025-05-08,店舗2,商品07,1,182,182
104239,2025-05-08,店舗2,商品08,1,206,206
104623,2025-05-08,店舗2,商品04,1,206,206
105279,2025-05-08,店舗2,商品03,1,446,446
105279,2025-05-08,店舗2,商品08,2,206,412
105279,2025-05-08,店舗2,商品08,1,206,206
100713,2025-05-09,店舗1,商品12,7,206,1442
101502,2025-05-09,店舗1,商品12,5,206,1030
101902,2025-05-09,店舗1,商品12,7,206,1442
102437,2025-05-09,店舗1,商品12,6,206,1236
102615,2025-05-09,店舗1,商品12,5,206,1030
102621,2025-05-09,店舗1,商品12,4,206,824
103316,2025-05-09,店舗1,商品12,3,206,618
105322,2025-05-09,店舗1,商品12,3,206,618
105514,2025-05-09,店舗1,商品12,4,206,824
105514,2025-05-09,店舗1,商品12,7,206,1442
105780,2025-05-09,店舗1,商品12,4,206,824
100234,2025-05-09,店舗2,商品08,5,206,1030
100501,2025-05-09,店舗2,商品08,3,206,618
100939,2025-05-09,店舗2,商品09,3,182,546
103168,2025-05-09,店舗2,商品09,4,182,728
103169,2025-05-09,店舗2,商品01,3,182,546
104009,2025-05-09,店舗2,商品03,2,446,892
104009,2025-05-09,店舗2,商品03,1,446,446
104009,2025-05-09,店舗2,商品03,1,446,446
104120,2025-05-09,店舗2,商品04,2,206,412
104780,2025-05-09,店舗2,商品01,3,182,546
104867,2025-05-09,店舗2,商品09,4,182,728
105055,2025-05-09,店舗2,商品06,3,206,618
105212,2025-05-09,店舗2,商品09,3,182,546
105395,2025-05-09,店舗2,商品04,4,206,824
105944,2025-05-09,店舗2,商品04,3,206,618
105970,2025-05-09,店舗2,商品05,3,206,618
100224,2025-05-10,店舗1,商品12,4,206,824
100570,2025-05-10,店舗1,商品12,6,206,1236
100740,2025-05-10,店舗1,商品12,9,206,1854
100888,2025-05-10,店舗1,商品12,7,206,1442
101263,2025-05-10,店舗1,商品12,4,206,824
101263,2025-05-10,店舗1,商品12,6,206,1236
101273,2025-05-10,店舗1,商品12,7,206,1442
101349,2025-05-10,店舗1,商品12,4,206,824
101349,2025-05-10,店舗1,商品12,6,206,1236
101481,2025-05-10,店舗1,商品12,3,206,618
102392,2025-05-10,店舗1,商品12,5,206,1030
102665,2025-05-10,店舗1,商品10,8,206,1648
102778,2025-05-10,店舗1,商品12,6,206,1236
103308,2025-05-10,店舗1,商品12,7,206,1442
103701,2025-05-10,店舗1,商品12,5,206,1030
103754,2025-05-10,店舗1,商品11,2,630,1260
103754,2025-05-10,店舗1,商品11,2,630,1260
103892,2025-05-10,店舗1,商品12,6,206,1236
103964,2025-05-10,店舗1,商品12,8,206,1648
104092,2025-05-10,店舗1,商品12,8,206,1648
104092,2025-05-10,店舗1,商品12,5,206,1030
104258,2025-05-10,店舗1,商品11,3,630,1890
104416,2025-05-10,店舗1,商品12,6,206,1236
104708,2025-05-10,店舗1,商品01,4,182,728
105104,2025-05-10,店舗1,商品12,7,206,1442
105104,2025-05-10,店舗1,商品12,5,206,1030
105104,2025-05-10,店舗1,商品12,9,206,1854
105468,2025-05-10,店舗1,商品05,5,206,1030
105468,2025-05-10,店舗1,商品05,5,206,1030
102245,2025-05-10,店舗2,商品07,2,182,364
102417,2025-05-10,店舗2,商品08,2,206,412
104525,2025-05-10,店舗2,商品08,2,206,412
104907,2025-05-10,店舗2,商品04,1,206,206
104907,2025-05-10,店舗2,商品04,1,206,206
105461,2025-05-10,店舗2,商品09,3,182,546
100217,2025-05-11,店舗1,商品12,4,206,824
100672,2025-05-11,店舗1,商品09,3,182,546
101520,2025-05-11,店舗1,商品12,7,206,1442
101520,2025-05-11,店舗1,商品12,4,206,824
102922,2025-05-11,店舗1,商品12,3,206,618
103049,2025-05-11,店舗1,商品12,3,206,618
103049,2025-05-11,店舗1,商品12,9,206,1854
103223,2025-05-11,店舗1,商品12,13,206,2678
103352,2025-05-11,店舗1,商品12,7,206,1442
103373,2025-05-11,店舗1,商品12,8,206,1648
103486,2025-05-11,店舗1,商品12,7,206,1442
103727,2025-05-11,店舗1,商品12,4,206,824
103738,2025-05-11,店舗1,商品12,7,206,1442
103775,2025-05-11,店舗1,商品12,6,206,1236
103775,2025-05-11,店舗1,商品12,8,206,1648
104050,2025-05-11,店舗1,商品12,5,206,1030
104068,2025-05-11,店舗1,商品12,8,206,1648
104266,2025-05-11,店舗1,商品06,5,206,1030
104567,2025-05-11,店舗1,商品12,6,206,1236
104867,2025-05-11,店舗1,商品10,4,206,824
105104,2025-05-11,店舗1,商品12,7,206,1442
105552,2025-05-11,店舗1,商品01,10,182,1820
105571,2025-05-11,店舗1,商品12,10,206,2060
100532,2025-05-11,店舗2,商品04,1,206,206
101998,2025-05-11,店舗2,商品06,2,206,412
101998,2025-05-11,店舗2,商品06,2,206,412
103835,2025-05-11,店舗2,商品07,2,182,364
100501,2025-05-12,店舗1,商品12,5,206,1030
100766,2025-05-12,店舗1,商品12,5,206,1030
100939,2025-05-12,店舗1,商品12,4,206,824
101448,2025-05-12,店舗1,商品12,5,206,1030
102374,2025-05-12,店舗1,商品12,5,206,1030
104503,2025-05-12,店舗1,商品12,5,206,1030
104573,2025-05-12,店舗1,商品12,5,206,1030
100308,2025-05-12,店舗2,商品08,1,206,206
100382,2025-05-12,店舗2,商品04,3,206,618
100395,2025-05-12,店舗2,商品09,3,182,546
100587,2025-05-12,店舗2,商品09,2,182,364
102471,2025-05-12,店舗2,商品09,3,182,546
102471,2025-05-12,店舗2,商品09,2,182,364
102471,2025-05-12,店舗2,商品09,1,182,182
102471,2025-05-12,店舗2,商品09,2,182,364
102471,2025-05-12,店舗2,商品09,2,182,364
102695,2025-05-12,店舗2,商品08,2,206,412
103501,2025-05-12,店舗2,商品07,2,182,364
104066,2025-05-12,店舗2,商品04,2,206,412
104066,2025-05-12,店舗2,商品06,3,206,618
104247,2025-05-12,店舗2,商品04,2,206,412
104450,2025-05-12,店舗2,商品08,3,206,618
104980,2025-05-12,店舗2,商品08,3,206,618
105875,2025-05-12,店舗2,商品08,2,206,412
101403,2025-05-13,店舗1,商品12,9,206,1854
103677,2025-05-13,店舗1,商品05,6,206,1236
103980,2025-05-13,店舗1,商品11,1,630,630
104075,2025-05-13,店舗1,商品12,4,206,824
104295,2025-05-13,店舗1,商品12,4,206,824
104908,2025-05-13,店舗1,商品12,6,206,1236
105097,2025-05-13,店舗1,商品12,4,206,824
100342,2025-05-13,店舗2,商品09,1,182,182
101275,2025-05-13,店舗2,商品09,4,182,728
102065,2025-05-13,店舗2,商品01,1,182,182
102065,2025-05-13,店舗2,商品01,3,182,546
102112,2025-05-13,店舗2,商品04,2,206,412
102337,2025-05-13,店舗2,商品08,3,206,618
102737,2025-05-13,店舗2,商品05,5,206,1030
102917,2025-05-13,店舗2,商品08,2,206,412
103352,2025-05-13,店舗2,商品08,4,206,824
104371,2025-05-13,店舗2,商品09,4,182,728
104371,2025-05-13,店舗2,商品09,4,182,728
104560,2025-05-13,店舗2,商品04,4,206,824
105666,2025-05-13,店舗2,商品05,2,206,412
105763,2025-05-13,店舗2,商品02,2,315,630
105859,2025-05-13,店舗2,商品02,1,315,315
100340,2025-05-14,店舗1,商品12,2,206,412
100340,2025-05-14,店舗1,商品12,8,206,1648
100415,2025-05-14,店舗1,商品12,4,206,824
100464,2025-05-14,店舗1,商品12,3,206,618
101454,2025-05-14,店舗1,商品12,8,206,1648
102261,2025-05-14,店舗1,商品12,5,206,1030
103112,2025-05-14,店舗1,商品12,2,206,412
103730,2025-05-14,店舗1,商品12,6,206,1236
100095,2025-05-14,店舗2,商品07,1,182,182
100154,2025-05-14,店舗2,商品09,1,182,182
100921,2025-05-14,店舗2,商品09,1,182,182
101493,2025-05-14,店舗2,商品04,1,206,206
101493,2025-05-14,店舗2,商品07,2,182,364
101731,2025-05-14,店舗2,商品07,2,182,364
102928,2025-05-14,店舗2,商品08,1,206,206
102988,2025-05-14,店舗2,商品09,1,182,182
103754,2025-05-14,店舗2,商品08,2,206,412
103754,2025-05-14,店舗2,商品08,1,206,206
103754,2025-05-14,店舗2,商品08,1,206,206
103754,2025-05-14,店舗2,商品08,2,206,412
103754,2025-05-14,店舗2,商品08,1,206,206
103754,2025-05-14,店舗2,商品08,1,206,206
103754,2025-05-14,店舗2,商品08,2,206,412
103754,2025-05-14,店舗2,商品08,1,206,206
103754,2025-05-14,店舗2,商品08,2,206,412
105562,2025-05-14,店舗2,商品04,1,206,206
105562,2025-05-14,店舗2,商品08,1,206,206
105668,2025-05-14,店舗2,商品09,1,182,182
105824,2025-05-14,店舗2,商品09,1,182,182
105824,2025-05-14,店舗2,商品09,2,182,364
105824,2025-05-14,店舗2,商品09,1,182,182
105824,2025-05-14,店舗2,商品09,2,182,364
105824,2025-05-14,店舗2,商品09,2,182,364
105824,2025-05-14,店舗2,商品09,2,182,364
105824,2025-05-14,店舗2,商品09,1,182,182
105897,2025-05-14,店舗2,商品07,2,182,364
100304,2025-05-15,店舗1,商品12,4,206,824
100514,2025-05-15,店舗1,商品12,4,206,824
101136,2025-05-15,店舗1,商品12,3,206,618
101136,2025-05-15,店舗1,商品12,5,206,1030
101136,2025-05-15,店舗1,商品12,5,206,1030
102951,2025-05-15,店舗1,商品12,3,206,618
102964,2025-05-15,店舗1,商品12,4,206,824
102977,2025-05-15,店舗1,商品12,4,206,824
103441,2025-05-15,店舗1,商品12,4,206,824
105884,2025-05-15,店舗1,商品12,4,206,824
100054,2025-05-15,店舗2,商品09,2,182,364
100137,2025-05-15,店舗2,商品07,5,182,910
100409,2025-05-15,店舗2,商品08,3,206,618
101814,2025-05-15,店舗2,商品09,3,182,546
101970,2025-05-15,店舗2,商品10,2,206,412
102448,2025-05-15,店舗2,商品07,1,182,182
102845,2025-05-15,店舗2,商品07,2,182,364
103285,2025-05-15,店舗2,商品04,3,206,618
103374,2025-05-15,店舗2,商品08,2,206,412
103374,2025-05-15,店舗2,商品08,4,206,824
103452,2025-05-15,店舗2,商品07,3,182,546
103452,2025-05-15,店舗2,商品09,3,182,546
105650,2025-05-15,店舗2,商品05,3,206,618
105810,2025-05-15,店舗2,商品01,2,182,364
101562,2025-05-16,店舗1,商品12,5,206,1030
102331,2025-05-16,店舗1,商品12,6,206,1236
102922,2025-05-16,店舗1,商品12,3,206,618
102922,2025-05-16,店舗1,商品12,4,206,824
103082,2025-05-16,店舗1,商品12,6,206,1236
103524,2025-05-16,店舗1,商品12,5,206,1030
104197,2025-05-16,店舗1,商品12,5,206,1030
104285,2025-05-16,店舗1,商品12,6,206,1236
104527,2025-05-16,店舗1,商品12,3,206,618
104957,2025-05-16,店舗1,商品04,8,206,1648
104957,2025-05-16,店舗1,商品04,3,206,618
105231,2025-05-16,店舗1,商品11,1,630,630
100217,2025-05-16,店舗2,商品07,6,182,1092
100417,2025-05-16,店舗2,商品04,4,206,824
100538,2025-05-16,店舗2,商品08,5,206,1030
102337,2025-05-16,店舗2,商品01,3,182,546
102636,2025-05-16,店舗2,商品09,4,182,728
102738,2025-05-16,店舗2,商品07,3,182,546
104087,2025-05-16,店舗2,商品04,4,206,824
104092,2025-05-16,店舗2,商品08,2,206,412
104120,2025-05-16,店舗2,商品04,3,206,618
104560,2025-05-16,店舗2,商品04,2,206,412
104697,2025-05-16,店舗2,商品09,3,182,546
104972,2025-05-16,店舗2,商品07,4,182,728
105135,2025-05-16,店舗2,商品09,2,182,364
100037,2025-05-17,店舗1,商品12,8,206,1648
100192,2025-05-17,店舗1,商品12,9,206,1854
100964,2025-05-17,店舗1,商品12,6,206,1236
101178,2025-05-17,店舗1,商品10,3,206,618
101401,2025-05-17,店舗1,商品12,4,206,824
101755,2025-05-17,店舗1,商品12,6,206,1236
101755,2025-05-17,店舗1,商品12,5,206,1030
102412,2025-05-17,店舗1,商品12,8,206,1648
102485,2025-05-17,店舗1,商品12,6,206,1236
103418,2025-05-17,店舗1,商品12,13,206,2678
103563,2025-05-17,店舗1,商品12,5,206,1030
104330,2025-05-17,店舗1,商品12,6,206,1236
104410,2025-05-17,店舗1,商品12,7,206,1442
104453,2025-05-17,店舗1,商品10,5,206,1030
104525,2025-05-17,店舗1,商品12,5,206,1030
104598,2025-05-17,店舗1,商品12,6,206,1236
104640,2025-05-17,店舗1,商品12,5,206,1030
104826,2025-05-17,店舗1,商品12,4,206,824
104940,2025-05-17,店舗1,商品12,7,206,1442
105253,2025-05-17,店舗1,商品12,6,206,1236
105667,2025-05-17,店舗1,商品12,7,206,1442
105755,2025-05-17,店舗1,商品07,8,182,1456
105755,2025-05-17,店舗1,商品07,8,182,1456
105755,2025-05-17,店舗1,商品07,7,182,1274
100929,2025-05-17,店舗2,商品08,2,206,412
101211,2025-05-17,店舗2,商品09,2,182,364
101545,2025-05-17,店舗2,商品04,4,206,824
104997,2025-05-17,店舗2,商品06,2,206,412
100369,2025-05-18,店舗1,商品12,3,206,618
101457,2025-05-18,店舗1,商品12,4,206,824
101568,2025-05-18,店舗1,商品12,5,206,1030
101568,2025-05-18,店舗1,商品12,7,206,1442
101781,2025-05-18,店舗1,商品12,4,206,824
102018,2025-05-18,店舗1,商品12,6,206,1236
102785,2025-05-18,店舗1,商品12,6,206,1236
102800,2025-05-18,店舗1,商品12,4,206,824
103205,2025-05-18,店舗1,商品12,4,206,824
103425,2025-05-18,店舗1,商品12,5,206,1030
103934,2025-05-18,店舗1,商品12,7,206,1442
103934,2025-05-18,店舗1,商品12,7,206,1442
103934,2025-05-18,店舗1,商品12,8,206,1648
103934,2025-05-18,店舗1,商品12,3,206,618
103992,2025-05-18,店舗1,商品12,8,206,1648
104029,2025-05-18,店舗1,商品12,5,206,1030
104575,2025-05-18,店舗1,商品07,6,182,1092
104722,2025-05-18,店舗1,商品12,9,206,1854
104722,2025-05-18,店舗1,商品12,4,206,824
105171,2025-05-18,店舗1,商品12,8,206,1648
105171,2025-05-18,店舗1,商品12,5,206,1030
105444,2025-05-18,店舗1,商品12,4,206,824
105488,2025-05-18,店舗1,商品12,7,206,1442
105625,2025-05-18,店舗1,商品12,6,206,1236
101731,2025-05-18,店舗2,商品07,2,182,364
102226,2025-05-18,店舗2,商品08,3,206,618
105436,2025-05-18,店舗2,商品09,2,182,364
100055,2025-05-19,店舗1,商品12,3,206,618
100055,2025-05-19,店舗1,商品12,4,206,824
100489,2025-05-19,店舗1,商品12,6,206,1236
102488,2025-05-19,店舗1,商品12,5,206,1030
103933,2025-05-19,店舗1,商品12,3,206,618
103933,2025-05-19,店舗1,商品12,4,206,824
104976,2025-05-19,店舗1,商品12,1,206,206
105109,2025-05-19,店舗1,商品12,1,206,206
105109,2025-05-19,店舗1,商品12,3,206,618
105218,2025-05-19,店舗1,商品12,2,206,412
100501,2025-05-19,店舗2,商品08,2,206,412
100501,2025-05-19,店舗2,商品09,4,182,728
101412,2025-05-19,店舗2,商品09,3,182,546
102509,2025-05-19,店舗2,商品04,2,206,412
102800,2025-05-19,店舗2,商品01,3,182,546
103157,2025-05-19,店舗2,商品07,3,182,546
103163,2025-05-19,店舗2,商品08,3,206,618
103163,2025-05-19,店舗2,商品08,3,206,618
103344,2025-05-19,店舗2,商品09,3,182,546
103382,2025-05-19,店舗2,商品07,2,182,364
103921,2025-05-19,店舗2,商品04,2,206,412
104017,2025-05-19,店舗2,商品09,5,182,910
104827,2025-05-19,店舗2,商品05,2,206,412
105073,2025-05-19,店舗2,商品09,3,182,546
101303,2025-05-20,店舗1,商品12,3,206,618
101303,2025-05-20,店舗1,商品12,4,206,824
102299,2025-05-20,店舗1,商品12,6,206,1236
103483,2025-05-20,店舗1,商品12,3,206,618
104428,2025-05-20,店舗1,商品12,3,206,618
105444,2025-05-20,店舗1,商品09,3,182,546
105444,2025-05-20,店舗1,商品12,5,206,1030
105762,2025-05-20,店舗1,商品12,4,206,824
105841,2025-05-20,店舗1,商品12,4,206,824
100780,2025-05-20,店舗2,商品09,3,182,546
100780,2025-05-20,店舗2,商品09,2,182,364
101171,2025-05-20,店舗2,商品04,3,206,618
101500,2025-05-20,店舗2,商品07,2,182,364
101606,2025-05-20,店舗2,商品06,1,206,206
101606,2025-05-20,店舗2,商品08,2,206,412
101628,2025-05-20,店舗2,商品04,4,206,824
101628,2025-05-20,店舗2,商品04,2,206,412
102217,2025-05-20,店舗2,商品04,2,206,412
102374,2025-05-20,店舗2,商品09,2,182,364
103296,2025-05-20,店舗2,商品07,4,182,728
104821,2025-05-20,店舗2,商品07,5,182,910
105160,2025-05-20,店舗2,商品03,1,446,446
105287,2025-05-20,店舗2,商品05,4,206,824
105762,2025-05-20,店舗2,商品07,3,182,546
100464,2025-05-21,店舗1,商品12,2,206,412
101625,2025-05-21,店舗1,商品12,5,206,1030
101731,2025-05-21,店舗1,商品12,3,206,618
102562,2025-05-21,店舗1,商品12,3,206,618
104940,2025-05-21,店舗1,商品12,7,206,1442
105018,2025-05-21,店舗1,商品12,3,206,618
105018,2025-05-21,店舗1,商品12,5,206,1030
105018,2025-05-21,店舗1,商品12,7,206,1442
105236,2025-05-21,店舗1,商品12,3,206,618
100171,2025-05-21,店舗2,商品04,3,206,618
101037,2025-05-21,店舗2,商品09,3,182,546
101273,2025-05-21,店舗2,商品07,3,182,546
101314,2025-05-21,店舗2,商品04,3,206,618
101920,2025-05-21,店舗2,商品09,2,182,364
102477,2025-05-21,店舗2,商品09,2,182,364
102477,2025-05-21,店舗2,商品09,3,182,546
102686,2025-05-21,店舗2,商品06,3,206,618
102686,2025-05-21,店舗2,商品06,2,206,412
102686,2025-05-21,店舗2,商品06,2,206,412
102771,2025-05-21,店舗2,商品08,2,206,412
103417,2025-05-21,店舗2,商品07,2,182,364
103417,2025-05-21,店舗2,商品08,3,206,618
104235,2025-05-21,店舗2,商品08,2,206,412
104607,2025-05-21,店舗2,商品09,3,182,546
105493,2025-05-21,店舗2,商品07,1,182,182
105748,2025-05-21,店舗2,商品08,3,206,618
100864,2025-05-22,店舗1,商品07,2,182,364
100864,2025-05-22,店舗1,商品07,2,182,364
102085,2025-05-22,店舗1,商品12,1,206,206
102279,2025-05-22,店舗1,商品06,2,206,412
102737,2025-05-22,店舗1,商品07,2,182,364
102928,2025-05-22,店舗1,商品12,2,206,412
104009,2025-05-22,店舗1,商品06,1,206,206
104009,2025-05-22,店舗1,商品06,1,206,206
104009,2025-05-22,店舗1,商品06,2,206,412
104009,2025-05-22,店舗1,商品06,1,206,206
104009,2025-05-22,店舗1,商品06,1,206,206
104009,2025-05-22,店舗1,商品06,2,206,412
104009,2025-05-22,店舗1,商品06,2,206,412
104009,2025-05-22,店舗1,商品06,2,206,412
104009,2025-05-22,店舗1,商品06,2,206,412
104009,2025-05-22,店舗1,商品06,2,206,412
104009,2025-05-22,店舗1,商品06,2,206,412
104009,2025-05-22,店舗1,商品06,5,206,1030
104066,2025-05-22,店舗1,商品12,2,206,412
100370,2025-05-22,店舗2,商品05,3,206,618
100409,2025-05-22,店舗2,商品09,3,182,546
100575,2025-05-22,店舗2,商品04,1,206,206
101244,2025-05-22,店舗2,商品09,3,182,546
101591,2025-05-22,店舗2,商品04,3,206,618
101591,2025-05-22,店舗2,商品04,3,206,618
102773,2025-05-22,店舗2,商品09,3,182,546
103166,2025-05-22,店舗2,商品06,5,206,1030
104571,2025-05-22,店舗2,商品08,2,206,412
105185,2025-05-22,店舗2,商品09,1,182,182
105264,2025-05-22,店舗2,商品08,2,206,412
105317,2025-05-22,店舗2,商品07,1,182,182
105317,2025-05-22,店舗2,商品08,1,206,206
105317,2025-05-22,店舗2,商品09,2,182,364
105395,2025-05-22,店舗2,商品01,2,182,364
105395,2025-05-22,店舗2,商品01,2,182,364
101136,2025-05-23,店舗1,商品12,3,206,618
101406,2025-05-23,店舗1,商品12,4,206,824
101657,2025-05-23,店舗1,商品12,5,206,1030
102397,2025-05-23,店舗1,商品12,10,206,2060
103285,2025-05-23,店舗1,商品12,3,206,618
105048,2025-05-23,店舗1,商品12,4,206,824
105048,2025-05-23,店舗1,商品12,3,206,618
105214,2025-05-23,店舗1,商品10,5,206,1030
105214,2025-05-23,店舗1,商品10,3,206,618
105688,2025-05-23,店舗1,商品01,5,182,910
105910,2025-05-23,店舗1,商品12,5,206,1030
100054,2025-05-23,店舗2,商品09,3,182,546
100422,2025-05-23,店舗2,商品08,4,206,824
100981,2025-05-23,店舗2,商品07,2,182,364
101841,2025-05-23,店舗2,商品08,2,206,412
102135,2025-05-23,店舗2,商品06,2,206,412
102485,2025-05-23,店舗2,商品06,4,206,824
102533,2025-05-23,店舗2,商品09,4,182,728
103033,2025-05-23,店舗2,商品09,3,182,546
104536,2025-05-23,店舗2,商品04,2,206,412
104536,2025-05-23,店舗2,商品09,2,182,364
104977,2025-05-23,店舗2,商品07,2,182,364
105052,2025-05-23,店舗2,商品04,3,206,618
105052,2025-05-23,店舗2,商品09,5,182,910
105666,2025-05-23,店舗2,商品05,3,206,618
105666,2025-05-23,店舗2,商品05,3,206,618
100409,2025-05-24,店舗1,商品04,3,206,618
100409,2025-05-24,店舗1,商品12,5,206,1030
100409,2025-05-24,店舗1,商品12,7,206,1442
101133,2025-05-24,店舗1,商品12,4,206,824
101133,2025-05-24,店舗1,商品12,5,206,1030
101814,2025-05-24,店舗1,商品12,3,206,618
102126,2025-05-24,店舗1,商品12,4,206,824
102664,2025-05-24,店舗1,商品12,4,206,824
102774,2025-05-24,店舗1,商品12,8,206,1648
102894,2025-05-24,店舗1,商品12,5,206,1030
102894,2025-05-24,店舗1,商品12,5,206,1030
102976,2025-05-24,店舗1,商品12,7,206,1442
102999,2025-05-24,店舗1,商品12,5,206,1030
103295,2025-05-24,店舗1,商品06,4,206,824
103295,2025-05-24,店舗1,商品10,2,206,412
103295,2025-05-24,店舗1,商品12,4,206,824
103852,2025-05-24,店舗1,商品12,4,206,824
103873,2025-05-24,店舗1,商品12,9,206,1854
104068,2025-05-24,店舗1,商品12,7,206,1442
104391,2025-05-24,店舗1,商品12,3,206,618
104391,2025-05-24,店舗1,商品12,4,206,824
104494,2025-05-24,店舗1,商品12,6,206,1236
104874,2025-05-24,店舗1,商品12,6,206,1236
105376,2025-05-24,店舗1,商品12,2,206,412
105456,2025-05-24,店舗1,商品12,3,206,618
105461,2025-05-24,店舗1,商品12,7,206,1442
105740,2025-05-24,店舗1,商品10,4,206,824
105740,2025-05-24,店舗1,商品10,4,206,824
105740,2025-05-24,店舗1,商品12,5,206,1030
105740,2025-05-24,店舗1,商品12,5,206,1030
105740,2025-05-24,店舗1,商品12,5,206,1030
105740,2025-05-24,店舗1,商品12,4,206,824
105839,2025-05-24,店舗1,商品12,3,206,618
100067,2025-05-24,店舗2,商品07,2,182,364
101798,2025-05-24,店舗2,商品06,1,206,206
103364,2025-05-24,店舗2,商品09,1,182,182
103364,2025-05-24,店舗2,商品09,2,182,364
104883,2025-05-24,店舗2,商品07,2,182,364
105519,2025-05-24,店舗2,商品04,1,206,206
105519,2025-05-24,店舗2,商品04,1,206,206
100784,2025-05-25,店舗1,商品12,8,206,1648
100784,2025-05-25,店舗1,商品12,6,206,1236
100891,2025-05-25,店舗1,商品12,7,206,1442
100978,2025-05-25,店舗1,商品12,7,206,1442
101160,2025-05-25,店舗1,商品07,11,182,2002
102337,2025-05-25,店舗1,商品12,8,206,1648
102374,2025-05-25,店舗1,商品12,6,206,1236
102718,2025-05-25,店舗1,商品12,5,206,1030
103163,2025-05-25,店舗1,商品12,3,206,618
103402,2025-05-25,店舗1,商品12,4,206,824
103564,2025-05-25,店舗1,商品12,7,206,1442
103698,2025-05-25,店舗1,商品12,10,206,2060
103820,2025-05-25,店舗1,商品12,8,206,1648
104066,2025-05-25,店舗1,商品12,7,206,1442
104078,2025-05-25,店舗1,商品12,5,206,1030
104769,2025-05-25,店舗1,商品07,7,182,1274
104908,2025-05-25,店舗1,商品12,9,206,1854
105212,2025-05-25,店舗1,商品12,5,206,1030
105778,2025-05-25,店舗1,商品07,5,182,910
100209,2025-05-25,店舗2,商品08,2,206,412
104293,2025-05-25,店舗2,商品04,2,206,412
105439,2025-05-25,店舗2,商品07,3,182,546
101105,2025-05-26,店舗1,商品12,3,206,618
101559,2025-05-26,店舗1,商品12,5,206,1030
101559,2025-05-26,店舗1,商品12,4,206,824
102331,2025-05-26,店舗1,商品12,5,206,1030
103115,2025-05-26,店舗1,商品12,4,206,824
103516,2025-05-26,店舗1,商品12,4,206,824
105059,2025-05-26,店舗1,商品12,5,206,1030
105611,2025-05-26,店舗1,商品12,4,206,824
100004,2025-05-26,店舗2,商品06,3,206,618
100226,2025-05-26,店舗2,商品07,1,182,182
100758,2025-05-26,店舗2,商品06,1,206,206
101211,2025-05-26,店舗2,商品04,3,206,618
101959,2025-05-26,店舗2,商品08,4,206,824
101992,2025-05-26,店舗2,商品08,3,206,618
102996,2025-05-26,店舗2,商品01,3,182,546
103058,2025-05-26,店舗2,商品05,2,206,412
103363,2025-05-26,店舗2,商品04,3,206,618
104547,2025-05-26,店舗2,商品04,1,206,206
104547,2025-05-26,店舗2,商品08,2,206,412
104547,2025-05-26,店舗2,商品08,2,206,412
105376,2025-05-26,店舗2,商品05,3,206,618
105376,2025-05-26,店舗2,商品05,2,206,412
105376,2025-05-26,店舗2,商品07,2,182,364
100102,2025-05-27,店舗1,商品12,3,206,618
100957,2025-05-27,店舗1,商品12,3,206,618
101430,2025-05-27,店舗1,商品12,5,206,1030
102882,2025-05-27,店舗1,商品12,4,206,824
104369,2025-05-27,店舗1,商品12,5,206,1030
104369,2025-05-27,店舗1,商品12,3,206,618
104429,2025-05-27,店舗1,商品12,5,206,1030
105353,2025-05-27,店舗1,商品07,5,182,910
100252,2025-05-27,店舗2,商品01,2,182,364
101646,2025-05-27,店舗2,商品09,3,182,546
101992,2025-05-27,店舗2,商品08,2,206,412
101999,2025-05-27,店舗2,商品09,3,182,546
102947,2025-05-27,店舗2,商品07,4,182,728
102947,2025-05-27,店舗2,商品08,1,206,206
102947,2025-05-27,店舗2,商品09,2,182,364
102992,2025-05-27,店舗2,商品10,2,206,412
103050,2025-05-27,店舗2,商品04,3,206,618
103460,2025-05-27,店舗2,商品09,1,182,182
104121,2025-05-27,店舗2,商品08,3,206,618
104477,2025-05-27,店舗2,商品07,3,182,546
105033,2025-05-27,店舗2,商品09,2,182,364
105033,2025-05-27,店舗2,商品09,3,182,546
105799,2025-05-27,店舗2,商品08,3,206,618
102552,2025-05-28,店舗1,商品12,3,206,618
102552,2025-05-28,店舗1,商品12,4,206,824
102709,2025-05-28,店舗1,商品12,4,206,824
102709,2025-05-28,店舗1,商品12,3,206,618
102709,2025-05-28,店舗1,商品12,2,206,412
102709,2025-05-28,店舗1,商品12,3,206,618
102709,2025-05-28,店舗1,商品12,3,206,618
104874,2025-05-28,店舗1,商品12,2,206,412
105376,2025-05-28,店舗1,商品11,1,630,630
105484,2025-05-28,店舗1,商品12,5,206,1030
105743,2025-05-28,店舗1,商品12,4,206,824
105884,2025-05-28,店舗1,商品12,3,206,618
100027,2025-05-28,店舗2,商品09,2,182,364
100608,2025-05-28,店舗2,商品07,1,182,182
100608,2025-05-28,店舗2,商品08,2,206,412
100830,2025-05-28,店舗2,商品09,2,182,364
101403,2025-05-28,店舗2,商品07,1,182,182
101403,2025-05-28,店舗2,商品07,2,182,364
101403,2025-05-28,店舗2,商品07,3,182,546
102146,2025-05-28,店舗2,商品09,2,182,364
102988,2025-05-28,店舗2,商品09,2,182,364
104135,2025-05-28,店舗2,商品09,3,182,546
104216,2025-05-28,店舗2,商品04,2,206,412
104410,2025-05-28,店舗2,商品09,2,182,364
104858,2025-05-28,店舗2,商品10,2,206,412
104950,2025-05-28,店舗2,商品09,2,182,364
104950,2025-05-28,店舗2,商品09,3,182,546
105892,2025-05-28,店舗2,商品07,1,182,182
105892,2025-05-28,店舗2,商品07,2,182,364
105892,2025-05-28,店舗2,商品07,4,182,728
100487,2025-05-29,店舗1,商品12,5,206,1030
100713,2025-05-29,店舗1,商品12,5,206,1030
102696,2025-05-29,店舗1,商品12,5,206,1030
103120,2025-05-29,店舗1,商品12,6,206,1236
103436,2025-05-29,店舗1,商品12,5,206,1030
103825,2025-05-29,店舗1,商品12,4,206,824
105967,2025-05-29,店舗1,商品12,4,206,824
100497,2025-05-29,店舗2,商品08,3,206,618
100845,2025-05-29,店舗2,商品09,2,182,364
100845,2025-05-29,店舗2,商品09,3,182,546
100845,2025-05-29,店舗2,商品09,2,182,364
101723,2025-05-29,店舗2,商品04,2,206,412
102038,2025-05-29,店舗2,商品08,1,206,206
102908,2025-05-29,店舗2,商品05,3,206,618
104128,2025-05-29,店舗2,商品07,3,182,546
104802,2025-05-29,店舗2,商品07,2,182,364
105141,2025-05-29,店舗2,商品09,4,182,728
105441,2025-05-29,店舗2,商品09,2,182,364
105441,2025-05-29,店舗2,商品09,3,182,546
105468,2025-05-29,店舗2,商品09,2,182,364
105587,2025-05-29,店舗2,商品07,2,182,364
105666,2025-05-29,店舗2,商品05,2,206,412
105666,2025-05-29,店舗2,商品05,4,206,824
101848,2025-05-30,店舗1,商品12,5,206,1030
102065,2025-05-30,店舗1,商品12,4,206,824
102751,2025-05-30,店舗1,商品12,5,206,1030
102785,2025-05-30,店舗1,商品07,9,182,1638
102918,2025-05-30,店舗1,商品12,4,206,824
103452,2025-05-30,店舗1,商品12,5,206,1030
103703,2025-05-30,店舗1,商品12,5,206,1030
104523,2025-05-30,店舗1,商品12,6,206,1236
104523,2025-05-30,店舗1,商品12,4,206,824
104957,2025-05-30,店舗1,商品12,3,206,618
104957,2025-05-30,店舗1,商品12,3,206,618
105556,2025-05-30,店舗1,商品12,2,206,412
100643,2025-05-30,店舗2,商品04,3,206,618
100643,2025-05-30,店舗2,商品07,4,182,728
100769,2025-05-30,店舗2,商品04,3,206,618
101273,2025-05-30,店舗2,商品08,3,206,618
101731,2025-05-30,店舗2,商品07,3,182,546
102581,2025-05-30,店舗2,商品07,3,182,546
102665,2025-05-30,店舗2,商品07,3,182,546
102689,2025-05-30,店舗2,商品08,3,206,618
103811,2025-05-30,店舗2,商品09,3,182,546
103929,2025-05-30,店舗2,商品07,2,182,364
104545,2025-05-30,店舗2,商品09,3,182,546
105194,2025-05-30,店舗2,商品08,4,206,824
105516,2025-05-30,店舗2,商品09,3,182,546
105622,2025-05-30,店舗2,商品09,3,182,546
105860,2025-05-30,店舗2,商品09,3,182,546
100349,2025-05-31,店舗1,商品12,4,206,824
100464,2025-05-31,店舗1,商品12,4,206,824
101074,2025-05-31,店舗1,商品12,4,206,824
101266,2025-05-31,店舗1,商品12,8,206,1648
101275,2025-05-31,店舗1,商品12,6,206,1236
101349,2025-05-31,店舗1,商品12,6,206,1236
101761,2025-05-31,店舗1,商品12,5,206,1030
101988,2025-05-31,店舗1,商品12,3,206,618
102112,2025-05-31,店舗1,商品12,8,206,1648
102822,2025-05-31,店舗1,商品12,6,206,1236
103732,2025-05-31,店舗1,商品12,9,206,1854
103791,2025-05-31,店舗1,商品12,5,206,1030
104075,2025-05-31,店舗1,商品12,10,206,2060
104128,2025-05-31,店舗1,商品01,6,182,1092
104442,2025-05-31,店舗1,商品12,4,206,824
104892,2025-05-31,店舗1,商品12,7,206,1442
104992,2025-05-31,店舗1,商品07,9,182,1638
104992,2025-05-31,店舗1,商品12,6,206,1236
105718,2025-05-31,店舗1,商品01,5,182,910
105948,2025-05-31,店舗1,商品06,4,206,824
105948,2025-05-31,店舗1,商品06,6,206,1236
105948,2025-05-31,店舗1,商品06,8,206,1648
101237,2025-05-31,店舗2,商品07,2,182,364
103779,2025-05-31,店舗2,商品06,3,206,618
103815,2025-05-31,店舗2,商品04,2,206,412
105780,2025-05-31,店舗2,商品09,3,182,546
100065,2025-06-01,店舗1,商品12,3,206,618
100070,2025-06-01,店舗1,商品12,5,206,1030
100297,2025-06-01,店舗1,商品12,5,206,1030
100369,2025-06-01,店舗1,商品12,3,206,618
101037,2025-06-01,店舗1,商品12,6,206,1236
101427,2025-06-01,店舗1,商品12,6,206,1236
101427,2025-06-01,店舗1,商品12,5,206,1030
101427,2025-06-01,店舗1,商品12,5,206,1030
101427,2025-06-01,店舗1,商品12,6,206,1236
101460,2025-06-01,店舗1,商品12,8,206,1648
101731,2025-06-01,店舗1,商品10,8,206,1648
102899,2025-06-01,店舗1,商品12,4,206,824
102899,2025-06-01,店舗1,商品12,6,206,1236
102899,2025-06-01,店舗1,商品12,3,206,618
102899,2025-06-01,店舗1,商品12,5,206,1030
103193,2025-06-01,店舗1,商品12,3,206,618
103476,2025-06-01,店舗1,商品12,4,206,824
104032,2025-06-01,店舗1,商品12,4,206,824
104293,2025-06-01,店舗1,商品12,5,206,1030
104826,2025-06-01,店舗1,商品12,7,206,1442
105040,2025-06-01,店舗1,商品12,4,206,824
105232,2025-06-01,店舗1,商品12,6,206,1236
105232,2025-06-01,店舗1,商品12,8,206,1648
105444,2025-06-01,店舗1,商品12,5,206,1030
105544,2025-06-01,店舗1,商品12,4,206,824
100547,2025-06-01,店舗2,商品04,2,206,412
101147,2025-06-01,店舗2,商品08,1,206,206
103948,2025-06-01,店舗2,商品08,3,206,618
101939,2025-06-02,店舗1,商品12,2,206,412
101980,2025-06-02,店舗1,商品07,4,182,728
101980,2025-06-02,店舗1,商品12,1,206,206
102530,2025-06-02,店舗1,商品12,7,206,1442
102609,2025-06-02,店舗1,商品12,3,206,618
103995,2025-06-02,店舗1,商品12,3,206,618
104851,2025-06-02,店舗1,商品12,6,206,1236
105964,2025-06-02,店舗1,商品12,6,206,1236
100384,2025-06-02,店舗2,商品09,2,182,364
100501,2025-06-02,店舗2,商品08,2,206,412
101916,2025-06-02,店舗2,商品09,2,182,364
102083,2025-06-02,店舗2,商品09,3,182,546
102665,2025-06-02,店舗2,商品05,2,206,412
103743,2025-06-02,店舗2,商品09,4,182,728
103757,2025-06-02,店舗2,商品04,3,206,618
103913,2025-06-02,店舗2,商品09,4,182,728
103913,2025-06-02,店舗2,商品09,1,182,182
104234,2025-06-02,店舗2,商品04,2,206,412
104867,2025-06-02,店舗2,商品09,3,182,546
104867,2025-06-02,店舗2,商品09,2,182,364
105809,2025-06-02,店舗2,商品08,3,206,618
105876,2025-06-02,店舗2,商品04,4,206,824
102941,2025-06-03,店舗1,商品10,4,206,824
102958,2025-06-03,店舗1,商品12,4,206,824
103074,2025-06-03,店舗1,商品02,1,315,315
103560,2025-06-03,店舗1,商品12,3,206,618
104867,2025-06-03,店舗1,商品09,8,182,1456
105322,2025-06-03,店舗1,商品12,5,206,1030
105322,2025-06-03,店舗1,商品12,5,206,1030
100243,2025-06-03,店舗2,商品04,3,206,618
100624,2025-06-03,店舗2,商品08,3,206,618
101055,2025-06-03,店舗2,商品01,3,182,546
101511,2025-06-03,店舗2,商品09,2,182,364
101606,2025-06-03,店舗2,商品01,4,182,728
101899,2025-06-03,店舗2,商品08,2,206,412
102562,2025-06-03,店舗2,商品01,2,182,364
102828,2025-06-03,店舗2,商品01,3,182,546
104617,2025-06-03,店舗2,商品06,2,206,412
104617,2025-06-03,店舗2,商品06,2,206,412
104617,2025-06-03,店舗2,商品06,4,206,824
105036,2025-06-03,店舗2,商品05,3,206,618
105444,2025-06-03,店舗2,商品05,2,206,412
105840,2025-06-03,店舗2,商品07,4,182,728
105868,2025-06-03,店舗2,商品07,2,182,364
100130,2025-06-04,店舗1,商品12,3,206,618
100454,2025-06-04,店舗1,商品12,3,206,618
101731,2025-06-04,店舗1,商品12,4,206,824
101731,2025-06-04,店舗1,商品12,4,206,824
101731,2025-06-04,店舗1,商品12,3,206,618
102045,2025-06-04,店舗1,商品12,4,206,824
102351,2025-06-04,店舗1,商品12,4,206,824
102351,2025-06-04,店舗1,商品12,3,206,618
103687,2025-06-04,店舗1,商品12,2,206,412
104295,2025-06-04,店舗1,商品12,3,206,618
100045,2025-06-04,店舗2,商品09,3,182,546
100239,2025-06-04,店舗2,商品08,3,206,618
100533,2025-06-04,店舗2,商品07,3,182,546
100677,2025-06-04,店舗2,商品08,2,206,412
101136,2025-06-04,店舗2,商品08,3,206,618
101327,2025-06-04,店舗2,商品09,2,182,364
101427,2025-06-04,店舗2,商品07,3,182,546
102207,2025-06-04,店舗2,商品10,3,206,618
102363,2025-06-04,店舗2,商品06,3,206,618
103613,2025-06-04,店舗2,商品05,2,206,412
103613,2025-06-04,店舗2,商品05,2,206,412
103613,2025-06-04,店舗2,商品07,2,182,364
103613,2025-06-04,店舗2,商品07,4,182,728
103869,2025-06-04,店舗2,商品05,2,206,412
104939,2025-06-04,店舗2,商品06,2,206,412
100297,2025-06-05,店舗1,商品12,3,206,618
100297,2025-06-05,店舗1,商品12,4,206,824
100733,2025-06-05,店舗1,商品04,4,206,824
104026,2025-06-05,店舗1,商品12,7,206,1442
104077,2025-06-05,店舗1,商品12,4,206,824
104640,2025-06-05,店舗1,商品12,4,206,824
105331,2025-06-05,店舗1,商品12,6,206,1236
105358,2025-06-05,店舗1,商品12,3,206,618
100858,2025-06-05,店舗2,商品08,1,206,206
100929,2025-06-05,店舗2,商品09,3,182,546
100929,2025-06-05,店舗2,商品09,1,182,182
101999,2025-06-05,店舗2,商品06,3,206,618
102479,2025-06-05,店舗2,商品07,3,182,546
102931,2025-06-05,店舗2,商品03,1,446,446
102931,2025-06-05,店舗2,商品09,3,182,546
104574,2025-06-05,店舗2,商品08,3,206,618
104652,2025-06-05,店舗2,商品09,3,182,546
104912,2025-06-05,店舗2,商品09,3,182,546
104942,2025-06-05,店舗2,商品09,2,182,364
104942,2025-06-05,店舗2,商品09,4,182,728
104942,2025-06-05,店舗2,商品09,2,182,364
105033,2025-06-05,店舗2,商品01,3,182,546
105195,2025-06-05,店舗2,商品07,2,182,364
105745,2025-06-05,店舗2,商品09,2,182,364
100258,2025-06-06,店舗1,商品12,3,206,618
100335,2025-06-06,店舗1,商品12,9,206,1854
101696,2025-06-06,店舗1,商品12,6,206,1236
102569,2025-06-06,店舗1,商品12,7,206,1442
102569,2025-06-06,店舗1,商品12,4,206,824
102569,2025-06-06,店舗1,商品12,4,206,824
102627,2025-06-06,店舗1,商品12,3,206,618
104686,2025-06-06,店舗1,商品12,3,206,618
105214,2025-06-06,店舗1,商品10,5,206,1030
105214,2025-06-06,店舗1,商品11,1,630,630
100171,2025-06-06,店舗2,商品04,4,206,824
100278,2025-06-06,店舗2,商品05,2,206,412
100278,2025-06-06,店舗2,商品06,5,206,1030
100278,2025-06-06,店舗2,商品06,3,206,618
102439,2025-06-06,店舗2,商品01,3,182,546
103049,2025-06-06,店舗2,商品04,1,206,206
103369,2025-06-06,店舗2,商品01,2,182,364
103663,2025-06-06,店舗2,商品09,2,182,364
104345,2025-06-06,店舗2,商品06,2,206,412
104434,2025-06-06,店舗2,商品09,2,182,364
104525,2025-06-06,店舗2,商品08,3,206,618
104525,2025-06-06,店舗2,商品08,2,206,412
104685,2025-06-06,店舗2,商品04,2,206,412
105102,2025-06-06,店舗2,商品09,5,182,910
105231,2025-06-06,店舗2,商品01,3,182,546
105755,2025-06-06,店舗2,商品03,1,446,446
100102,2025-06-07,店舗1,商品04,4,206,824
100463,2025-06-07,店舗1,商品12,6,206,1236
100936,2025-06-07,店舗1,商品12,6,206,1236
101283,2025-06-07,店舗1,商品12,4,206,824
101283,2025-06-07,店舗1,商品12,7,206,1442
101375,2025-06-07,店舗1,商品12,5,206,1030
101691,2025-06-07,店舗1,商品12,5,206,1030
102757,2025-06-07,店舗1,商品12,4,206,824
102920,2025-06-07,店舗1,商品12,6,206,1236
103053,2025-06-07,店舗1,商品05,10,206,2060
103084,2025-06-07,店舗1,商品07,5,182,910
103304,2025-06-07,店舗1,商品12,6,206,1236
103304,2025-06-07,店舗1,商品12,10,206,2060
103564,2025-06-07,店舗1,商品12,7,206,1442
103853,2025-06-07,店舗1,商品11,1,630,630
104028,2025-06-07,店舗1,商品12,8,206,1648
104058,2025-06-07,店舗1,商品12,11,206,2266
104247,2025-06-07,店舗1,商品12,5,206,1030
104258,2025-06-07,店舗1,商品11,2,630,1260
104416,2025-06-07,店舗1,商品12,2,206,412
104416,2025-06-07,店舗1,商品12,7,206,1442
104450,2025-06-07,店舗1,商品09,6,182,1092
104450,2025-06-07,店舗1,商品10,6,206,1236
101419,2025-06-07,店舗2,商品07,2,182,364
101427,2025-06-07,店舗2,商品07,1,182,182
103754,2025-06-07,店舗2,商品09,2,182,364
105307,2025-06-07,店舗2,商品08,3,206,618
105456,2025-06-07,店舗2,商品04,2,206,412
100985,2025-06-08,店舗1,商品12,7,206,1442
101359,2025-06-08,店舗1,商品12,5,206,1030
101359,2025-06-08,店舗1,商品12,5,206,1030
101435,2025-06-08,店舗1,商品12,6,206,1236
101490,2025-06-08,店舗1,商品12,5,206,1030
101827,2025-06-08,店舗1,商品12,8,206,1648
101940,2025-06-08,店舗1,商品12,5,206,1030
102136,2025-06-08,店舗1,商品12,9,206,1854
102345,2025-06-08,店舗1,商品12,8,206,1648
102485,2025-06-08,店舗1,商品12,6,206,1236
102918,2025-06-08,店舗1,商品12,5,206,1030
103604,2025-06-08,店舗1,商品12,4,206,824
103689,2025-06-08,店舗1,商品12,12,206,2472
103751,2025-06-08,店舗1,商品12,4,206,824
103751,2025-06-08,店舗1,商品12,3,206,618
104115,2025-06-08,店舗1,商品12,4,206,824
104598,2025-06-08,店舗1,商品12,11,206,2266
104640,2025-06-08,店舗1,商品12,7,206,1442
104911,2025-06-08,店舗1,商品12,7,206,1442
105639,2025-06-08,店舗1,商品11,1,630,630
105639,2025-06-08,店舗1,商品11,1,630,630
105639,2025-06-08,店舗1,商品11,3,630,1890
101884,2025-06-08,店舗2,商品04,1,206,206
101884,2025-06-08,店舗2,商品04,1,206,206
102627,2025-06-08,店舗2,商品07,2,182,364
105010,2025-06-08,店舗2,商品05,3,206,618
100685,2025-06-09,店舗1,商品12,3,206,618
100697,2025-06-09,店舗1,商品12,8,206,1648
100719,2025-06-09,店舗1,商品12,4,206,824
100719,2025-06-09,店舗1,商品12,4,206,824
103205,2025-06-09,店舗1,商品12,3,206,618
103295,2025-06-09,店舗1,商品09,4,182,728
105816,2025-06-09,店舗1,商品12,4,206,824
100614,2025-06-09,店舗2,商品08,2,206,412
101556,2025-06-09,店舗2,商品04,5,206,1030
101646,2025-06-09,店舗2,商品09,2,182,364
102085,2025-06-09,店舗2,商品08,3,206,618
102471,2025-06-09,店舗2,商品08,1,206,206
102471,2025-06-09,店舗2,商品09,2,182,364
103097,2025-06-09,店舗2,商品08,2,206,412
104029,2025-06-09,店舗2,商品05,1,206,206
104029,2025-06-09,店舗2,商品08,1,206,206
104029,2025-06-09,店舗2,商品08,5,206,1030
104373,2025-06-09,店舗2,商品05,2,206,412
104691,2025-06-09,店舗2,商品07,2,182,364
104948,2025-06-09,店舗2,商品09,1,182,182
105154,2025-06-09,店舗2,商品07,1,182,182
105154,2025-06-09,店舗2,商品07,2,182,364
105154,2025-06-09,店舗2,商品07,2,182,364
105154,2025-06-09,店舗2,商品07,2,182,364
100883,2025-06-10,店舗1,商品09,3,182,546
103509,2025-06-10,店舗1,商品12,5,206,1030
103638,2025-06-10,店舗1,商品12,3,206,618
103730,2025-06-10,店舗1,商品12,5,206,1030
104258,2025-06-10,店舗1,商品11,2,630,1260
104258,2025-06-10,店舗1,商品11,1,630,630
104258,2025-06-10,店舗1,商品11,1,630,630
104905,2025-06-10,店舗1,商品12,6,206,1236
104905,2025-06-10,店舗1,商品12,3,206,618
100747,2025-06-10,店舗2,商品09,2,182,364
101104,2025-06-10,店舗2,商品02,1,315,315
101104,2025-06-10,店舗2,商品05,2,206,412
102697,2025-06-10,店舗2,商品09,2,182,364
103025,2025-06-10,店舗2,商品07,2,182,364
103217,2025-06-10,店舗2,商品09,2,182,364
103595,2025-06-10,店舗2,商品08,6,206,1236
104026,2025-06-10,店舗2,商品08,3,206,618
104667,2025-06-10,店舗2,商品07,6,182,1092
104905,2025-06-10,店舗2,商品08,1,206,206
104905,2025-06-10,店舗2,商品08,1,206,206
105025,2025-06-10,店舗2,商品05,4,206,824
105395,2025-06-10,店舗2,商品07,4,182,728
105514,2025-06-10,店舗2,商品04,3,206,618
105545,2025-06-10,店舗2,商品04,2,206,412
101105,2025-06-11,店舗1,商品12,2,206,412
101105,2025-06-11,店舗1,商品12,2,206,412
101105,2025-06-11,店舗1,商品12,2,206,412
101105,2025-06-11,店舗1,商品12,3,206,618
101105,2025-06-11,店舗1,商品12,2,206,412
101105,2025-06-11,店舗1,商品12,2,206,412
101454,2025-06-11,店舗1,商品12,3,206,618
102083,2025-06-11,店舗1,商品12,3,206,618
103281,2025-06-11,店舗1,商品12,5,206,1030
104032,2025-06-11,店舗1,商品12,2,206,412
104859,2025-06-11,店舗1,商品04,3,206,618
104943,2025-06-11,店舗1,商品12,3,206,618
100055,2025-06-11,店舗2,商品08,1,206,206
100113,2025-06-11,店舗2,商品09,3,182,546
100198,2025-06-11,店舗2,商品08,3,206,618
100642,2025-06-11,店舗2,商品09,3,182,546
100840,2025-06-11,店舗2,商品07,3,182,546
100891,2025-06-11,店舗2,商品01,2,182,364
101475,2025-06-11,店舗2,商品07,3,182,546
101688,2025-06-11,店舗2,商品04,2,206,412
102636,2025-06-11,店舗2,商品09,4,182,728
104018,2025-06-11,店舗2,商品09,6,182,1092
104018,2025-06-11,店舗2,商品09,6,182,1092
104387,2025-06-11,店舗2,商品03,1,446,446
104397,2025-06-11,店舗2,商品01,3,182,546
101573,2025-06-12,店舗1,商品12,5,206,1030
101669,2025-06-12,店舗1,商品12,3,206,618
101850,2025-06-12,店舗1,商品12,5,206,1030
103472,2025-06-12,店舗1,商品12,3,206,618
103823,2025-06-12,店舗1,商品12,4,206,824
103869,2025-06-12,店舗1,商品07,3,182,546
104396,2025-06-12,店舗1,商品12,3,206,618
104396,2025-06-12,店舗1,商品12,2,206,412
104396,2025-06-12,店舗1,商品12,5,206,1030
100111,2025-06-12,店舗2,商品04,2,206,412
100111,2025-06-12,店舗2,商品04,4,206,824
101032,2025-06-12,店舗2,商品07,2,182,364
101306,2025-06-12,店舗2,商品08,4,206,824
102471,2025-06-12,店舗2,商品09,2,182,364
102477,2025-06-12,店舗2,商品04,4,206,824
102620,2025-06-12,店舗2,商品08,3,206,618
103120,2025-06-12,店舗2,商品09,3,182,546
103352,2025-06-12,店舗2,商品08,3,206,618
103352,2025-06-12,店舗2,商品08,2,206,412
103352,2025-06-12,店舗2,商品08,3,206,618
104448,2025-06-12,店舗2,商品04,2,206,412
105120,2025-06-12,店舗2,商品07,2,182,364
105668,2025-06-12,店舗2,商品09,3,182,546
100643,2025-06-13,店舗1,商品12,2,140,280
101212,2025-06-13,店舗1,商品12,4,140,560
101212,2025-06-13,店舗1,商品12,8,140,1120
101212,2025-06-13,店舗1,商品12,3,140,420
101212,2025-06-13,店舗1,商品12,7,140,980
101212,2025-06-13,店舗1,商品12,5,140,700
101435,2025-06-13,店舗1,商品12,3,140,420
101634,2025-06-13,店舗1,商品12,5,140,700
103042,2025-06-13,店舗1,商品12,5,140,700
103049,2025-06-13,店舗1,商品12,2,140,280
104018,2025-06-13,店舗1,商品12,4,140,560
104314,2025-06-13,店舗1,商品07,5,124,620
104560,2025-06-13,店舗1,商品12,4,140,560
105160,2025-06-13,店舗1,商品12,5,140,700
105171,2025-06-13,店舗1,商品12,5,140,700
105813,2025-06-13,店舗1,商品09,3,124,372
100184,2025-06-13,店舗2,商品06,2,140,280
100184,2025-06-13,店舗2,商品08,5,140,700
100550,2025-06-13,店舗2,商品04,3,140,420
100845,2025-06-13,店舗2,商品09,2,124,248
101355,2025-06-13,店舗2,商品08,7,140,980
101954,2025-06-13,店舗2,商品06,6,140,840
102005,2025-06-13,店舗2,商品08,2,140,280
102485,2025-06-13,店舗2,商品08,3,140,420
102537,2025-06-13,店舗2,商品06,3,140,420
103532,2025-06-13,店舗2,商品01,2,124,248
103563,2025-06-13,店舗2,商品05,5,140,700
103976,2025-06-13,店舗2,商品04,3,140,420
104520,2025-06-13,店舗2,商品08,3,140,420
104708,2025-06-13,店舗2,商品09,2,124,248
104780,2025-06-13,店舗2,商品04,3,140,420
105396,2025-06-13,店舗2,商品09,4,124,496
105667,2025-06-13,店舗2,商品09,3,124,372
105745,2025-06-13,店舗2,商品09,2,124,248
105745,2025-06-13,店舗2,商品09,3,124,372
100638,2025-06-14,店舗1,商品12,12,140,1680
100640,2025-06-14,店舗1,商品06,9,140,1260
100713,2025-06-14,店舗1,商品12,11,140,1540
101136,2025-06-14,店舗1,商品12,10,140,1400
101380,2025-06-14,店舗1,商品05,7,140,980
101380,2025-06-14,店舗1,商品06,4,140,560
101380,2025-06-14,店舗1,商品11,3,630,1890
101380,2025-06-14,店舗1,商品11,1,630,630
101565,2025-06-14,店舗1,商品12,4,140,560
101913,2025-06-14,店舗1,商品12,5,140,700
101990,2025-06-14,店舗1,商品12,3,140,420
102064,2025-06-14,店舗1,商品12,8,140,1120
102420,2025-06-14,店舗1,商品10,4,140,560
102511,2025-06-14,店舗1,商品12,4,140,560
102695,2025-06-14,店舗1,商品12,8,140,1120
102757,2025-06-14,店舗1,商品12,5,140,700
103185,2025-06-14,店舗1,商品12,4,140,560
103199,2025-06-14,店舗1,商品12,5,140,700
103444,2025-06-14,店舗1,商品12,10,140,1400
103775,2025-06-14,店舗1,商品12,5,140,700
103933,2025-06-14,店舗1,商品12,6,140,840
103933,2025-06-14,店舗1,商品12,8,140,1120
104403,2025-06-14,店舗1,商品12,6,140,840
104892,2025-06-14,店舗1,商品08,11,140,1540
105029,2025-06-14,店舗1,商品12,5,140,700
105041,2025-06-14,店舗1,商品12,11,140,1540
105120,2025-06-14,店舗1,商品12,5,140,700
105120,2025-06-14,店舗1,商品12,6,140,840
105120,2025-06-14,店舗1,商品12,7,140,980
105204,2025-06-14,店舗1,商品12,10,140,1400
105676,2025-06-14,店舗1,商品12,5,140,700
105974,2025-06-14,店舗1,商品12,4,140,560
100370,2025-06-14,店舗2,商品09,4,124,496
100370,2025-06-14,店舗2,商品09,1,124,124
101719,2025-06-14,店舗2,商品09,2,124,248
102951,2025-06-14,店舗2,商品09,1,124,124
103754,2025-06-14,店舗2,商品05,3,140,420
105144,2025-06-14,店舗2,商品09,1,124,124
105524,2025-06-14,店舗2,商品08,3,140,420
100067,2025-06-15,店舗1,商品12,7,140,980
100184,2025-06-15,店舗1,商品11,1,630,630
100234,2025-06-15,店舗1,商品12,7,140,980
100876,2025-06-15,店舗1,商品12,4,140,560
100944,2025-06-15,店舗1,商品12,7,140,980
101633,2025-06-15,店舗1,商品09,4,124,496
101633,2025-06-15,店舗1,商品09,7,124,868
101633,2025-06-15,店舗1,商品11,1,630,630
101633,2025-06-15,店舗1,商品11,2,630,1260
101633,2025-06-15,店舗1,商品11,2,630,1260
101633,2025-06-15,店舗1,商品11,2,630,1260
101633,2025-06-15,店舗1,商品11,1,630,630
101633,2025-06-15,店舗1,商品11,3,630,1890
101633,2025-06-15,店舗1,商品11,2,630,1260
101633,2025-06-15,店舗1,商品11,2,630,1260
101633,2025-06-15,店舗1,商品11,1,630,630
101633,2025-06-15,店舗1,商品12,7,140,980
101633,2025-06-15,店舗1,商品12,6,140,840
101719,2025-06-15,店舗1,商品12,9,140,1260
101731,2025-06-15,店舗1,商品12,13,140,1820
102327,2025-06-15,店舗1,商品12,7,140,980
102485,2025-06-15,店舗1,商品12,5,140,700
102845,2025-06-15,店舗1,商品12,5,140,700
102968,2025-06-15,店舗1,商品12,10,140,1400
103049,2025-06-15,店舗1,商品12,6,140,840
103250,2025-06-15,店舗1,商品12,4,140,560
103312,2025-06-15,店舗1,商品12,6,140,840
103759,2025-06-15,店舗1,商品12,3,140,420
103779,2025-06-15,店舗1,商品12,5,140,700
103779,2025-06-15,店舗1,商品12,7,140,980
103807,2025-06-15,店舗1,商品12,6,140,840
103975,2025-06-15,店舗1,商品12,8,140,1120
104066,2025-06-15,店舗1,商品12,7,140,980
104180,2025-06-15,店舗1,商品12,7,140,980
104911,2025-06-15,店舗1,商品12,6,140,840
105068,2025-06-15,店舗1,商品12,8,140,1120
105324,2025-06-15,店舗1,商品12,6,140,840
105461,2025-06-15,店舗1,商品12,5,140,700
100511,2025-06-15,店舗2,商品04,1,140,140
100511,2025-06-15,店舗2,商品04,2,140,280
103680,2025-06-15,店舗2,商品08,2,140,280
104194,2025-06-15,店舗2,商品07,2,124,248
104738,2025-06-15,店舗2,商品09,2,124,248
100012,2025-06-16,店舗1,商品12,8,140,1120
100852,2025-06-16,店舗1,商品12,7,140,980
101618,2025-06-16,店舗1,商品12,4,140,560
102958,2025-06-16,店舗1,商品12,2,140,280
103446,2025-06-16,店舗1,商品12,4,140,560
104848,2025-06-16,店舗1,商品12,6,140,840
104942,2025-06-16,店舗1,商品12,5,140,700
105778,2025-06-16,店舗1,商品07,7,124,868
100004,2025-06-16,店舗2,商品09,3,124,372
100006,2025-06-16,店舗2,商品01,3,124,372
100054,2025-06-16,店舗2,商品09,6,124,744
100985,2025-06-16,店舗2,商品07,4,124,496
101188,2025-06-16,店舗2,商品06,6,140,840
101559,2025-06-16,店舗2,商品09,3,124,372
101618,2025-06-16,店舗2,商品10,3,140,420
101625,2025-06-16,店舗2,商品04,4,140,560
101936,2025-06-16,店舗2,商品08,3,140,420
102483,2025-06-16,店舗2,商品01,3,124,372
102820,2025-06-16,店舗2,商品07,3,124,372
103382,2025-06-16,店舗2,商品07,5,124,620
104017,2025-06-16,店舗2,商品04,2,140,280
104741,2025-06-16,店舗2,商品04,3,140,420
105382,2025-06-16,店舗2,商品07,2,124,248
100514,2025-06-17,店舗1,商品10,10,140,1400
100514,2025-06-17,店舗1,商品12,3,140,420
101803,2025-06-17,店舗1,商品12,6,140,840
102179,2025-06-17,店舗1,商品12,3,140,420
103084,2025-06-17,店舗1,商品05,2,140,280
103084,2025-06-17,店舗1,商品06,3,140,420
104068,2025-06-17,店舗1,商品12,4,140,560
104097,2025-06-17,店舗1,商品12,4,140,560
105145,2025-06-17,店舗1,商品12,5,140,700
105568,2025-06-17,店舗1,商品12,4,140,560
100416,2025-06-17,店舗2,商品09,2,124,248
100571,2025-06-17,店舗2,商品08,4,140,560
100571,2025-06-17,店舗2,商品08,3,140,420
100929,2025-06-17,店舗2,商品09,3,124,372
101116,2025-06-17,店舗2,商品08,4,140,560
101482,2025-06-17,店舗2,商品09,2,124,248
102001,2025-06-17,店舗2,商品09,2,124,248
102090,2025-06-17,店舗2,商品09,3,124,372
102166,2025-06-17,店舗2,商品09,3,124,372
102166,2025-06-17,店舗2,商品09,2,124,248
103214,2025-06-17,店舗2,商品03,1,446,446
103682,2025-06-17,店舗2,商品09,3,124,372
104029,2025-06-17,店舗2,商品08,5,140,700
104525,2025-06-17,店舗2,商品08,3,140,420
105095,2025-06-17,店舗2,商品07,4,124,496
105206,2025-06-17,店舗2,商品07,5,124,620
105379,2025-06-17,店舗2,商品07,3,124,372
105433,2025-06-17,店舗2,商品09,3,124,372
105939,2025-06-17,店舗2,商品09,4,124,496
100585,2025-06-18,店舗1,商品12,5,140,700
100585,2025-06-18,店舗1,商品12,4,140,560
100727,2025-06-18,店舗1,商品12,4,140,560
100727,2025-06-18,店舗1,商品12,4,140,560
101349,2025-06-18,店舗1,商品12,2,140,280
102477,2025-06-18,店舗1,商品12,6,140,840
102778,2025-06-18,店舗1,商品12,4,140,560
103246,2025-06-18,店舗1,商品12,4,140,560
103246,2025-06-18,店舗1,商品12,4,140,560
103316,2025-06-18,店舗1,商品12,3,140,420
103460,2025-06-18,店舗1,商品12,4,140,560
105539,2025-06-18,店舗1,商品12,8,140,1120
100929,2025-06-18,店舗2,商品08,5,140,700
101068,2025-06-18,店舗2,商品09,3,124,372
101625,2025-06-18,店舗2,商品04,3,140,420
101902,2025-06-18,店舗2,商品09,3,124,372
101902,2025-06-18,店舗2,商品09,2,124,248
101988,2025-06-18,店舗2,商品09,4,124,496
102371,2025-06-18,店舗2,商品09,4,124,496
102959,2025-06-18,店舗2,商品09,6,124,744
104068,2025-06-18,店舗2,商品04,2,140,280
104883,2025-06-18,店舗2,商品01,2,124,248
105010,2025-06-18,店舗2,商品08,3,140,420
105102,2025-06-18,店舗2,商品09,5,124,620
105102,2025-06-18,店舗2,商品09,4,124,496
105279,2025-06-18,店舗2,商品03,1,446,446
105279,2025-06-18,店舗2,商品09,3,124,372
105456,2025-06-18,店舗2,商品07,5,124,620
105611,2025-06-18,店舗2,商品03,1,446,446
105942,2025-06-18,店舗2,商品08,2,140,280
102757,2025-06-19,店舗1,商品12,5,140,700
102958,2025-06-19,店舗1,商品12,4,140,560
103791,2025-06-19,店舗1,商品12,3,140,420
104746,2025-06-19,店舗1,商品12,3,140,420
104746,2025-06-19,店舗1,商品12,6,140,840
104855,2025-06-19,店舗1,商品12,5,140,700
104855,2025-06-19,店舗1,商品12,3,140,420
104942,2025-06-19,店舗1,商品12,5,140,700
105687,2025-06-19,店舗1,商品12,5,140,700
105748,2025-06-19,店舗1,商品12,4,140,560
100217,2025-06-19,店舗2,商品07,3,124,372
100416,2025-06-19,店舗2,商品09,4,124,496
100645,2025-06-19,店舗2,商品04,2,140,280
100817,2025-06-19,店舗2,商品09,1,124,124
100929,2025-06-19,店舗2,商品09,4,124,496
100929,2025-06-19,店舗2,商品09,7,124,868
102208,2025-06-19,店舗2,商品08,2,140,280
102557,2025-06-19,店舗2,商品01,2,124,248
103511,2025-06-19,店舗2,商品08,3,140,420
103898,2025-06-19,店舗2,商品09,2,124,248
104018,2025-06-19,店舗2,商品04,4,140,560
104340,2025-06-19,店舗2,商品01,4,124,496
104428,2025-06-19,店舗2,商品06,3,140,420
104667,2025-06-19,店舗2,商品09,3,124,372
104858,2025-06-19,店舗2,商品07,6,124,744
105390,2025-06-19,店舗2,商品07,2,124,248
105745,2025-06-19,店舗2,商品09,2,124,248
105745,2025-06-19,店舗2,商品09,4,124,496
102447,2025-06-20,店舗1,商品12,7,206,1442
102852,2025-06-20,店舗1,商品12,6,206,1236
103058,2025-06-20,店舗1,商品12,7,206,1442
103300,2025-06-20,店舗1,商品12,5,206,1030
104273,2025-06-20,店舗1,商品07,3,182,546
104581,2025-06-20,店舗1,商品12,6,206,1236
104640,2025-06-20,店舗1,商品12,4,206,824
105742,2025-06-20,店舗1,商品12,5,206,1030
100038,2025-06-20,店舗2,商品04,1,206,206
101628,2025-06-20,店舗2,商品04,3,206,618
101730,2025-06-20,店舗2,商品01,3,182,546
101731,2025-06-20,店舗2,商品07,2,182,364
101731,2025-06-20,店舗2,商品07,2,182,364
102485,2025-06-20,店舗2,商品08,3,206,618
102665,2025-06-20,店舗2,商品02,1,315,315
103655,2025-06-20,店舗2,商品08,4,206,824
103689,2025-06-20,店舗2,商品09,3,182,546
104018,2025-06-20,店舗2,商品09,3,182,546
104508,2025-06-20,店舗2,商品08,3,206,618
104547,2025-06-20,店舗2,商品04,4,206,824
104725,2025-06-20,店舗2,商品04,2,206,412
104725,2025-06-20,店舗2,商品04,2,206,412
104725,2025-06-20,店舗2,商品09,2,182,364
105852,2025-06-20,店舗2,商品09,4,182,728
105852,2025-06-20,店舗2,商品09,2,182,364
100406,2025-06-21,店舗1,商品12,5,206,1030
100694,2025-06-21,店舗1,商品12,6,206,1236
101349,2025-06-21,店舗1,商品12,5,206,1030
101980,2025-06-21,店舗1,商品12,6,206,1236
102083,2025-06-21,店舗1,商品12,7,206,1442
102331,2025-06-21,店舗1,商品12,4,206,824
102570,2025-06-21,店舗1,商品12,6,206,1236
102646,2025-06-21,店舗1,商品12,6,206,1236
103559,2025-06-21,店舗1,商品12,5,206,1030
103564,2025-06-21,店舗1,商品12,6,206,1236
103564,2025-06-21,店舗1,商品12,6,206,1236
103564,2025-06-21,店舗1,商品12,9,206,1854
104068,2025-06-21,店舗1,商品12,4,206,824
104434,2025-06-21,店舗1,商品12,9,206,1854
104596,2025-06-21,店舗1,商品12,6,206,1236
104623,2025-06-21,店舗1,商品12,5,206,1030
104769,2025-06-21,店舗1,商品07,5,182,910
104948,2025-06-21,店舗1,商品12,5,206,1030
105245,2025-06-21,店舗1,商品12,9,206,1854
105809,2025-06-21,店舗1,商品12,7,206,1442
105962,2025-06-21,店舗1,商品12,10,206,2060
102247,2025-06-21,店舗2,商品08,3,206,618
105740,2025-06-21,店舗2,商品01,2,182,364
105755,2025-06-21,店舗2,商品07,1,182,182
105780,2025-06-21,店舗2,商品07,4,182,728
100012,2025-06-22,店舗1,商品12,5,206,1030
100167,2025-06-22,店舗1,商品12,6,206,1236
100234,2025-06-22,店舗1,商品12,8,206,1648
100533,2025-06-22,店舗1,商品12,4,206,824
100878,2025-06-22,店舗1,商品12,6,206,1236
101141,2025-06-22,店舗1,商品12,9,206,1854
102279,2025-06-22,店舗1,商品04,7,206,1442
102374,2025-06-22,店舗1,商品12,6,206,1236
103258,2025-06-22,店舗1,商品07,4,182,728
103394,2025-06-22,店舗1,商品12,7,206,1442
103808,2025-06-22,店舗1,商品12,6,206,1236
103831,2025-06-22,店舗1,商品09,6,182,1092
104571,2025-06-22,店舗1,商品12,6,206,1236
104753,2025-06-22,店舗1,商品12,6,206,1236
105164,2025-06-22,店舗1,商品12,7,206,1442
105552,2025-06-22,店舗1,商品01,9,182,1638
105590,2025-06-22,店舗1,商品12,6,206,1236
105590,2025-06-22,店舗1,商品12,4,206,824
100694,2025-06-22,店舗2,商品08,3,206,618
105117,2025-06-22,店舗2,商品07,2,182,364
105556,2025-06-22,店舗2,商品07,2,182,364
101349,2025-06-23,店舗1,商品12,5,206,1030
101657,2025-06-23,店舗1,商品12,2,206,412
101965,2025-06-23,店舗1,商品12,3,206,618
103807,2025-06-23,店舗1,商品12,4,206,824
103807,2025-06-23,店舗1,商品12,3,206,618
104202,2025-06-23,店舗1,商品10,5,206,1030
104847,2025-06-23,店舗1,商品12,4,206,824
100270,2025-06-23,店舗2,商品07,5,182,910
100742,2025-06-23,店舗2,商品07,3,182,546
100839,2025-06-23,店舗2,商品09,3,182,546
100929,2025-06-23,店舗2,商品07,3,182,546
101111,2025-06-23,店舗2,商品08,2,206,412
101427,2025-06-23,店舗2,商品07,1,182,182
101427,2025-06-23,店舗2,商品08,3,206,618
101516,2025-06-23,店舗2,商品05,2,206,412
102646,2025-06-23,店舗2,商品07,2,182,364
103708,2025-06-23,店舗2,商品09,4,182,728
104141,2025-06-23,店舗2,商品07,2,182,364
104141,2025-06-23,店舗2,商品07,2,182,364
104141,2025-06-23,店舗2,商品08,3,206,618
104753,2025-06-23,店舗2,商品07,3,182,546
100936,2025-06-24,店舗1,商品12,4,206,824
101289,2025-06-24,店舗1,商品12,4,206,824
102819,2025-06-24,店舗1,商品12,3,206,618
104373,2025-06-24,店舗1,商品12,3,206,618
104373,2025-06-24,店舗1,商品12,4,206,824
105228,2025-06-24,店舗1,商品12,3,206,618
105978,2025-06-24,店舗1,商品05,2,206,412
105978,2025-06-24,店舗1,商品05,1,206,206
105978,2025-06-24,店舗1,商品05,2,206,412
105978,2025-06-24,店舗1,商品05,2,206,412
105978,2025-06-24,店舗1,商品12,1,206,206
100293,2025-06-24,店舗2,商品08,2,206,412
100508,2025-06-24,店舗2,商品07,3,182,546
100949,2025-06-24,店舗2,商品09,2,182,364
101266,2025-06-24,店舗2,商品07,4,182,728
101382,2025-06-24,店舗2,商品09,1,182,182
103614,2025-06-24,店舗2,商品09,2,182,364
103892,2025-06-24,店舗2,商品06,3,206,618
103993,2025-06-24,店舗2,商品04,3,206,618
104068,2025-06-24,店舗2,商品04,2,206,412
104068,2025-06-24,店舗2,商品04,4,206,824
104247,2025-06-24,店舗2,商品09,6,182,1092
104314,2025-06-24,店舗2,商品04,1,206,206
104314,2025-06-24,店舗2,商品04,2,206,412
104939,2025-06-24,店舗2,商品06,2,206,412
100287,2025-06-25,店舗1,商品12,3,206,618
101078,2025-06-25,店舗1,商品12,4,206,824
102460,2025-06-25,店舗1,商品01,6,182,1092
102552,2025-06-25,店舗1,商品12,6,206,1236
103461,2025-06-25,店舗1,商品12,5,206,1030
104086,2025-06-25,店舗1,商品06,5,206,1030
104815,2025-06-25,店舗1,商品12,3,206,618
100845,2025-06-25,店舗2,商品09,3,182,546
100845,2025-06-25,店舗2,商品09,2,182,364
100996,2025-06-25,店舗2,商品01,2,182,364
101888,2025-06-25,店舗2,商品08,2,206,412
102485,2025-06-25,店舗2,商品08,3,206,618
102658,2025-06-25,店舗2,商品09,2,182,364
103198,2025-06-25,店舗2,商品07,1,182,182
103660,2025-06-25,店舗2,商品08,2,206,412
103901,2025-06-25,店舗2,商品09,4,182,728
104403,2025-06-25,店舗2,商品04,4,206,824
104403,2025-06-25,店舗2,商品04,2,206,412
104403,2025-06-25,店舗2,商品04,4,206,824
104523,2025-06-25,店舗2,商品04,1,206,206
104979,2025-06-25,店舗2,商品04,2,206,412
105476,2025-06-25,店舗2,商品07,5,182,910
100726,2025-06-26,店舗1,商品12,3,206,618
100964,2025-06-26,店舗1,商品12,3,206,618
100964,2025-06-26,店舗1,商品12,2,206,412
100964,2025-06-26,店舗1,商品12,3,206,618
100964,2025-06-26,店舗1,商品12,2,206,412
103394,2025-06-26,店舗1,商品12,2,206,412
103394,2025-06-26,店舗1,商品12,3,206,618
104293,2025-06-26,店舗1,商品12,4,206,824
104739,2025-06-26,店舗1,商品12,2,206,412
104979,2025-06-26,店舗1,商品12,5,206,1030
104979,2025-06-26,店舗1,商品12,3,206,618
100055,2025-06-26,店舗2,商品09,5,182,910
100055,2025-06-26,店舗2,商品09,2,182,364
100074,2025-06-26,店舗2,商品09,2,182,364
101065,2025-06-26,店舗2,商品05,2,206,412
101403,2025-06-26,店舗2,商品07,3,182,546
101559,2025-06-26,店舗2,商品09,2,182,364
101937,2025-06-26,店舗2,商品08,3,206,618
104339,2025-06-26,店舗2,商品09,1,182,182
104408,2025-06-26,店舗2,商品07,1,182,182
105448,2025-06-26,店舗2,商品08,3,206,618
105584,2025-06-26,店舗2,商品07,7,182,1274
105598,2025-06-26,店舗2,商品09,3,182,546
105840,2025-06-26,店舗2,商品07,3,182,546
100415,2025-06-27,店舗1,商品12,4,206,824
100533,2025-06-27,店舗1,商品12,3,206,618
102018,2025-06-27,店舗1,商品12,9,206,1854
102869,2025-06-27,店舗1,商品06,4,206,824
103192,2025-06-27,店舗1,商品12,5,206,1030
104548,2025-06-27,店舗1,商品12,6,206,1236
104751,2025-06-27,店舗1,商品12,7,206,1442
105884,2025-06-27,店舗1,商品12,5,206,1030
100048,2025-06-27,店舗2,商品01,1,182,182
100501,2025-06-27,店舗2,商品09,2,182,364
100501,2025-06-27,店舗2,商品09,3,182,546
100824,2025-06-27,店舗2,商品09,2,182,364
101028,2025-06-27,店舗2,商品08,3,206,618
101028,2025-06-27,店舗2,商品08,1,206,206
101028,2025-06-27,店舗2,商品08,2,206,412
101464,2025-06-27,店舗2,商品01,3,182,546
101624,2025-06-27,店舗2,商品08,3,206,618
101731,2025-06-27,店舗2,商品07,3,182,546
102351,2025-06-27,店舗2,商品03,1,446,446
102351,2025-06-27,店舗2,商品03,1,446,446
102351,2025-06-27,店舗2,商品07,1,182,182
103394,2025-06-27,店舗2,商品09,1,182,182
103394,2025-06-27,店舗2,商品09,3,182,546
103762,2025-06-27,店舗2,商品07,2,182,364
104144,2025-06-27,店舗2,商品09,4,182,728
104391,2025-06-27,店舗2,商品09,2,182,364
105667,2025-06-27,店舗2,商品06,3,206,618
105667,2025-06-27,店舗2,商品09,3,182,546
100101,2025-06-28,店舗1,商品12,2,206,412
100570,2025-06-28,店舗1,商品12,9,206,1854
101216,2025-06-28,店舗1,商品12,7,206,1442
101626,2025-06-28,店舗1,商品12,6,206,1236
101626,2025-06-28,店舗1,商品12,5,206,1030
101726,2025-06-28,店舗1,商品12,4,206,824
102045,2025-06-28,店舗1,商品12,4,206,824
102433,2025-06-28,店舗1,商品12,7,206,1442
103074,2025-06-28,店舗1,商品06,6,206,1236
103074,2025-06-28,店舗1,商品10,5,206,1030
103074,2025-06-28,店舗1,商品10,3,206,618
103394,2025-06-28,店舗1,商品12,3,206,618
103394,2025-06-28,店舗1,商品12,10,206,2060
103452,2025-06-28,店舗1,商品12,3,206,618
103501,2025-06-28,店舗1,商品12,4,206,824
103629,2025-06-28,店舗1,商品12,6,206,1236
103835,2025-06-28,店舗1,商品12,6,206,1236
103933,2025-06-28,店舗1,商品12,5,206,1030
103933,2025-06-28,店舗1,商品12,4,206,824
104373,2025-06-28,店舗1,商品10,4,206,824
104620,2025-06-28,店舗1,商品12,6,206,1236
105945,2025-06-28,店舗1,商品12,3,206,618
105945,2025-06-28,店舗1,商品12,4,206,824
102368,2025-06-28,店舗2,商品05,1,206,206
103443,2025-06-28,店舗2,商品03,1,446,446
103443,2025-06-28,店舗2,商品03,1,446,446
103443,2025-06-28,店舗2,商品03,1,446,446
103443,2025-06-28,店舗2,商品03,1,446,446
103443,2025-06-28,店舗2,商品03,1,446,446
103443,2025-06-28,店舗2,商品03,1,446,446
103443,2025-06-28,店舗2,商品03,1,446,446
103443,2025-06-28,店舗2,商品03,1,446,446
103443,2025-06-28,店舗2,商品03,1,446,446
104017,2025-06-28,店舗2,商品08,1,206,206
104722,2025-06-28,店舗2,商品07,1,182,182
100058,2025-06-29,店舗1,商品01,5,182,910
100058,2025-06-29,店舗1,商品12,4,206,824
100067,2025-06-29,店舗1,商品12,4,206,824
100409,2025-06-29,店舗1,商品12,3,206,618
100409,2025-06-29,店舗1,商品12,4,206,824
100409,2025-06-29,店舗1,商品12,4,206,824
100711,2025-06-29,店舗1,商品12,6,206,1236
100859,2025-06-29,店舗1,商品12,5,206,1030
100978,2025-06-29,店舗1,商品12,4,206,824
101136,2025-06-29,店舗1,商品12,4,206,824
101210,2025-06-29,店舗1,商品12,4,206,824
101475,2025-06-29,店舗1,商品12,6,206,1236
101687,2025-06-29,店舗1,商品01,3,182,546
102109,2025-06-29,店舗1,商品12,5,206,1030
103055,2025-06-29,店舗1,商品12,5,206,1030
103084,2025-06-29,店舗1,商品10,9,206,1854
103084,2025-06-29,店舗1,商品11,2,630,1260
103084,2025-06-29,店舗1,商品11,2,630,1260
104488,2025-06-29,店舗1,商品12,12,206,2472
104745,2025-06-29,店舗1,商品12,10,206,2060
104745,2025-06-29,店舗1,商品12,4,206,824
104779,2025-06-29,店舗1,商品12,4,206,824
105422,2025-06-29,店舗1,商品12,3,206,618
100965,2025-06-29,店舗2,商品08,2,206,412
102140,2025-06-29,店舗2,商品09,1,182,182
104027,2025-06-29,店舗2,商品08,1,206,206
104027,2025-06-29,店舗2,商品08,2,206,412
100533,2025-06-30,店舗1,商品12,4,206,824
100664,2025-06-30,店舗1,商品12,2,206,412
102920,2025-06-30,店舗1,商品12,5,206,1030
103799,2025-06-30,店舗1,商品12,3,206,618
105545,2025-06-30,店舗1,商品12,10,206,2060
105663,2025-06-30,店舗1,商品12,2,206,412
100409,2025-06-30,店舗2,商品07,3,182,546
100939,2025-06-30,店舗2,商品07,3,182,546
101566,2025-06-30,店舗2,商品08,6,206,1236
102433,2025-06-30,店舗2,商品07,3,182,546
102547,2025-06-30,店舗2,商品09,2,182,364
103791,2025-06-30,店舗2,商品04,2,206,412
103892,2025-06-30,店舗2,商品07,1,182,182
104120,2025-06-30,店舗2,商品05,4,206,824
104644,2025-06-30,店舗2,商品09,2,182,364
104880,2025-06-30,店舗2,商品07,4,182,728
104880,2025-06-30,店舗2,商品07,1,182,182
105135,2025-06-30,店舗2,商品04,3,206,618
105576,2025-06-30,店舗2,商品09,4,182,728
101980,2025-07-01,店舗1,商品07,4,182,728
102806,2025-07-01,店舗1,商品01,5,182,910
103083,2025-07-01,店舗1,商品12,4,206,824
103787,2025-07-01,店舗1,商品12,6,206,1236
104587,2025-07-01,店舗1,商品12,6,206,1236
105704,2025-07-01,店舗1,商品12,3,206,618
100054,2025-07-01,店舗2,商品09,1,182,182
100494,2025-07-01,店舗2,商品01,1,182,182
102117,2025-07-01,店舗2,商品01,1,182,182
102236,2025-07-01,店舗2,商品04,1,206,206
102236,2025-07-01,店舗2,商品08,2,206,412
103738,2025-07-01,店舗2,商品07,1,182,182
103738,2025-07-01,店舗2,商品09,1,182,182
103738,2025-07-01,店舗2,商品09,1,182,182
103754,2025-07-01,店舗2,商品05,1,206,206
104385,2025-07-01,店舗2,商品08,1,206,206
105006,2025-07-01,店舗2,商品07,1,182,182
105006,2025-07-01,店舗2,商品07,1,182,182
105006,2025-07-01,店舗2,商品07,1,182,182
105006,2025-07-01,店舗2,商品07,1,182,182
105006,2025-07-01,店舗2,商品07,2,182,364
105006,2025-07-01,店舗2,商品07,2,182,364
105006,2025-07-01,店舗2,商品07,1,182,182
105006,2025-07-01,店舗2,商品07,2,182,364
105006,2025-07-01,店舗2,商品07,1,182,182
105006,2025-07-01,店舗2,商品07,1,182,182
105006,2025-07-01,店舗2,商品07,1,182,182
105006,2025-07-01,店舗2,商品07,1,182,182
105006,2025-07-01,店舗2,商品07,3,182,546
105006,2025-07-01,店舗2,商品07,1,182,182
105514,2025-07-01,店舗2,商品06,1,206,206
105514,2025-07-01,店舗2,商品06,2,206,412
105598,2025-07-01,店舗2,商品09,2,182,364
105665,2025-07-01,店舗2,商品04,2,206,412
105668,2025-07-01,店舗2,商品09,2,182,364
102018,2025-07-02,店舗1,商品12,4,206,824
103892,2025-07-02,店舗1,商品12,3,206,618
104848,2025-07-02,店舗1,商品12,3,206,618
104848,2025-07-02,店舗1,商品12,2,206,412
104848,2025-07-02,店舗1,商品12,3,206,618
105382,2025-07-02,店舗1,商品12,4,206,824
105625,2025-07-02,店舗1,商品12,3,206,618
105740,2025-07-02,店舗1,商品12,6,206,1236
100042,2025-07-02,店舗2,商品09,3,182,546
100076,2025-07-02,店舗2,商品05,5,206,1030
101008,2025-07-02,店舗2,商品05,2,206,412
101008,2025-07-02,店舗2,商品05,4,206,824
101028,2025-07-02,店舗2,商品08,2,206,412
101032,2025-07-02,店舗2,商品07,3,182,546
101427,2025-07-02,店舗2,商品07,3,182,546
102307,2025-07-02,店舗2,商品07,3,182,546
102869,2025-07-02,店舗2,商品05,1,206,206
103295,2025-07-02,店舗2,商品05,3,206,618
103295,2025-07-02,店舗2,商品05,1,206,206
103781,2025-07-02,店舗2,商品04,2,206,412
104002,2025-07-02,店舗2,商品08,1,206,206
105840,2025-07-02,店舗2,商品07,5,182,910
101401,2025-07-03,店舗1,商品12,2,206,412
101623,2025-07-03,店舗1,商品10,1,206,206
101929,2025-07-03,店舗1,商品12,3,206,618
105068,2025-07-03,店舗1,商品12,1,206,206
105068,2025-07-03,店舗1,商品12,3,206,618
105068,2025-07-03,店舗1,商品12,1,206,206
105068,2025-07-03,店舗1,商品12,3,206,618
105068,2025-07-03,店舗1,商品12,3,206,618
105068,2025-07-03,店舗1,商品12,5,206,1030
105068,2025-07-03,店舗1,商品12,1,206,206
105068,2025-07-03,店舗1,商品12,2,206,412
105382,2025-07-03,店舗1,商品12,2,206,412
105667,2025-07-03,店舗1,商品12,2,206,412
100419,2025-07-03,店舗2,商品06,1,206,206
100927,2025-07-03,店舗2,商品07,3,182,546
101731,2025-07-03,店舗2,商品07,3,182,546
102223,2025-07-03,店舗2,商品07,2,182,364
102299,2025-07-03,店舗2,商品04,1,206,206
102379,2025-07-03,店舗2,商品07,3,182,546
102751,2025-07-03,店舗2,商品07,3,182,546
102869,2025-07-03,店舗2,商品05,2,206,412
102869,2025-07-03,店舗2,商品05,3,206,618
102869,2025-07-03,店舗2,商品05,3,206,618
104029,2025-07-03,店舗2,商品08,1,206,206
104285,2025-07-03,店舗2,商品09,2,182,364
104285,2025-07-03,店舗2,商品09,2,182,364
104373,2025-07-03,店舗2,商品05,2,206,412
104373,2025-07-03,店舗2,商品05,3,206,618
105489,2025-07-03,店舗2,商品09,3,182,546
100475,2025-07-04,店舗1,商品12,5,206,1030
100475,2025-07-04,店舗1,商品12,5,206,1030
101104,2025-07-04,店舗1,商品12,2,206,412
101263,2025-07-04,店舗1,商品04,4,206,824
101324,2025-07-04,店舗1,商品12,8,206,1648
101455,2025-07-04,店舗1,商品12,3,206,618
102679,2025-07-04,店舗1,商品12,4,206,824
102679,2025-07-04,店舗1,商品12,3,206,618
104018,2025-07-04,店舗1,商品12,3,206,618
105748,2025-07-04,店舗1,商品12,4,206,824
100304,2025-07-04,店舗2,商品04,2,206,412
100304,2025-07-04,店舗2,商品04,2,206,412
100304,2025-07-04,店舗2,商品05,1,206,206
100304,2025-07-04,店舗2,商品05,3,206,618
100858,2025-07-04,店舗2,商品06,3,206,618
101731,2025-07-04,店舗2,商品07,4,182,728
102155,2025-07-04,店舗2,商品08,2,206,412
103183,2025-07-04,店舗2,商品08,2,206,412
103660,2025-07-04,店舗2,商品04,3,206,618
103913,2025-07-04,店舗2,商品09,2,182,364
104120,2025-07-04,店舗2,商品06,3,206,618
104371,2025-07-04,店舗2,商品09,1,182,182
104371,2025-07-04,店舗2,商品09,3,182,546
104531,2025-07-04,店舗2,商品09,2,182,364
104531,2025-07-04,店舗2,商品09,3,182,546
104531,2025-07-04,店舗2,商品09,2,182,364
104531,2025-07-04,店舗2,商品09,2,182,364
104874,2025-07-04,店舗2,商品08,2,206,412
105389,2025-07-04,店舗2,商品05,1,206,206
105650,2025-07-04,店舗2,商品09,1,182,182
100570,2025-07-05,店舗1,商品12,7,206,1442
101098,2025-07-05,店舗1,商品12,4,206,824
101098,2025-07-05,店舗1,商品12,5,206,1030
101215,2025-07-05,店舗1,商品12,2,206,412
101582,2025-07-05,店舗1,商品12,9,206,1854
102212,2025-07-05,店舗1,商品12,7,206,1442
102279,2025-07-05,店舗1,商品04,5,206,1030
102485,2025-07-05,店舗1,商品12,5,206,1030
102900,2025-07-05,店舗1,商品12,5,206,1030
102900,2025-07-05,店舗1,商品12,5,206,1030
102900,2025-07-05,店舗1,商品12,9,206,1854
102900,2025-07-05,店舗1,商品12,6,206,1236
102900,2025-07-05,店舗1,商品12,6,206,1236
103564,2025-07-05,店舗1,商品12,7,206,1442
103602,2025-07-05,店舗1,商品11,2,630,1260
104194,2025-07-05,店舗1,商品01,4,182,728
104704,2025-07-05,店舗1,商品12,5,206,1030
104976,2025-07-05,店舗1,商品12,6,206,1236
104980,2025-07-05,店舗1,商品12,4,206,824
105023,2025-07-05,店舗1,商品12,4,206,824
105639,2025-07-05,店舗1,商品11,1,630,630
105639,2025-07-05,店舗1,商品11,1,630,630
105684,2025-07-05,店舗1,商品12,6,206,1236
100127,2025-07-05,店舗2,商品05,1,206,206
100127,2025-07-05,店舗2,商品05,1,206,206
100127,2025-07-05,店舗2,商品09,1,182,182
100342,2025-07-05,店舗2,商品04,2,206,412
101626,2025-07-05,店舗2,商品08,1,206,206
103808,2025-07-05,店舗2,商品09,2,182,364
104087,2025-07-05,店舗2,商品04,1,206,206
104087,2025-07-05,店舗2,商品06,1,206,206
100813,2025-07-06,店舗1,商品12,6,206,1236
101500,2025-07-06,店舗1,商品12,9,206,1854
102331,2025-07-06,店舗1,商品12,6,206,1236
102571,2025-07-06,店舗1,商品07,5,182,910
102697,2025-07-06,店舗1,商品12,5,206,1030
103295,2025-07-06,店舗1,商品12,4,206,824
103563,2025-07-06,店舗1,商品06,6,206,1236
103916,2025-07-06,店舗1,商品12,5,206,1030
104018,2025-07-06,店舗1,商品12,10,206,2060
104111,2025-07-06,店舗1,商品12,6,206,1236
104571,2025-07-06,店舗1,商品12,5,206,1030
105117,2025-07-06,店舗1,商品12,4,206,824
105324,2025-07-06,店舗1,商品12,6,206,1236
105615,2025-07-06,店舗1,商品12,6,206,1236
105615,2025-07-06,店舗1,商品12,6,206,1236
105740,2025-07-06,店舗1,商品10,7,206,1442
105740,2025-07-06,店舗1,商品10,8,206,1648
101568,2025-07-06,店舗2,商品06,2,206,412
104527,2025-07-06,店舗2,商品07,2,182,364
105755,2025-07-06,店舗2,商品06,1,206,206
105755,2025-07-06,店舗2,商品06,1,206,206
102340,2025-07-07,店舗1,商品12,2,206,412
102340,2025-07-07,店舗1,商品12,3,206,618
102437,2025-07-07,店舗1,商品12,3,206,618
103789,2025-07-07,店舗1,商品12,3,206,618
105335,2025-07-07,店舗1,商品12,1,206,206
105335,2025-07-07,店舗1,商品12,2,206,412
105335,2025-07-07,店舗1,商品12,3,206,618
105335,2025-07-07,店舗1,商品12,1,206,206
105335,2025-07-07,店舗1,商品12,2,206,412
105335,2025-07-07,店舗1,商品12,1,206,206
105565,2025-07-07,店舗1,商品12,3,206,618
101307,2025-07-07,店舗2,商品09,5,182,910
101584,2025-07-07,店舗2,商品04,4,206,824
101781,2025-07-07,店舗2,商品10,2,206,412
101992,2025-07-07,店舗2,商品03,1,446,446
102627,2025-07-07,店舗2,商品01,3,182,546
102627,2025-07-07,店舗2,商品01,3,182,546
103394,2025-07-07,店舗2,商品09,2,182,364
103425,2025-07-07,店舗2,商品04,3,206,618
103491,2025-07-07,店舗2,商品07,4,182,728
104717,2025-07-07,店舗2,商品07,2,182,364
104736,2025-07-07,店舗2,商品06,3,206,618
105059,2025-07-07,店舗2,商品05,2,206,412
105345,2025-07-07,店舗2,商品08,3,206,618
105345,2025-07-07,店舗2,商品08,1,206,206
100750,2025-07-08,店舗1,商品12,3,206,618
101848,2025-07-08,店舗1,商品12,4,206,824
102733,2025-07-08,店舗1,商品12,3,206,618
102733,2025-07-08,店舗1,商品12,4,206,824
102751,2025-07-08,店舗1,商品12,2,206,412
104050,2025-07-08,店舗1,商品12,3,206,618
104337,2025-07-08,店舗1,商品12,8,206,1648
100929,2025-07-08,店舗2,商品09,2,182,364
100944,2025-07-08,店舗2,商品09,2,182,364
102098,2025-07-08,店舗2,商品05,4,206,824
102256,2025-07-08,店舗2,商品07,4,182,728
102256,2025-07-08,店舗2,商品08,3,206,618
102817,2025-07-08,店舗2,商品01,4,182,728
103301,2025-07-08,店舗2,商品08,3,206,618
103380,2025-07-08,店舗2,商品04,3,206,618
103682,2025-07-08,店舗2,商品09,2,182,364
103682,2025-07-08,店舗2,商品09,2,182,364
103682,2025-07-08,店舗2,商品09,3,182,546
104036,2025-07-08,店舗2,商品04,1,206,206
104948,2025-07-08,店舗2,商品06,3,206,618
105860,2025-07-08,店舗2,商品09,2,182,364
100297,2025-07-09,店舗1,商品12,5,206,1030
102045,2025-07-09,店舗1,商品12,3,206,618
102045,2025-07-09,店舗1,商品12,3,206,618
102045,2025-07-09,店舗1,商品12,6,206,1236
102331,2025-07-09,店舗1,商品12,3,206,618
103724,2025-07-09,店舗1,商品12,7,206,1442
105142,2025-07-09,店舗1,商品12,3,206,618
100554,2025-07-09,店舗2,商品09,3,182,546
100554,2025-07-09,店舗2,商品09,2,182,364
100554,2025-07-09,店舗2,商品09,2,182,364
101023,2025-07-09,店舗2,商品01,2,182,364
101192,2025-07-09,店舗2,商品07,2,182,364
101240,2025-07-09,店舗2,商品09,2,182,364
101293,2025-07-09,店舗2,商品09,3,182,546
101464,2025-07-09,店舗2,商品09,4,182,728
102226,2025-07-09,店舗2,商品08,2,206,412
104087,2025-07-09,店舗2,商品04,3,206,618
104513,2025-07-09,店舗2,商品04,4,206,824
104739,2025-07-09,店舗2,商品04,1,206,206
104805,2025-07-09,店舗2,商品03,1,446,446
104805,2025-07-09,店舗2,商品07,2,182,364
104805,2025-07-09,店舗2,商品07,3,182,546
105700,2025-07-09,店舗2,商品07,1,182,182
101852,2025-07-10,店舗1,商品12,3,206,618
102303,2025-07-10,店舗1,商品12,4,206,824
102521,2025-07-10,店舗1,商品12,4,206,824
102521,2025-07-10,店舗1,商品12,3,206,618
103562,2025-07-10,店舗1,商品12,3,206,618
103730,2025-07-10,店舗1,商品12,2,206,412
103730,2025-07-10,店舗1,商品12,3,206,618
105644,2025-07-10,店舗1,商品12,2,206,412
105644,2025-07-10,店舗1,商品12,3,206,618
100165,2025-07-10,店舗2,商品09,2,182,364
100648,2025-07-10,店舗2,商品08,3,206,618
100830,2025-07-10,店舗2,商品09,4,182,728
102374,2025-07-10,店舗2,商品05,3,206,618
102817,2025-07-10,店舗2,商品04,3,206,618
103453,2025-07-10,店舗2,商品06,3,206,618
103503,2025-07-10,店舗2,商品02,1,315,315
104819,2025-07-10,店舗2,商品07,2,182,364
104819,2025-07-10,店舗2,商品07,5,182,910
105494,2025-07-10,店舗2,商品04,3,206,618
105621,2025-07-10,店舗2,商品08,4,206,824
105859,2025-07-10,店舗2,商品07,3,182,546
100497,2025-07-11,店舗1,商品07,3,182,546
102437,2025-07-11,店舗1,商品12,4,206,824
102469,2025-07-11,店舗1,商品12,4,206,824
103214,2025-07-11,店舗1,商品12,3,206,618
103214,2025-07-11,店舗1,商品12,4,206,824
103214,2025-07-11,店舗1,商品12,3,206,618
103933,2025-07-11,店舗1,商品12,3,206,618
104066,2025-07-11,店舗1,商品12,4,206,824
104066,2025-07-11,店舗1,商品12,4,206,824
104120,2025-07-11,店舗1,商品05,6,206,1236
105000,2025-07-11,店舗1,商品12,4,206,824
100064,2025-07-11,店舗2,商品04,2,206,412
100064,2025-07-11,店舗2,商品04,3,206,618
100362,2025-07-11,店舗2,商品01,2,182,364
101169,2025-07-11,店舗2,商品08,2,206,412
102045,2025-07-11,店舗2,商品04,2,206,412
102045,2025-07-11,店舗2,商品09,1,182,182
102831,2025-07-11,店舗2,商品06,2,206,412
103049,2025-07-11,店舗2,商品04,2,206,412
103049,2025-07-11,店舗2,商品09,2,182,364
103273,2025-07-11,店舗2,商品05,4,206,824
103467,2025-07-11,店舗2,商品07,3,182,546
103467,2025-07-11,店舗2,商品08,1,206,206
104029,2025-07-11,店舗2,商品08,2,206,412
104170,2025-07-11,店舗2,商品08,3,206,618
104170,2025-07-11,店舗2,商品10,1,206,206
104219,2025-07-11,店舗2,商品09,3,182,546
105059,2025-07-11,店舗2,商品04,4,206,824
105840,2025-07-11,店舗2,商品07,2,182,364
100358,2025-07-12,店舗1,商品12,5,206,1030
100534,2025-07-12,店舗1,商品12,5,206,1030
100534,2025-07-12,店舗1,商品12,4,206,824
100753,2025-07-12,店舗1,商品12,5,206,1030
100883,2025-07-12,店舗1,商品09,4,182,728
101816,2025-07-12,店舗1,商品12,2,206,412
102700,2025-07-12,店舗1,商品05,3,206,618
102700,2025-07-12,店舗1,商品05,4,206,824
102700,2025-07-12,店舗1,商品05,4,206,824
102700,2025-07-12,店舗1,商品05,7,206,1442
102700,2025-07-12,店舗1,商品05,4,206,824
102700,2025-07-12,店舗1,商品05,10,206,2060
103348,2025-07-12,店舗1,商品12,3,206,618
103373,2025-07-12,店舗1,商品12,5,206,1030
103373,2025-07-12,店舗1,商品12,5,206,1030
103933,2025-07-12,店舗1,商品12,5,206,1030
104029,2025-07-12,店舗1,商品12,6,206,1236
104441,2025-07-12,店舗1,商品12,5,206,1030
104544,2025-07-12,店舗1,商品12,6,206,1236
104678,2025-07-12,店舗1,商品12,4,206,824
105278,2025-07-12,店舗1,商品12,4,206,824
105461,2025-07-12,店舗1,商品12,5,206,1030
105824,2025-07-12,店舗1,商品12,3,206,618
105945,2025-07-12,店舗1,商品12,5,206,1030
105945,2025-07-12,店舗1,商品12,2,206,412
102299,2025-07-12,店舗2,商品06,2,206,412
104874,2025-07-12,店舗2,商品10,1,206,206
105742,2025-07-12,店舗2,商品09,2,182,364
105910,2025-07-12,店舗2,商品10,2,206,412
105910,2025-07-12,店舗2,商品10,3,206,618
100184,2025-07-13,店舗1,商品12,3,206,618
100184,2025-07-13,店舗1,商品12,4,206,824
100184,2025-07-13,店舗1,商品12,12,206,2472
100692,2025-07-13,店舗1,商品12,5,206,1030
100692,2025-07-13,店舗1,商品12,3,206,618
101167,2025-07-13,店舗1,商品12,7,206,1442
101309,2025-07-13,店舗1,商品12,7,206,1442
101309,2025-07-13,店舗1,商品12,4,206,824
101427,2025-07-13,店舗1,商品12,9,206,1854
102446,2025-07-13,店舗1,商品12,6,206,1236
102718,2025-07-13,店舗1,商品12,2,206,412
102857,2025-07-13,店舗1,商品12,7,206,1442
103009,2025-07-13,店舗1,商品12,6,206,1236
103037,2025-07-13,店舗1,商品12,6,206,1236
103054,2025-07-13,店舗1,商品12,5,206,1030
103980,2025-07-13,店舗1,商品05,8,206,1648
104337,2025-07-13,店舗1,商品12,3,206,618
105287,2025-07-13,店舗1,商品12,7,206,1442
105325,2025-07-13,店舗1,商品12,6,206,1236
105716,2025-07-13,店舗1,商品12,6,206,1236
103402,2025-07-13,店舗2,商品07,2,182,364
104717,2025-07-13,店舗2,商品01,2,182,364
105436,2025-07-13,店舗2,商品04,2,206,412
103301,2025-07-14,店舗1,商品12,3,206,618
104269,2025-07-14,店舗1,商品06,3,206,618
104531,2025-07-14,店舗1,商品12,5,206,1030
104531,2025-07-14,店舗1,商品12,3,206,618
105596,2025-07-14,店舗1,商品12,4,206,824
105852,2025-07-14,店舗1,商品07,7,182,1274
101608,2025-07-14,店舗2,商品09,1,182,182
101899,2025-07-14,店舗2,商品08,3,206,618
102757,2025-07-14,店舗2,商品09,3,182,546
103168,2025-07-14,店舗2,商品07,2,182,364
103168,2025-07-14,店舗2,商品07,1,182,182
103168,2025-07-14,店舗2,商品07,1,182,182
103168,2025-07-14,店舗2,商品07,2,182,364
103168,2025-07-14,店舗2,商品07,2,182,364
103168,2025-07-14,店舗2,商品07,2,182,364
103437,2025-07-14,店舗2,商品09,2,182,364
104634,2025-07-14,店舗2,商品08,3,206,618
104634,2025-07-14,店舗2,商品08,3,206,618
104671,2025-07-14,店舗2,商品04,1,206,206
104671,2025-07-14,店舗2,商品04,1,206,206
104725,2025-07-14,店舗2,商品09,2,182,364
105129,2025-07-14,店舗2,商品09,2,182,364
105755,2025-07-14,店舗2,商品07,2,182,364
105780,2025-07-14,店舗2,商品09,2,182,364
105838,2025-07-14,店舗2,商品07,2,182,364
100331,2025-07-15,店舗1,商品12,4,206,824
100732,2025-07-15,店舗1,商品12,4,206,824
100888,2025-07-15,店舗1,商品12,3,206,618
103258,2025-07-15,店舗1,商品12,8,206,1648
104942,2025-07-15,店舗1,商品12,5,206,1030
100150,2025-07-15,店舗2,商品09,2,182,364
100239,2025-07-15,店舗2,商品09,3,182,546
102045,2025-07-15,店舗2,商品09,2,182,364
102551,2025-07-15,店舗2,商品01,2,182,364
103660,2025-07-15,店舗2,商品07,1,182,182
103953,2025-07-15,店舗2,商品09,2,182,364
104017,2025-07-15,店舗2,商品06,2,206,412
104097,2025-07-15,店舗2,商品09,3,182,546
104097,2025-07-15,店舗2,商品09,3,182,546
104097,2025-07-15,店舗2,商品09,3,182,546
104867,2025-07-15,店舗2,商品09,2,182,364
104867,2025-07-15,店舗2,商品09,1,182,182
105156,2025-07-15,店舗2,商品04,3,206,618
105376,2025-07-15,店舗2,商品07,2,182,364
105376,2025-07-15,店舗2,商品07,3,182,546
105796,2025-07-15,店舗2,商品06,4,206,824
100400,2025-07-16,店舗1,商品04,4,206,824
101069,2025-07-16,店舗1,商品12,3,206,618
103410,2025-07-16,店舗1,商品12,7,206,1442
104296,2025-07-16,店舗1,商品07,4,182,728
105277,2025-07-16,店舗1,商品12,8,206,1648
105498,2025-07-16,店舗1,商品12,4,206,824
100006,2025-07-16,店舗2,商品09,3,182,546
100054,2025-07-16,店舗2,商品09,2,182,364
100303,2025-07-16,店舗2,商品09,2,182,364
100362,2025-07-16,店舗2,商品01,2,182,364
100883,2025-07-16,店舗2,商品08,2,206,412
101136,2025-07-16,店舗2,商品07,5,182,910
101519,2025-07-16,店舗2,商品09,5,182,910
101679,2025-07-16,店舗2,商品08,6,206,1236
103935,2025-07-16,店舗2,商品07,4,182,728
103995,2025-07-16,店舗2,商品07,2,182,364
104227,2025-07-16,店舗2,商品09,2,182,364
105556,2025-07-16,店舗2,商品07,3,182,546
101500,2025-07-17,店舗1,商品12,5,206,1030
101516,2025-07-17,店舗1,商品12,5,206,1030
103025,2025-07-17,店舗1,商品12,3,206,618
104063,2025-07-17,店舗1,商品12,6,206,1236
104066,2025-07-17,店舗1,商品12,4,206,824
105896,2025-07-17,店舗1,商品12,5,206,1030
100395,2025-07-17,店舗2,商品09,1,182,182
100395,2025-07-17,店舗2,商品09,1,182,182
100395,2025-07-17,店舗2,商品09,2,182,364
100395,2025-07-17,店舗2,商品09,3,182,546
100395,2025-07-17,店舗2,商品09,2,182,364
100454,2025-07-17,店舗2,商品07,2,182,364
100891,2025-07-17,店舗2,商品06,2,206,412
101913,2025-07-17,店舗2,商品08,3,206,618
102372,2025-07-17,店舗2,商品09,3,182,546
104120,2025-07-17,店舗2,商品05,2,206,412
104120,2025-07-17,店舗2,商品07,3,182,546
104202,2025-07-17,店舗2,商品07,3,182,546
104277,2025-07-17,店舗2,商品08,2,206,412
104545,2025-07-17,店舗2,商品09,3,182,546
105298,2025-07-17,店舗2,商品07,2,182,364
105740,2025-07-17,店舗2,商品09,1,182,182
100113,2025-07-18,店舗1,商品12,6,206,1236
100779,2025-07-18,店舗1,商品12,8,206,1648
103185,2025-07-18,店舗1,商品12,3,206,618
103916,2025-07-18,店舗1,商品12,6,206,1236
103916,2025-07-18,店舗1,商品12,4,206,824
104115,2025-07-18,店舗1,商品12,3,206,618
104477,2025-07-18,店舗1,商品12,5,206,1030
104587,2025-07-18,店舗1,商品12,2,206,412
105474,2025-07-18,店舗1,商品12,4,206,824
100639,2025-07-18,店舗2,商品09,3,182,546
100752,2025-07-18,店舗2,商品07,4,182,728
102119,2025-07-18,店舗2,商品09,2,182,364
102207,2025-07-18,店舗2,商品07,3,182,546
103039,2025-07-18,店舗2,商品09,2,182,364
103084,2025-07-18,店舗2,商品05,3,206,618
103356,2025-07-18,店舗2,商品07,4,182,728
103421,2025-07-18,店舗2,商品07,4,182,728
103815,2025-07-18,店舗2,商品04,3,206,618
104225,2025-07-18,店舗2,商品08,3,206,618
104445,2025-07-18,店舗2,商品04,5,206,1030
105376,2025-07-18,店舗2,商品05,1,206,206
105725,2025-07-18,店舗2,商品08,4,206,824
100161,2025-07-19,店舗1,商品12,4,206,824
100850,2025-07-19,店舗1,商品12,5,206,1030
100850,2025-07-19,店舗1,商品12,3,206,618
100904,2025-07-19,店舗1,商品12,3,206,618
100996,2025-07-19,店舗1,商品12,3,206,618
101748,2025-07-19,店舗1,商品12,4,206,824
102910,2025-07-19,店舗1,商品12,4,206,824
103418,2025-07-19,店舗1,商品12,3,206,618
103626,2025-07-19,店舗1,商品12,7,206,1442
103809,2025-07-19,店舗1,商品12,4,206,824
103980,2025-07-19,店舗1,商品05,4,206,824
103980,2025-07-19,店舗1,商品05,3,206,618
103980,2025-07-19,店舗1,商品05,5,206,1030
103987,2025-07-19,店舗1,商品12,3,206,618
104115,2025-07-19,店舗1,商品12,4,206,824
104115,2025-07-19,店舗1,商品12,3,206,618
104239,2025-07-19,店舗1,商品12,2,206,412
104295,2025-07-19,店舗1,商品12,6,206,1236
104295,2025-07-19,店舗1,商品12,4,206,824
104508,2025-07-19,店舗1,商品07,4,182,728
104508,2025-07-19,店舗1,商品07,5,182,910
104508,2025-07-19,店舗1,商品07,2,182,364
104508,2025-07-19,店舗1,商品07,2,182,364
104508,2025-07-19,店舗1,商品07,8,182,1456
104508,2025-07-19,店舗1,商品07,3,182,546
104508,2025-07-19,店舗1,商品07,2,182,364
104508,2025-07-19,店舗1,商品12,5,206,1030
105740,2025-07-19,店舗1,商品12,4,206,824
105740,2025-07-19,店舗1,商品12,3,206,618
101266,2025-07-19,店舗2,商品09,2,182,364
101999,2025-07-19,店舗2,商品09,2,182,364
101999,2025-07-19,店舗2,商品09,3,182,546
103781,2025-07-19,店舗2,商品08,1,206,206
104527,2025-07-19,店舗2,商品04,2,206,412
100335,2025-07-20,店舗1,商品12,7,206,1442
100733,2025-07-20,店舗1,商品12,4,206,824
101265,2025-07-20,店舗1,商品12,9,206,1854
102091,2025-07-20,店舗1,商品12,5,206,1030
102691,2025-07-20,店舗1,商品12,7,206,1442
103077,2025-07-20,店舗1,商品12,6,206,1236
103509,2025-07-20,店舗1,商品12,11,206,2266
103511,2025-07-20,店舗1,商品12,7,206,1442
103892,2025-07-20,店舗1,商品12,6,206,1236
103975,2025-07-20,店舗1,商品12,5,206,1030
104064,2025-07-20,店舗1,商品12,4,206,824
104234,2025-07-20,店舗1,商品10,6,206,1236
104707,2025-07-20,店舗1,商品12,12,206,2472
105325,2025-07-20,店舗1,商品12,5,206,1030
105615,2025-07-20,店舗1,商品12,6,206,1236
102936,2025-07-20,店舗2,商品08,1,206,206
102936,2025-07-20,店舗2,商品08,2,206,412
103853,2025-07-20,店舗2,商品08,1,206,206
105748,2025-07-20,店舗2,商品09,2,182,364
100331,2025-07-21,店舗1,商品12,5,206,1030
101062,2025-07-21,店舗1,商品12,7,206,1442
101177,2025-07-21,店舗1,商品12,5,206,1030
101554,2025-07-21,店舗1,商品12,5,206,1030
102045,2025-07-21,店舗1,商品12,7,206,1442
102045,2025-07-21,店舗1,商品12,6,206,1236
102045,2025-07-21,店舗1,商品12,6,206,1236
102212,2025-07-21,店舗1,商品12,4,206,824
102447,2025-07-21,店舗1,商品12,6,206,1236
104531,2025-07-21,店舗1,商品12,5,206,1030
104874,2025-07-21,店舗1,商品12,5,206,1030
104980,2025-07-21,店舗1,商品12,10,206,2060
105700,2025-07-21,店舗1,商品12,7,206,1442
105863,2025-07-21,店舗1,商品12,7,206,1442
100406,2025-07-21,店舗2,商品07,2,182,364
100587,2025-07-21,店舗2,商品09,3,182,546
100709,2025-07-21,店舗2,商品08,2,206,412
103199,2025-07-21,店舗2,商品03,1,446,446
103199,2025-07-21,店舗2,商品05,2,206,412
103948,2025-07-21,店舗2,商品07,1,182,182
104736,2025-07-21,店舗2,商品08,3,206,618
100767,2025-07-22,店舗1,商品12,1,206,206
101726,2025-07-22,店舗1,商品12,3,206,618
103412,2025-07-22,店舗1,商品12,1,206,206
104097,2025-07-22,店舗1,商品12,1,206,206
104120,2025-07-22,店舗1,商品05,1,206,206
104120,2025-07-22,店舗1,商品06,2,206,412
104120,2025-07-22,店舗1,商品06,3,206,618
104120,2025-07-22,店舗1,商品07,2,182,364
104120,2025-07-22,店舗1,商品07,2,182,364
104120,2025-07-22,店舗1,商品07,1,182,182
104120,2025-07-22,店舗1,商品07,1,182,182
104120,2025-07-22,店舗1,商品07,1,182,182
104120,2025-07-22,店舗1,商品07,2,182,364
104120,2025-07-22,店舗1,商品07,1,182,182
104120,2025-07-22,店舗1,商品07,2,182,364
104120,2025-07-22,店舗1,商品10,1,206,206
101032,2025-07-22,店舗2,商品07,2,182,364
101256,2025-07-22,店舗2,商品09,5,182,910
101888,2025-07-22,店舗2,商品04,4,206,824
102867,2025-07-22,店舗2,商品09,2,182,364
103719,2025-07-22,店舗2,商品04,2,206,412
104036,2025-07-22,店舗2,商品04,2,206,412
104216,2025-07-22,店舗2,商品07,3,182,546
104393,2025-07-22,店舗2,商品08,4,206,824
105128,2025-07-22,店舗2,商品09,2,182,364
105209,2025-07-22,店舗2,商品04,3,206,618
105209,2025-07-22,店舗2,商品04,4,206,824
105461,2025-07-22,店舗2,商品09,2,182,364
101761,2025-07-23,店舗1,商品12,5,206,1030
102083,2025-07-23,店舗1,商品12,5,206,1030
102457,2025-07-23,店舗1,商品12,6,206,1236
103037,2025-07-23,店舗1,商品12,5,206,1030
103710,2025-07-23,店舗1,商品12,5,206,1030
105745,2025-07-23,店舗1,商品12,3,206,618
101275,2025-07-23,店舗2,商品04,2,206,412
101275,2025-07-23,店舗2,商品04,2,206,412
101740,2025-07-23,店舗2,商品04,2,206,412
101740,2025-07-23,店舗2,商品04,3,206,618
101740,2025-07-23,店舗2,商品04,2,206,412
101740,2025-07-23,店舗2,商品04,2,206,412
103060,2025-07-23,店舗2,商品01,1,182,182
103120,2025-07-23,店舗2,商品07,2,182,364
103724,2025-07-23,店舗2,商品08,3,206,618
104371,2025-07-23,店舗2,商品09,2,182,364
104560,2025-07-23,店舗2,商品07,1,182,182
104560,2025-07-23,店舗2,商品07,3,182,546
104912,2025-07-23,店舗2,商品01,2,182,364
105010,2025-07-23,店舗2,商品07,2,182,364
105562,2025-07-23,店舗2,商品04,1,206,206
105562,2025-07-23,店舗2,商品04,1,206,206
105625,2025-07-23,店舗2,商品04,2,206,412
105625,2025-07-23,店舗2,商品09,2,182,364
105725,2025-07-23,店舗2,商品08,2,206,412
101687,2025-07-24,店舗1,商品12,7,206,1442
102235,2025-07-24,店舗1,商品12,3,206,618
102665,2025-07-24,店舗1,商品12,4,206,824
102665,2025-07-24,店舗1,商品12,2,206,412
102665,2025-07-24,店舗1,商品12,4,206,824
102800,2025-07-24,店舗1,商品12,2,206,412
103993,2025-07-24,店舗1,商品12,1,206,206
104295,2025-07-24,店舗1,商品12,6,206,1236
100419,2025-07-24,店舗2,商品06,4,206,824
101324,2025-07-24,店舗2,商品08,1,206,206
101741,2025-07-24,店舗2,商品07,3,182,546
103074,2025-07-24,店舗2,商品05,3,206,618
103183,2025-07-24,店舗2,商品08,2,206,412
103382,2025-07-24,店舗2,商品01,4,182,728
103382,2025-07-24,店舗2,商品01,3,182,546
103569,2025-07-24,店舗2,商品09,3,182,546
103569,2025-07-24,店舗2,商品09,2,182,364
104598,2025-07-24,店舗2,商品08,2,206,412
105190,2025-07-24,店舗2,商品05,1,206,206
105190,2025-07-24,店舗2,商品05,1,206,206
105190,2025-07-24,店舗2,商品08,2,206,412
105625,2025-07-24,店舗2,商品07,2,182,364
105882,2025-07-24,店舗2,商品07,2,182,364
100055,2025-07-25,店舗1,商品12,3,206,618
101384,2025-07-25,店舗1,商品12,3,206,618
101384,2025-07-25,店舗1,商品12,4,206,824
102212,2025-07-25,店舗1,商品12,6,206,1236
102600,2025-07-25,店舗1,商品12,3,206,618
104009,2025-07-25,店舗1,商品12,3,206,618
104640,2025-07-25,店舗1,商品12,2,206,412
105153,2025-07-25,店舗1,商品12,3,206,618
105153,2025-07-25,店舗1,商品12,11,206,2266
105868,2025-07-25,店舗1,商品12,3,206,618
100367,2025-07-25,店舗2,商品06,2,206,412
101175,2025-07-25,店舗2,商品04,3,206,618
101175,2025-07-25,店舗2,商品04,2,206,412
102140,2025-07-25,店舗2,商品08,2,206,412
102666,2025-07-25,店舗2,商品09,4,182,728
102733,2025-07-25,店舗2,商品07,2,182,364
102751,2025-07-25,店舗2,商品07,5,182,910
102852,2025-07-25,店舗2,商品03,1,446,446
103166,2025-07-25,店舗2,商品09,2,182,364
103213,2025-07-25,店舗2,商品09,4,182,728
103213,2025-07-25,店舗2,商品09,2,182,364
103265,2025-07-25,店舗2,商品07,3,182,546
104640,2025-07-25,店舗2,商品04,3,206,618
105514,2025-07-25,店舗2,商品06,4,206,824
100113,2025-07-26,店舗1,商品12,4,206,824
100113,2025-07-26,店舗1,商品12,7,206,1442
100393,2025-07-26,店舗1,商品12,6,206,1236
100692,2025-07-26,店舗1,商品12,7,206,1442
100713,2025-07-26,店舗1,商品12,5,206,1030
101475,2025-07-26,店舗1,商品12,7,206,1442
101482,2025-07-26,店舗1,商品12,6,206,1236
101855,2025-07-26,店舗1,商品12,3,206,618
102212,2025-07-26,店舗1,商品12,5,206,1030
102331,2025-07-26,店舗1,商品12,6,206,1236
102497,2025-07-26,店舗1,商品12,9,206,1854
102497,2025-07-26,店舗1,商品12,8,206,1648
102586,2025-07-26,店舗1,商品12,4,206,824
102733,2025-07-26,店舗1,商品12,8,206,1648
103120,2025-07-26,店舗1,商品09,3,182,546
103332,2025-07-26,店舗1,商品12,4,206,824
103491,2025-07-26,店舗1,商品12,6,206,1236
103491,2025-07-26,店舗1,商品12,9,206,1854
103629,2025-07-26,店舗1,商品12,4,206,824
103892,2025-07-26,店舗1,商品12,8,206,1648
100244,2025-07-26,店舗2,商品01,2,182,364
100579,2025-07-26,店舗2,商品07,3,182,546
102245,2025-07-26,店舗2,商品07,1,182,182
102245,2025-07-26,店舗2,商品07,2,182,364
103049,2025-07-26,店舗2,商品09,1,182,182
100198,2025-07-27,店舗1,商品12,3,206,618
100585,2025-07-27,店舗1,商品12,4,206,824
101375,2025-07-27,店舗1,商品12,4,206,824
101820,2025-07-27,店舗1,商品12,4,206,824
101820,2025-07-27,店舗1,商品12,5,206,1030
102513,2025-07-27,店舗1,商品12,5,206,1030
102513,2025-07-27,店舗1,商品12,4,206,824
102537,2025-07-27,店舗1,商品10,4,206,824
102537,2025-07-27,店舗1,商品12,4,206,824
102537,2025-07-27,店舗1,商品12,5,206,1030
102537,2025-07-27,店舗1,商品12,3,206,618
102537,2025-07-27,店舗1,商品12,3,206,618
102537,2025-07-27,店舗1,商品12,3,206,618
102920,2025-07-27,店舗1,商品12,7,206,1442
102931,2025-07-27,店舗1,商品10,5,206,1030
102979,2025-07-27,店舗1,商品12,4,206,824
103738,2025-07-27,店舗1,商品12,2,206,412
104464,2025-07-27,店舗1,商品01,5,182,910
104494,2025-07-27,店舗1,商品12,5,206,1030
104661,2025-07-27,店舗1,商品12,4,206,824
104661,2025-07-27,店舗1,商品12,4,206,824
104661,2025-07-27,店舗1,商品12,5,206,1030
105409,2025-07-27,店舗1,商品04,4,206,824
105409,2025-07-27,店舗1,商品12,3,206,618
105539,2025-07-27,店舗1,商品12,2,206,412
105755,2025-07-27,店舗1,商品04,6,206,1236
102557,2025-07-27,店舗2,商品01,2,182,364
103501,2025-07-27,店舗2,商品08,2,206,412
105010,2025-07-27,店舗2,商品07,2,182,364
100507,2025-07-28,店舗1,商品12,5,206,1030
100575,2025-07-28,店舗1,商品12,2,206,412
100849,2025-07-28,店舗1,商品12,2,206,412
100849,2025-07-28,店舗1,商品12,4,206,824
102374,2025-07-28,店舗1,商品12,6,206,1236
102397,2025-07-28,店舗1,商品12,4,206,824
103557,2025-07-28,店舗1,商品12,3,206,618
100426,2025-07-28,店舗2,商品04,3,206,618
100587,2025-07-28,店舗2,商品01,2,182,364
101386,2025-07-28,店舗2,商品04,2,206,412
101850,2025-07-28,店舗2,商品01,2,182,364
102663,2025-07-28,店舗2,商品09,2,182,364
103441,2025-07-28,店舗2,商品06,2,206,412
103441,2025-07-28,店舗2,商品08,1,206,206
103476,2025-07-28,店舗2,商品07,6,182,1092
104024,2025-07-28,店舗2,商品07,2,182,364
104269,2025-07-28,店舗2,商品06,2,206,412
104269,2025-07-28,店舗2,商品06,1,206,206
105911,2025-07-28,店舗2,商品01,3,182,546
105964,2025-07-28,店舗2,商品09,2,182,364
105964,2025-07-28,店舗2,商品09,3,182,546
100768,2025-07-29,店舗1,商品12,2,206,412
101500,2025-07-29,店舗1,商品12,3,206,618
102063,2025-07-29,店舗1,商品12,3,206,618
102063,2025-07-29,店舗1,商品12,3,206,618
102910,2025-07-29,店舗1,商品12,4,206,824
103494,2025-07-29,店舗1,商品12,2,206,412
103494,2025-07-29,店舗1,商品12,4,206,824
103494,2025-07-29,店舗1,商品12,2,206,412
104913,2025-07-29,店舗1,商品12,4,206,824
100261,2025-07-29,店舗2,商品07,1,182,182
100331,2025-07-29,店舗2,商品09,2,182,364
100719,2025-07-29,店舗2,商品07,3,182,546
100845,2025-07-29,店舗2,商品09,1,182,182
100845,2025-07-29,店舗2,商品09,1,182,182
100845,2025-07-29,店舗2,商品09,2,182,364
100845,2025-07-29,店舗2,商品09,2,182,364
100845,2025-07-29,店舗2,商品09,1,182,182
100845,2025-07-29,店舗2,商品09,1,182,182
100845,2025-07-29,店舗2,商品09,2,182,364
100888,2025-07-29,店舗2,商品08,3,206,618
101433,2025-07-29,店舗2,商品08,2,206,412
101433,2025-07-29,店舗2,商品08,1,206,206
102308,2025-07-29,店舗2,商品10,2,206,412
102400,2025-07-29,店舗2,商品08,2,206,412
102658,2025-07-29,店舗2,商品09,2,182,364
102820,2025-07-29,店舗2,商品09,2,182,364
105414,2025-07-29,店舗2,商品09,2,182,364
105414,2025-07-29,店舗2,商品09,1,182,182
100268,2025-07-30,店舗1,商品12,3,206,618
100653,2025-07-30,店舗1,商品12,5,206,1030
100973,2025-07-30,店舗1,商品12,8,206,1648
101135,2025-07-30,店舗1,商品12,2,206,412
101283,2025-07-30,店舗1,商品12,6,206,1236
104708,2025-07-30,店舗1,商品12,4,206,824
101110,2025-07-30,店舗2,商品07,4,182,728
101122,2025-07-30,店舗2,商品09,3,182,546
101639,2025-07-30,店舗2,商品08,2,206,412
101691,2025-07-30,店舗2,商品07,3,182,546
102588,2025-07-30,店舗2,商品08,3,206,618
102931,2025-07-30,店舗2,商品08,2,206,412
102931,2025-07-30,店舗2,商品08,3,206,618
103173,2025-07-30,店舗2,商品05,3,206,618
103173,2025-07-30,店舗2,商品05,3,206,618
103402,2025-07-30,店舗2,商品04,2,206,412
104450,2025-07-30,店舗2,商品10,2,206,412
104634,2025-07-30,店舗2,商品04,3,206,618
104948,2025-07-30,店舗2,商品09,2,182,364
100067,2025-07-31,店舗1,商品12,2,206,412
102109,2025-07-31,店舗1,商品12,2,206,412
102331,2025-07-31,店舗1,商品12,3,206,618
102374,2025-07-31,店舗1,商品12,3,206,618
102374,2025-07-31,店舗1,商品12,5,206,1030
102374,2025-07-31,店舗1,商品12,3,206,618
102733,2025-07-31,店舗1,商品12,6,206,1236
102733,2025-07-31,店舗1,商品12,2,206,412
103316,2025-07-31,店舗1,商品12,3,206,618
100511,2025-07-31,店舗2,商品09,1,182,182
100511,2025-07-31,店舗2,商品09,3,182,546
100788,2025-07-31,店舗2,商品09,2,182,364
101136,2025-07-31,店舗2,商品08,3,206,618
103477,2025-07-31,店舗2,商品09,4,182,728
104234,2025-07-31,店舗2,商品07,2,182,364
104234,2025-07-31,店舗2,商品07,3,182,546
104725,2025-07-31,店舗2,商品04,1,206,206
104725,2025-07-31,店舗2,商品04,3,206,618
105281,2025-07-31,店舗2,商品01,3,182,546
105667,2025-07-31,店舗2,商品06,2,206,412
105667,2025-07-31,店舗2,商品09,1,182,182
105682,2025-07-31,店舗2,商品06,2,206,412
105755,2025-07-31,店舗2,商品04,3,206,618
105785,2025-07-31,店舗2,商品01,1,182,182
101667,2025-08-01,店舗1,商品12,10,206,2060
102321,2025-08-01,店舗1,商品12,4,206,824
102321,2025-08-01,店舗1,商品12,6,206,1236
103433,2025-08-01,店舗1,商品01,3,182,546
103436,2025-08-01,店舗1,商品12,3,206,618
103807,2025-08-01,店舗1,商品12,3,206,618
104942,2025-08-01,店舗1,商品12,4,206,824
104942,2025-08-01,店舗1,商品12,2,206,412
105018,2025-08-01,店舗1,商品12,3,206,618
105816,2025-08-01,店舗1,商品12,4,206,824
100510,2025-08-01,店舗2,商品07,5,182,910
100694,2025-08-01,店舗2,商品07,3,182,546
101608,2025-08-01,店舗2,商品09,3,182,546
102279,2025-08-01,店舗2,商品05,2,206,412
103756,2025-08-01,店舗2,商品09,2,182,364
103816,2025-08-01,店舗2,商品01,5,182,910
105565,2025-08-01,店舗2,商品04,2,206,412
105565,2025-08-01,店舗2,商品04,2,206,412
105565,2025-08-01,店舗2,商品04,3,206,618
105622,2025-08-01,店舗2,商品09,2,182,364
105748,2025-08-01,店舗2,商品08,4,206,824
105870,2025-08-01,店舗2,商品07,3,182,546
105952,2025-08-01,店舗2,商品09,2,182,364
105960,2025-08-01,店舗2,商品09,1,182,182
100730,2025-08-02,店舗1,商品12,6,206,1236
100730,2025-08-02,店舗1,商品12,5,206,1030
101265,2025-08-02,店舗1,商品07,3,182,546
101265,2025-08-02,店舗1,商品12,5,206,1030
101559,2025-08-02,店舗1,商品12,9,206,1854
101726,2025-08-02,店舗1,商品12,5,206,1030
102744,2025-08-02,店舗1,商品12,4,206,824
103153,2025-08-02,店舗1,商品12,3,206,618
103193,2025-08-02,店舗1,商品12,11,206,2266
103213,2025-08-02,店舗1,商品10,5,206,1030
104640,2025-08-02,店舗1,商品12,6,206,1236
104818,2025-08-02,店舗1,商品11,1,630,630
104829,2025-08-02,店舗1,商品12,5,206,1030
104867,2025-08-02,店舗1,商品12,5,206,1030
104942,2025-08-02,店舗1,商品12,4,206,824
104942,2025-08-02,店舗1,商品12,6,206,1236
104992,2025-08-02,店舗1,商品01,5,182,910
104992,2025-08-02,店舗1,商品01,7,182,1274
105453,2025-08-02,店舗1,商品12,6,206,1236
105650,2025-08-02,店舗1,商品12,4,206,824
105687,2025-08-02,店舗1,商品07,3,182,546
105687,2025-08-02,店舗1,商品07,6,182,1092
100329,2025-08-02,店舗2,商品08,2,206,412
100551,2025-08-02,店舗2,商品09,1,182,182
101167,2025-08-02,店舗2,商品09,2,182,364
101884,2025-08-02,店舗2,商品01,2,182,364
101884,2025-08-02,店舗2,商品01,2,182,364
100619,2025-08-03,店舗1,商品12,8,206,1648
100685,2025-08-03,店舗1,商品12,5,206,1030
100891,2025-08-03,店舗1,商品12,6,206,1236
100936,2025-08-03,店舗1,商品12,7,206,1442
101155,2025-08-03,店舗1,商品12,8,206,1648
101436,2025-08-03,店舗1,商品12,7,206,1442
101850,2025-08-03,店舗1,商品12,5,206,1030
102437,2025-08-03,店舗1,商品12,8,206,1648
102820,2025-08-03,店舗1,商品12,5,206,1030
102958,2025-08-03,店舗1,商品12,4,206,824
102958,2025-08-03,店舗1,商品12,4,206,824
103345,2025-08-03,店舗1,商品12,5,206,1030
103708,2025-08-03,店舗1,商品12,7,206,1442
103708,2025-08-03,店舗1,商品12,6,206,1236
103799,2025-08-03,店舗1,商品12,4,206,824
104521,2025-08-03,店舗1,商品12,7,206,1442
104755,2025-08-03,店舗1,商品12,9,206,1854
105040,2025-08-03,店舗1,商品12,4,206,824
105287,2025-08-03,店舗1,商品10,6,206,1236
105967,2025-08-03,店舗1,商品12,6,206,1236
100753,2025-08-03,店舗2,商品01,1,182,182
105310,2025-08-03,店舗2,商品07,1,182,182
105310,2025-08-03,店舗2,商品07,2,182,364
105551,2025-08-03,店舗2,商品08,1,206,206
100054,2025-08-04,店舗1,商品12,5,206,1030
101731,2025-08-04,店舗1,商品12,4,206,824
102109,2025-08-04,店舗1,商品12,4,206,824
102135,2025-08-04,店舗1,商品12,2,206,412
103417,2025-08-04,店舗1,商品12,3,206,618
104029,2025-08-04,店舗1,商品12,8,206,1648
100135,2025-08-04,店舗2,商品01,2,182,364
101403,2025-08-04,店舗2,商品09,2,182,364
101731,2025-08-04,店舗2,商品08,1,206,206
103122,2025-08-04,店舗2,商品04,1,206,206
103122,2025-08-04,店舗2,商品09,4,182,728
103163,2025-08-04,店舗2,商品08,2,206,412
103163,2025-08-04,店舗2,商品08,2,206,412
104018,2025-08-04,店舗2,商品06,2,206,412
104234,2025-08-04,店舗2,商品07,4,182,728
104356,2025-08-04,店舗2,商品07,3,182,546
104525,2025-08-04,店舗2,商品08,3,206,618
105667,2025-08-04,店舗2,商品06,2,206,412
105667,2025-08-04,店舗2,商品09,3,182,546
105942,2025-08-04,店舗2,商品06,1,206,206
100981,2025-08-05,店舗1,商品12,5,206,1030
101687,2025-08-05,店舗1,商品12,4,206,824
102975,2025-08-05,店舗1,商品12,6,206,1236
104295,2025-08-05,店舗1,商品12,3,206,618
105556,2025-08-05,店舗1,商品12,5,206,1030
105839,2025-08-05,店舗1,商品12,4,206,824
100244,2025-08-05,店舗2,商品09,2,182,364
101436,2025-08-05,店舗2,商品03,1,446,446
101436,2025-08-05,店舗2,商品03,1,446,446
101436,2025-08-05,店舗2,商品09,1,182,182
101534,2025-08-05,店舗2,商品09,2,182,364
102304,2025-08-05,店舗2,商品09,1,182,182
102433,2025-08-05,店舗2,商品08,2,206,412
103082,2025-08-05,店舗2,商品04,4,206,824
104269,2025-08-05,店舗2,商品09,2,182,364
104942,2025-08-05,店舗2,商品04,3,206,618
105628,2025-08-05,店舗2,商品09,4,182,728
105628,2025-08-05,店舗2,商品10,3,206,618
105667,2025-08-05,店舗2,商品06,4,206,824
100184,2025-08-06,店舗1,商品12,3,206,618
101740,2025-08-06,店舗1,商品12,3,206,618
102437,2025-08-06,店舗1,商品12,3,206,618
102437,2025-08-06,店舗1,商品12,6,206,1236
103203,2025-08-06,店舗1,商品12,5,206,1030
103684,2025-08-06,店舗1,商品12,4,206,824
104598,2025-08-06,店舗1,商品12,3,206,618
104598,2025-08-06,店舗1,商品12,3,206,618
100825,2025-08-06,店舗2,商品07,2,182,364
101309,2025-08-06,店舗2,商品07,3,182,546
101522,2025-08-06,店舗2,商品04,2,206,412
101536,2025-08-06,店舗2,商品09,1,182,182
103236,2025-08-06,店舗2,商品06,3,206,618
103702,2025-08-06,店舗2,商品07,2,182,364
103980,2025-08-06,店舗2,商品10,2,206,412
104582,2025-08-06,店舗2,商品09,4,182,728
104997,2025-08-06,店舗2,商品06,2,206,412
105740,2025-08-06,店舗2,商品05,6,206,1236
105740,2025-08-06,店舗2,商品06,3,206,618
105852,2025-08-06,店舗2,商品09,3,182,546
100985,2025-08-07,店舗1,商品01,6,182,1092
102931,2025-08-07,店舗1,商品12,5,206,1030
103687,2025-08-07,店舗1,商品12,3,206,618
103687,2025-08-07,店舗1,商品12,4,206,824
104616,2025-08-07,店舗1,商品12,5,206,1030
104620,2025-08-07,店舗1,商品12,3,206,618
105033,2025-08-07,店舗1,商品12,4,206,824
100494,2025-08-07,店舗2,商品09,1,182,182
101556,2025-08-07,店舗2,商品01,1,182,182
102371,2025-08-07,店舗2,商品07,2,182,364
102371,2025-08-07,店舗2,商品09,1,182,182
102371,2025-08-07,店舗2,商品09,2,182,364
102780,2025-08-07,店舗2,商品01,1,182,182
103402,2025-08-07,店舗2,商品07,2,182,364
103501,2025-08-07,店舗2,商品07,1,182,182
103995,2025-08-07,店舗2,商品09,1,182,182
104617,2025-08-07,店舗2,商品06,1,206,206
104707,2025-08-07,店舗2,商品07,1,182,182
104707,2025-08-07,店舗2,商品09,1,182,182
104707,2025-08-07,店舗2,商品09,2,182,364
104707,2025-08-07,店舗2,商品09,1,182,182
104707,2025-08-07,店舗2,商品09,1,182,182
104707,2025-08-07,店舗2,商品09,1,182,182
104707,2025-08-07,店舗2,商品09,1,182,182
105514,2025-08-07,店舗2,商品06,1,206,206
105514,2025-08-07,店舗2,商品07,2,182,364
105514,2025-08-07,店舗2,商品07,1,182,182
105514,2025-08-07,店舗2,商品07,2,182,364
105514,2025-08-07,店舗2,商品07,1,182,182
105514,2025-08-07,店舗2,商品07,1,182,182
105514,2025-08-07,店舗2,商品08,1,206,206
105514,2025-08-07,店舗2,商品08,1,206,206
105514,2025-08-07,店舗2,商品08,1,206,206
101263,2025-08-08,店舗1,商品12,5,206,1030
101263,2025-08-08,店舗1,商品12,3,206,618
101263,2025-08-08,店舗1,商品12,3,206,618
101263,2025-08-08,店舗1,商品12,2,206,412
101263,2025-08-08,店舗1,商品12,4,206,824
101263,2025-08-08,店舗1,商品12,1,206,206
102331,2025-08-08,店舗1,商品12,4,206,824
102573,2025-08-08,店舗1,商品12,2,206,412
102819,2025-08-08,店舗1,商品12,4,206,824
103350,2025-08-08,店舗1,商品07,2,182,364
104665,2025-08-08,店舗1,商品12,6,206,1236
105232,2025-08-08,店舗1,商品12,3,206,618
105317,2025-08-08,店舗1,商品12,4,206,824
100695,2025-08-08,店舗2,商品07,4,182,728
100891,2025-08-08,店舗2,商品07,3,182,546
101099,2025-08-08,店舗2,商品04,5,206,1030
101471,2025-08-08,店舗2,商品06,5,206,1030
101490,2025-08-08,店舗2,商品09,2,182,364
101490,2025-08-08,店舗2,商品09,2,182,364
102314,2025-08-08,店舗2,商品08,2,206,412
102506,2025-08-08,店舗2,商品08,3,206,618
103458,2025-08-08,店舗2,商品09,2,182,364
104023,2025-08-08,店舗2,商品04,2,206,412
104180,2025-08-08,店舗2,商品08,3,206,618
104249,2025-08-08,店舗2,商品04,2,206,412
104258,2025-08-08,店舗2,商品01,2,182,364
100184,2025-08-09,店舗1,商品12,10,206,2060
100184,2025-08-09,店舗1,商品12,4,206,824
100761,2025-08-09,店舗1,商品12,6,206,1236
101534,2025-08-09,店舗1,商品12,6,206,1236
101534,2025-08-09,店舗1,商品12,4,206,824
102188,2025-08-09,店舗1,商品12,6,206,1236
102188,2025-08-09,店舗1,商品12,4,206,824
102374,2025-08-09,店舗1,商品12,6,206,1236
102518,2025-08-09,店舗1,商品12,6,206,1236
103162,2025-08-09,店舗1,商品12,9,206,1854
103193,2025-08-09,店舗1,商品12,7,206,1442
103369,2025-08-09,店舗1,商品12,4,206,824
103528,2025-08-09,店舗1,商品12,9,206,1854
103528,2025-08-09,店舗1,商品12,5,206,1030
103562,2025-08-09,店舗1,商品12,6,206,1236
103936,2025-08-09,店舗1,商品12,7,206,1442
103993,2025-08-09,店舗1,商品12,3,206,618
104370,2025-08-09,店舗1,商品12,5,206,1030
104967,2025-08-09,店舗1,商品12,6,206,1236
105160,2025-08-09,店舗1,商品12,5,206,1030
105264,2025-08-09,店舗1,商品12,6,206,1236
105342,2025-08-09,店舗1,商品12,5,206,1030
105456,2025-08-09,店舗1,商品12,8,206,1648
105514,2025-08-09,店舗1,商品12,5,206,1030
105740,2025-08-09,店舗1,商品12,8,206,1648
101657,2025-08-09,店舗2,商品09,3,182,546
102392,2025-08-09,店舗2,商品07,1,182,182
102771,2025-08-09,店舗2,商品09,1,182,182
102771,2025-08-09,店舗2,商品09,1,182,182
100318,2025-08-10,店舗1,商品12,7,206,1442
100318,2025-08-10,店舗1,商品12,8,206,1648
101263,2025-08-10,店舗1,商品12,6,206,1236
101328,2025-08-10,店舗1,商品12,5,206,1030
101438,2025-08-10,店舗1,商品12,6,206,1236
101586,2025-08-10,店舗1,商品12,4,206,824
101696,2025-08-10,店舗1,商品12,5,206,1030
101731,2025-08-10,店舗1,商品12,4,206,824
101755,2025-08-10,店舗1,商品12,5,206,1030
102530,2025-08-10,店舗1,商品12,4,206,824
102841,2025-08-10,店舗1,商品12,5,206,1030
103074,2025-08-10,店舗1,商品05,5,206,1030
103308,2025-08-10,店舗1,商品12,3,206,618
103332,2025-08-10,店舗1,商品12,5,206,1030
103332,2025-08-10,店舗1,商品12,8,206,1648
103754,2025-08-10,店舗1,商品09,5,182,910
104160,2025-08-10,店舗1,商品12,6,206,1236
104407,2025-08-10,店舗1,商品12,6,206,1236
104407,2025-08-10,店舗1,商品12,8,206,1648
104708,2025-08-10,店舗1,商品10,6,206,1236
105456,2025-08-10,店舗1,商品12,5,206,1030
105456,2025-08-10,店舗1,商品12,8,206,1648
105725,2025-08-10,店舗1,商品12,5,206,1030
105725,2025-08-10,店舗1,商品12,8,206,1648
105068,2025-08-10,店舗2,商品05,1,206,206
105068,2025-08-10,店舗2,商品05,2,206,412
105376,2025-08-10,店舗2,商品07,1,182,182
100038,2025-08-11,店舗1,商品12,6,206,1236
100160,2025-08-11,店舗1,商品12,2,206,412
100722,2025-08-11,店舗1,商品12,6,206,1236
101136,2025-08-11,店舗1,商品12,7,206,1442
101427,2025-08-11,店舗1,商品12,3,206,618
101687,2025-08-11,店舗1,商品12,3,206,618
101755,2025-08-11,店舗1,商品12,8,206,1648
102331,2025-08-11,店舗1,商品12,5,206,1030
103120,2025-08-11,店舗1,商品09,9,182,1638
103754,2025-08-11,店舗1,商品07,5,182,910
104379,2025-08-11,店舗1,商品12,4,206,824
104531,2025-08-11,店舗1,商品12,7,206,1442
104531,2025-08-11,店舗1,商品12,6,206,1236
104531,2025-08-11,店舗1,商品12,6,206,1236
104722,2025-08-11,店舗1,商品12,6,206,1236
104867,2025-08-11,店舗1,商品10,5,206,1030
104867,2025-08-11,店舗1,商品12,4,206,824
105068,2025-08-11,店舗1,商品12,3,206,618
105523,2025-08-11,店舗1,商品12,11,206,2266
100064,2025-08-11,店舗2,商品04,2,206,412
100887,2025-08-11,店舗2,商品06,3,206,618
101517,2025-08-11,店舗2,商品06,1,206,206
104754,2025-08-11,店舗2,商品08,2,206,412
101618,2025-08-12,店舗1,商品12,7,206,1442
101618,2025-08-12,店舗1,商品12,5,206,1030
101735,2025-08-12,店舗1,商品12,4,206,824
102931,2025-08-12,店舗1,商品12,5,206,1030
102942,2025-08-12,店舗1,商品12,5,206,1030
103033,2025-08-12,店舗1,商品12,3,206,618
103352,2025-08-12,店舗1,商品12,4,206,824
104596,2025-08-12,店舗1,商品12,3,206,618
102552,2025-08-12,店舗2,商品09,2,182,364
102840,2025-08-12,店舗2,商品03,1,446,446
102922,2025-08-12,店舗2,商品04,2,206,412
102922,2025-08-12,店舗2,商品06,2,206,412
102997,2025-08-12,店舗2,商品09,1,182,182
103198,2025-08-12,店舗2,商品07,1,182,182
103198,2025-08-12,店舗2,商品07,1,182,182
103564,2025-08-12,店舗2,商品09,2,182,364
103564,2025-08-12,店舗2,商品09,1,182,182
103564,2025-08-12,店舗2,商品09,4,182,728
103564,2025-08-12,店舗2,商品09,1,182,182
104276,2025-08-12,店舗2,商品04,2,206,412
104523,2025-08-12,店舗2,商品04,2,206,412
104523,2025-08-12,店舗2,商品04,1,206,206
100100,2025-08-13,店舗1,商品12,13,206,2678
101169,2025-08-13,店舗1,商品12,4,206,824
102372,2025-08-13,店舗1,商品12,4,206,824
103756,2025-08-13,店舗1,商品12,3,206,618
104295,2025-08-13,店舗1,商品12,3,206,618
104525,2025-08-13,店舗1,商品12,5,206,1030
104596,2025-08-13,店舗1,商品12,4,206,824
104954,2025-08-13,店舗1,商品12,4,206,824
101033,2025-08-13,店舗2,商品05,3,206,618
101033,2025-08-13,店舗2,商品05,2,206,412
101482,2025-08-13,店舗2,商品09,3,182,546
101850,2025-08-13,店舗2,商品01,3,182,546
101937,2025-08-13,店舗2,商品08,3,206,618
103394,2025-08-13,店舗2,商品07,1,182,182
103564,2025-08-13,店舗2,商品07,2,182,364
103917,2025-08-13,店舗2,商品01,2,182,364
104017,2025-08-13,店舗2,商品08,3,206,618
102764,2025-08-14,店舗1,商品12,5,206,1030
102802,2025-08-14,店舗1,商品12,4,206,824
103120,2025-08-14,店舗1,商品06,5,206,1030
103162,2025-08-14,店舗1,商品12,3,206,618
103853,2025-08-14,店舗1,商品12,2,206,412
104374,2025-08-14,店舗1,商品12,4,206,824
104374,2025-08-14,店舗1,商品12,8,206,1648
105188,2025-08-14,店舗1,商品12,7,206,1442
100111,2025-08-14,店舗2,商品04,2,206,412
100111,2025-08-14,店舗2,商品04,1,206,206
100111,2025-08-14,店舗2,商品04,2,206,412
100111,2025-08-14,店舗2,商品04,2,206,412
100111,2025-08-14,店舗2,商品04,1,206,206
100111,2025-08-14,店舗2,商品04,1,206,206
100111,2025-08-14,店舗2,商品04,1,206,206
100234,2025-08-14,店舗2,商品09,1,182,182
100234,2025-08-14,店舗2,商品09,1,182,182
101309,2025-08-14,店舗2,商品07,1,182,182
103132,2025-08-14,店舗2,商品08,1,206,206
103157,2025-08-14,店舗2,商品09,1,182,182
103166,2025-08-14,店舗2,商品09,1,182,182
103166,2025-08-14,店舗2,商品09,2,182,364
103166,2025-08-14,店舗2,商品09,1,182,182
104369,2025-08-14,店舗2,商品09,1,182,182
100055,2025-08-15,店舗1,商品12,7,206,1442
100070,2025-08-15,店舗1,商品12,7,206,1442
100715,2025-08-15,店舗1,商品12,4,206,824
101667,2025-08-15,店舗1,商品12,5,206,1030
102845,2025-08-15,店舗1,商品12,3,206,618
103303,2025-08-15,店舗1,商品12,5,206,1030
103303,2025-08-15,店舗1,商品12,3,206,618
103303,2025-08-15,店舗1,商品12,4,206,824
103828,2025-08-15,店舗1,商品12,5,206,1030
105556,2025-08-15,店舗1,商品12,6,206,1236
105556,2025-08-15,店舗1,商品12,4,206,824
105719,2025-08-15,店舗1,商品12,3,206,618
103004,2025-08-15,店舗2,商品09,2,182,364
103084,2025-08-15,店舗2,商品04,1,206,206
104220,2025-08-15,店舗2,商品05,2,206,412
104220,2025-08-15,店舗2,商品05,2,206,412
104220,2025-08-15,店舗2,商品06,1,206,206
104739,2025-08-15,店舗2,商品04,1,206,206
104874,2025-08-15,店舗2,商品08,2,206,412
105206,2025-08-15,店舗2,商品07,3,182,546
105206,2025-08-15,店舗2,商品07,2,182,364
105525,2025-08-15,店舗2,商品04,2,206,412
105939,2025-08-15,店舗2,商品08,1,206,206
105939,2025-08-15,店舗2,商品08,2,206,412
105939,2025-08-15,店舗2,商品08,2,206,412
100297,2025-08-16,店舗1,商品12,12,206,2472
100985,2025-08-16,店舗1,商品01,5,182,910
101204,2025-08-16,店舗1,商品12,5,206,1030
101890,2025-08-16,店舗1,商品12,12,206,2472
101940,2025-08-16,店舗1,商品12,3,206,618
102131,2025-08-16,店舗1,商品12,3,206,618
102298,2025-08-16,店舗1,商品12,5,206,1030
102420,2025-08-16,店舗1,商品12,5,206,1030
102703,2025-08-16,店舗1,商品12,7,206,1442
102918,2025-08-16,店舗1,商品12,11,206,2266
103400,2025-08-16,店舗1,商品12,4,206,824
103400,2025-08-16,店舗1,商品12,4,206,824
103916,2025-08-16,店舗1,商品12,4,206,824
104057,2025-08-16,店舗1,商品12,4,206,824
104234,2025-08-16,店舗1,商品12,4,206,824
104314,2025-08-16,店舗1,商品12,4,206,824
104545,2025-08-16,店舗1,商品12,5,206,1030
104942,2025-08-16,店舗1,商品12,6,206,1236
105212,2025-08-16,店舗1,商品12,5,206,1030
105212,2025-08-16,店舗1,商品12,5,206,1030
105911,2025-08-16,店舗1,商品12,12,206,2472
105911,2025-08-16,店舗1,商品12,5,206,1030
105911,2025-08-16,店舗1,商品12,9,206,1854
105915,2025-08-16,店舗1,商品12,4,206,824
100076,2025-08-16,店舗2,商品02,1,315,315
100927,2025-08-16,店舗2,商品09,1,182,182
105010,2025-08-16,店舗2,商品08,3,206,618
100049,2025-08-17,店舗1,商品12,5,206,1030
100501,2025-08-17,店舗1,商品12,4,206,824
100501,2025-08-17,店舗1,商品12,5,206,1030
100685,2025-08-17,店舗1,商品12,3,206,618
100685,2025-08-17,店舗1,商品12,6,206,1236
100853,2025-08-17,店舗1,商品12,6,206,1236
101687,2025-08-17,店舗1,商品12,3,206,618
101980,2025-08-17,店舗1,商品12,4,206,824
102437,2025-08-17,店舗1,商品12,2,206,412
102606,2025-08-17,店舗1,商品12,4,206,824
102999,2025-08-17,店舗1,商品12,6,206,1236
103025,2025-08-17,店舗1,商品12,4,206,824
103025,2025-08-17,店舗1,商品12,6,206,1236
103090,2025-08-17,店舗1,商品12,6,206,1236
103090,2025-08-17,店舗1,商品12,3,206,618
103265,2025-08-17,店舗1,商品12,7,206,1442
103835,2025-08-17,店舗1,商品12,11,206,2266
103998,2025-08-17,店舗1,商品12,4,206,824
104527,2025-08-17,店舗1,商品12,6,206,1236
105206,2025-08-17,店舗1,商品12,8,206,1648
105206,2025-08-17,店舗1,商品12,3,206,618
105206,2025-08-17,店舗1,商品12,10,206,2060
105324,2025-08-17,店舗1,商品12,6,206,1236
105382,2025-08-17,店舗1,商品12,13,206,2678
105611,2025-08-17,店舗1,商品12,3,206,618
105953,2025-08-17,店舗1,商品12,5,206,1030
102995,2025-08-17,店舗2,商品07,1,182,182
103360,2025-08-17,店舗2,商品08,2,206,412
100793,2025-08-18,店舗1,商品10,4,206,824
100793,2025-08-18,店舗1,商品12,3,206,618
100793,2025-08-18,店舗1,商品12,2,206,412
100878,2025-08-18,店舗1,商品12,3,206,618
102448,2025-08-18,店舗1,商品12,4,206,824
103494,2025-08-18,店舗1,商品12,2,206,412
105376,2025-08-18,店舗1,商品10,3,206,618
105376,2025-08-18,店舗1,商品10,4,206,824
100234,2025-08-18,店舗2,商品07,5,182,910
101188,2025-08-18,店舗2,商品06,3,206,618
101764,2025-08-18,店舗2,商品06,3,206,618
101967,2025-08-18,店舗2,商品01,2,182,364
102291,2025-08-18,店舗2,商品09,4,182,728
102869,2025-08-18,店舗2,商品05,2,206,412
104293,2025-08-18,店舗2,商品09,2,182,364
104335,2025-08-18,店舗2,商品09,4,182,728
104798,2025-08-18,店舗2,商品07,2,182,364
105840,2025-08-18,店舗2,商品07,4,182,728
100784,2025-08-19,店舗1,商品12,5,206,1030
100981,2025-08-19,店舗1,商品12,4,206,824
102140,2025-08-19,店舗1,商品12,3,206,618
103053,2025-08-19,店舗1,商品12,6,206,1236
104598,2025-08-19,店舗1,商品12,7,206,1442
105868,2025-08-19,店舗1,商品07,3,182,546
100301,2025-08-19,店舗2,商品04,5,206,1030
100448,2025-08-19,店舗2,商品08,2,206,412
100758,2025-08-19,店舗2,商品09,6,182,1092
100957,2025-08-19,店舗2,商品07,3,182,546
102083,2025-08-19,店舗2,商品08,1,206,206
102841,2025-08-19,店舗2,商品06,3,206,618
102912,2025-08-19,店舗2,商品09,2,182,364
103330,2025-08-19,店舗2,商品09,3,182,546
103483,2025-08-19,店舗2,商品08,3,206,618
105244,2025-08-19,店舗2,商品07,2,182,364
100165,2025-08-20,店舗1,商品12,2,206,412
100165,2025-08-20,店舗1,商品12,2,206,412
100165,2025-08-20,店舗1,商品12,2,206,412
100165,2025-08-20,店舗1,商品12,2,206,412
100165,2025-08-20,店舗1,商品12,2,206,412
100353,2025-08-20,店舗1,商品12,3,206,618
100418,2025-08-20,店舗1,商品12,3,206,618
101798,2025-08-20,店舗1,商品06,2,206,412
101798,2025-08-20,店舗1,商品06,3,206,618
102532,2025-08-20,店舗1,商品12,2,206,412
102532,2025-08-20,店舗1,商品12,4,206,824
104467,2025-08-20,店舗1,商品12,1,206,206
104467,2025-08-20,店舗1,商品12,2,206,412
104882,2025-08-20,店舗1,商品12,3,206,618
101731,2025-08-20,店舗2,商品07,2,182,364
101781,2025-08-20,店舗2,商品10,2,206,412
101850,2025-08-20,店舗2,商品09,4,182,728
102098,2025-08-20,店舗2,商品05,2,206,412
102703,2025-08-20,店舗2,商品04,3,206,618
103934,2025-08-20,店舗2,商品09,6,182,1092
104258,2025-08-20,店舗2,商品05,4,206,824
104371,2025-08-20,店舗2,商品09,3,182,546
104886,2025-08-20,店舗2,商品04,3,206,618
105135,2025-08-20,店舗2,商品04,2,206,412
105264,2025-08-20,店舗2,商品09,3,182,546
100192,2025-08-21,店舗1,商品12,3,206,618
100527,2025-08-21,店舗1,商品12,2,206,412
100537,2025-08-21,店舗1,商品12,2,206,412
102420,2025-08-21,店舗1,商品12,3,206,618
102420,2025-08-21,店舗1,商品12,3,206,618
102420,2025-08-21,店舗1,商品12,2,206,412
104133,2025-08-21,店舗1,商品12,6,206,1236
104133,2025-08-21,店舗1,商品12,4,206,824
105055,2025-08-21,店舗1,商品12,4,206,824
105884,2025-08-21,店舗1,商品12,3,206,618
100750,2025-08-21,店舗2,商品01,2,182,364
101310,2025-08-21,店舗2,商品08,2,206,412
101559,2025-08-21,店舗2,商品08,3,206,618
101559,2025-08-21,店舗2,商品09,2,182,364
102865,2025-08-21,店舗2,商品09,2,182,364
103495,2025-08-21,店舗2,商品09,4,182,728
104957,2025-08-21,店舗2,商品05,4,206,824
105071,2025-08-21,店舗2,商品07,3,182,546
105367,2025-08-21,店舗2,商品08,4,206,824
105514,2025-08-21,店舗2,商品07,3,182,546
105884,2025-08-21,店舗2,商品07,3,182,546
100784,2025-08-22,店舗1,商品12,5,206,1030
101669,2025-08-22,店舗1,商品12,5,206,1030
101929,2025-08-22,店舗1,商品12,6,206,1236
102852,2025-08-22,店舗1,商品12,4,206,824
102922,2025-08-22,店舗1,商品12,5,206,1030
104269,2025-08-22,店舗1,商品09,4,182,728
104269,2025-08-22,店舗1,商品10,4,206,824
104678,2025-08-22,店舗1,商品12,7,206,1442
105128,2025-08-22,店舗1,商品12,4,206,824
100054,2025-08-22,店舗2,商品09,2,182,364
100127,2025-08-22,店舗2,商品09,2,182,364
100127,2025-08-22,店舗2,商品10,2,206,412
100929,2025-08-22,店舗2,商品09,2,182,364
101257,2025-08-22,店舗2,商品04,2,206,412
101430,2025-08-22,店舗2,商品08,2,206,412
102256,2025-08-22,店舗2,商品07,2,182,364
103181,2025-08-22,店舗2,商品01,3,182,546
103352,2025-08-22,店舗2,商品05,3,206,618
103615,2025-08-22,店舗2,商品05,2,206,412
104826,2025-08-22,店舗2,商品07,2,182,364
104942,2025-08-22,店舗2,商品09,3,182,546
104942,2025-08-22,店舗2,商品09,1,182,182
104942,2025-08-22,店舗2,商品09,3,182,546
104997,2025-08-22,店舗2,商品06,2,206,412
104997,2025-08-22,店舗2,商品06,2,206,412
104997,2025-08-22,店舗2,商品07,2,182,364
100184,2025-08-23,店舗1,商品06,5,206,1030
100510,2025-08-23,店舗1,商品10,7,206,1442
100547,2025-08-23,店舗1,商品12,8,206,1648
100978,2025-08-23,店舗1,商品12,4,206,824
101309,2025-08-23,店舗1,商品12,5,206,1030
101519,2025-08-23,店舗1,商品12,2,206,412
101519,2025-08-23,店舗1,商品12,4,206,824
102410,2025-08-23,店舗1,商品12,5,206,1030
102521,2025-08-23,店舗1,商品12,3,206,618
102521,2025-08-23,店舗1,商品12,2,206,412
102656,2025-08-23,店舗1,商品12,3,206,618
102697,2025-08-23,店舗1,商品06,2,206,412
102697,2025-08-23,店舗1,商品11,1,630,630
102841,2025-08-23,店舗1,商品12,4,206,824
103465,2025-08-23,店舗1,商品12,3,206,618
103501,2025-08-23,店舗1,商品12,3,206,618
104266,2025-08-23,店舗1,商品07,6,182,1092
104266,2025-08-23,店舗1,商品12,4,206,824
104745,2025-08-23,店舗1,商品12,4,206,824
104745,2025-08-23,店舗1,商品12,5,206,1030
104745,2025-08-23,店舗1,商品12,4,206,824
104745,2025-08-23,店舗1,商品12,3,206,618
104745,2025-08-23,店舗1,商品12,4,206,824
104745,2025-08-23,店舗1,商品12,2,206,412
104833,2025-08-23,店舗1,商品10,5,206,1030
105068,2025-08-23,店舗1,商品12,5,206,1030
105068,2025-08-23,店舗1,商品12,3,206,618
105068,2025-08-23,店舗1,商品12,7,206,1442
105068,2025-08-23,店舗1,商品12,5,206,1030
105068,2025-08-23,店舗1,商品12,5,206,1030
105816,2025-08-23,店舗1,商品12,6,206,1236
100957,2025-08-23,店舗2,商品07,1,182,182
101688,2025-08-23,店舗2,商品04,2,206,412
104144,2025-08-23,店舗2,商品09,3,182,546
104738,2025-08-23,店舗2,商品09,3,182,546
100393,2025-08-24,店舗1,商品12,4,206,824
100570,2025-08-24,店舗1,商品12,4,206,824
100819,2025-08-24,店舗1,商品12,3,206,618
101078,2025-08-24,店舗1,商品12,3,206,618
101078,2025-08-24,店舗1,商品12,4,206,824
101177,2025-08-24,店舗1,商品12,3,206,618
102045,2025-08-24,店舗1,商品12,4,206,824
102291,2025-08-24,店舗1,商品05,2,206,412
103303,2025-08-24,店舗1,商品12,6,206,1236
103303,2025-08-24,店舗1,商品12,5,206,1030
103463,2025-08-24,店舗1,商品12,3,206,618
103869,2025-08-24,店舗1,商品12,4,206,824
103869,2025-08-24,店舗1,商品12,4,206,824
103869,2025-08-24,店舗1,商品12,5,206,1030
103869,2025-08-24,店舗1,商品12,5,206,1030
103869,2025-08-24,店舗1,商品12,3,206,618
103869,2025-08-24,店舗1,商品12,2,206,412
103869,2025-08-24,店舗1,商品12,4,206,824
103869,2025-08-24,店舗1,商品12,1,206,206
103869,2025-08-24,店舗1,商品12,5,206,1030
103933,2025-08-24,店舗1,商品12,2,206,412
104644,2025-08-24,店舗1,商品12,3,206,618
104867,2025-08-24,店舗1,商品10,5,206,1030
104891,2025-08-24,店舗1,商品12,4,206,824
104976,2025-08-24,店舗1,商品12,4,206,824
105264,2025-08-24,店舗1,商品12,5,206,1030
105264,2025-08-24,店舗1,商品12,6,206,1236
105264,2025-08-24,店舗1,商品12,2,206,412
105264,2025-08-24,店舗1,商品12,3,206,618
105396,2025-08-24,店舗1,商品12,4,206,824
100572,2025-08-24,店舗2,商品07,1,182,182
103400,2025-08-24,店舗2,商品08,2,206,412
104848,2025-08-24,店舗2,商品07,3,182,546
100685,2025-08-25,店舗1,商品07,3,182,546
101247,2025-08-25,店舗1,商品12,6,206,1236
103157,2025-08-25,店舗1,商品12,9,206,1854
104258,2025-08-25,店舗1,商品10,2,206,412
104258,2025-08-25,店舗1,商品11,1,630,630
104269,2025-08-25,店舗1,商品10,3,206,618
105641,2025-08-25,店舗1,商品12,4,206,824
100074,2025-08-25,店舗2,商品07,3,182,546
101037,2025-08-25,店舗2,商品06,2,206,412
101037,2025-08-25,店舗2,商品06,2,206,412
101037,2025-08-25,店舗2,商品06,5,206,1030
101365,2025-08-25,店舗2,商品09,2,182,364
101816,2025-08-25,店舗2,商品07,2,182,364
103892,2025-08-25,店舗2,商品06,2,206,412
104032,2025-08-25,店舗2,商品08,2,206,412
104867,2025-08-25,店舗2,商品09,1,182,182
104867,2025-08-25,店舗2,商品09,3,182,546
104942,2025-08-25,店舗2,商品06,2,206,412
104942,2025-08-25,店舗2,商品06,2,206,412
105033,2025-08-25,店舗2,商品07,1,182,182
105173,2025-08-25,店舗2,商品09,3,182,546
105785,2025-08-25,店舗2,商品09,2,182,364
100784,2025-08-26,店舗1,商品12,6,206,1236
102297,2025-08-26,店舗1,商品12,4,206,824
103701,2025-08-26,店舗1,商品12,6,206,1236
104337,2025-08-26,店舗1,商品12,4,206,824
104800,2025-08-26,店舗1,商品12,5,206,1030
105355,2025-08-26,店舗1,商品07,5,182,910
100353,2025-08-26,店舗2,商品04,5,206,1030
101939,2025-08-26,店舗2,商品09,3,182,546
101985,2025-08-26,店舗2,商品07,5,182,910
102507,2025-08-26,店舗2,商品04,2,206,412
102793,2025-08-26,店舗2,商品06,2,206,412
103626,2025-08-26,店舗2,商品08,2,206,412
103805,2025-08-26,店舗2,商品04,2,206,412
104169,2025-08-26,店舗2,商品10,3,206,618
104525,2025-08-26,店舗2,商品03,1,446,446
104525,2025-08-26,店舗2,商品08,4,206,824
105144,2025-08-26,店舗2,商品01,1,182,182
105719,2025-08-26,店舗2,商品04,3,206,618
100165,2025-08-27,店舗1,商品12,5,206,1030
100449,2025-08-27,店舗1,商品12,3,206,618
101167,2025-08-27,店舗1,商品12,5,206,1030
102393,2025-08-27,店舗1,商品12,3,206,618
102393,2025-08-27,店舗1,商品12,4,206,824
104077,2025-08-27,店舗1,商品12,6,206,1236
105264,2025-08-27,店舗1,商品12,5,206,1030
101427,2025-08-27,店舗2,商品08,1,206,206
101430,2025-08-27,店舗2,商品08,2,206,412
101430,2025-08-27,店舗2,商品08,1,206,206
101430,2025-08-27,店舗2,商品08,2,206,412
101430,2025-08-27,店舗2,商品08,2,206,412
101430,2025-08-27,店舗2,商品08,2,206,412
101430,2025-08-27,店舗2,商品08,1,206,206
101591,2025-08-27,店舗2,商品08,2,206,412
101591,2025-08-27,店舗2,商品08,2,206,412
102157,2025-08-27,店舗2,商品08,1,206,206
103254,2025-08-27,店舗2,商品06,2,206,412
103285,2025-08-27,店舗2,商品09,4,182,728
103285,2025-08-27,店舗2,商品09,1,182,182
103285,2025-08-27,店舗2,商品09,1,182,182
104420,2025-08-27,店舗2,商品09,2,182,364
104739,2025-08-27,店舗2,商品07,2,182,364
105358,2025-08-27,店舗2,商品07,2,182,364
105781,2025-08-27,店舗2,商品04,2,206,412
105893,2025-08-27,店舗2,商品07,2,182,364
100402,2025-08-28,店舗1,商品12,3,206,618
100610,2025-08-28,店舗1,商品12,6,206,1236
102894,2025-08-28,店舗1,商品11,1,630,630
103754,2025-08-28,店舗1,商品06,8,206,1648
103959,2025-08-28,店舗1,商品12,4,206,824
104867,2025-08-28,店舗1,商品10,4,206,824
105212,2025-08-28,店舗1,商品12,6,206,1236
101029,2025-08-28,店舗2,商品08,3,206,618
101607,2025-08-28,店舗2,商品09,1,182,182
101913,2025-08-28,店舗2,商品08,4,206,824
102995,2025-08-28,店舗2,商品01,2,182,364
103337,2025-08-28,店舗2,商品09,2,182,364
103452,2025-08-28,店舗2,商品07,3,182,546
103781,2025-08-28,店舗2,商品09,4,182,728
103950,2025-08-28,店舗2,商品09,3,182,546
104672,2025-08-28,店舗2,商品08,2,206,412
104779,2025-08-28,店舗2,商品05,2,206,412
104779,2025-08-28,店舗2,商品05,5,206,1030
105725,2025-08-28,店舗2,商品08,4,206,824
100587,2025-08-29,店舗1,商品12,3,206,618
101731,2025-08-29,店舗1,商品04,4,206,824
101731,2025-08-29,店舗1,商品07,4,182,728
101731,2025-08-29,店舗1,商品07,2,182,364
101731,2025-08-29,店舗1,商品07,4,182,728
101731,2025-08-29,店舗1,商品12,2,206,412
101731,2025-08-29,店舗1,商品12,2,206,412
101731,2025-08-29,店舗1,商品12,3,206,618
101965,2025-08-29,店舗1,商品12,2,206,412
104240,2025-08-29,店舗1,商品12,2,206,412
104545,2025-08-29,店舗1,商品12,3,206,618
104798,2025-08-29,店舗1,商品12,4,206,824
105598,2025-08-29,店舗1,商品10,2,206,412
105740,2025-08-29,店舗1,商品12,2,206,412
105740,2025-08-29,店舗1,商品12,2,206,412
105740,2025-08-29,店舗1,商品12,2,206,412
105868,2025-08-29,店舗1,商品12,2,206,412
105868,2025-08-29,店舗1,商品12,2,206,412
100127,2025-08-29,店舗2,商品07,4,182,728
100239,2025-08-29,店舗2,商品09,3,182,546
100282,2025-08-29,店舗2,商品06,3,206,618
101030,2025-08-29,店舗2,商品06,3,206,618
102038,2025-08-29,店舗2,商品01,2,182,364
102411,2025-08-29,店舗2,商品01,2,182,364
102695,2025-08-29,店舗2,商品08,5,206,1030
102695,2025-08-29,店舗2,商品09,3,182,546
102695,2025-08-29,店舗2,商品09,4,182,728
103168,2025-08-29,店舗2,商品07,2,182,364
103444,2025-08-29,店舗2,商品09,2,182,364
103975,2025-08-29,店舗2,商品04,2,206,412
104093,2025-08-29,店舗2,商品07,2,182,364
105625,2025-08-29,店舗2,商品07,2,182,364
101008,2025-08-30,店舗1,商品07,5,182,910
101008,2025-08-30,店舗1,商品07,5,182,910
101008,2025-08-30,店舗1,商品12,3,206,618
101264,2025-08-30,店舗1,商品06,2,206,412
101264,2025-08-30,店舗1,商品07,7,182,1274
101264,2025-08-30,店舗1,商品07,6,182,1092
101264,2025-08-30,店舗1,商品07,3,182,546
101264,2025-08-30,店舗1,商品07,4,182,728
101264,2025-08-30,店舗1,商品12,5,206,1030
102562,2025-08-30,店舗1,商品12,4,206,824
103223,2025-08-30,店舗1,商品12,5,206,1030
103223,2025-08-30,店舗1,商品12,4,206,824
103223,2025-08-30,店舗1,商品12,3,206,618
103223,2025-08-30,店舗1,商品12,5,206,1030
103223,2025-08-30,店舗1,商品12,4,206,824
103341,2025-08-30,店舗1,商品12,4,206,824
103475,2025-08-30,店舗1,商品12,2,206,412
103501,2025-08-30,店舗1,商品12,5,206,1030
103933,2025-08-30,店舗1,商品12,2,206,412
104018,2025-08-30,店舗1,商品12,3,206,618
104054,2025-08-30,店舗1,商品12,5,206,1030
104054,2025-08-30,店舗1,商品12,2,206,412
104429,2025-08-30,店舗1,商品12,4,206,824
104640,2025-08-30,店舗1,商品12,5,206,1030
104798,2025-08-30,店舗1,商品12,2,206,412
104867,2025-08-30,店舗1,商品10,3,206,618
105204,2025-08-30,店舗1,商品12,6,206,1236
105212,2025-08-30,店舗1,商品12,2,206,412
105262,2025-08-30,店舗1,商品12,7,206,1442
105324,2025-08-30,店舗1,商品12,5,206,1030
105324,2025-08-30,店舗1,商品12,3,206,618
101361,2025-08-30,店舗2,商品07,2,182,364
102348,2025-08-30,店舗2,商品08,3,206,618
103142,2025-08-30,店舗2,商品06,2,206,412
105516,2025-08-30,店舗2,商品08,2,206,412
100329,2025-08-31,店舗1,商品12,4,206,824
100378,2025-08-31,店舗1,商品12,5,206,1030
101135,2025-08-31,店舗1,商品12,8,206,1648
101153,2025-08-31,店舗1,商品12,5,206,1030
101213,2025-08-31,店舗1,商品12,4,206,824
101349,2025-08-31,店舗1,商品12,5,206,1030
101623,2025-08-31,店舗1,商品12,4,206,824
101666,2025-08-31,店舗1,商品12,3,206,618
102485,2025-08-31,店舗1,商品12,9,206,1854
102794,2025-08-31,店舗1,商品10,6,206,1236
103025,2025-08-31,店舗1,商品12,6,206,1236
103360,2025-08-31,店舗1,商品12,7,206,1442
103636,2025-08-31,店舗1,商品12,7,206,1442
104063,2025-08-31,店舗1,商品12,5,206,1030
104063,2025-08-31,店舗1,商品12,5,206,1030
104097,2025-08-31,店舗1,商品12,4,206,824
104197,2025-08-31,店舗1,商品12,10,206,2060
104197,2025-08-31,店舗1,商品12,5,206,1030
104203,2025-08-31,店舗1,商品12,4,206,824
105667,2025-08-31,店舗1,商品12,8,206,1648
105667,2025-08-31,店舗1,商品12,6,206,1236
105667,2025-08-31,店舗1,商品12,5,206,1030
105667,2025-08-31,店舗1,商品12,8,206,1648
104823,2025-08-31,店舗2,商品10,2,206,412
104848,2025-08-31,店舗2,商品07,2,182,364
105640,2025-08-31,店舗2,商品05,2,206,412
100685,2025-09-01,店舗1,商品12,4,206,824
102586,2025-09-01,店舗1,商品12,3,206,618
102586,2025-09-01,店舗1,商品12,4,206,824
102802,2025-09-01,店舗1,商品12,5,206,1030
103120,2025-09-01,店舗1,商品09,5,182,910
105444,2025-09-01,店舗1,商品12,6,206,1236
105909,2025-09-01,店舗1,商品05,2,206,412
100076,2025-09-01,店舗2,商品07,1,182,182
100830,2025-09-01,店舗2,商品09,3,182,546
101310,2025-09-01,店舗2,商品08,2,206,412
101427,2025-09-01,店舗2,商品08,2,206,412
101427,2025-09-01,店舗2,商品08,3,206,618
101500,2025-09-01,店舗2,商品07,2,182,364
101825,2025-09-01,店舗2,商品08,2,206,412
102140,2025-09-01,店舗2,商品09,4,182,728
102958,2025-09-01,店舗2,商品09,3,182,546
103995,2025-09-01,店舗2,商品06,2,206,412
103995,2025-09-01,店舗2,商品07,4,182,728
104314,2025-09-01,店舗2,商品07,3,182,546
105629,2025-09-01,店舗2,商品06,2,206,412
102354,2025-09-02,店舗1,商品12,2,206,412
103291,2025-09-02,店舗1,商品12,5,206,1030
104374,2025-09-02,店舗1,商品12,4,206,824
104454,2025-09-02,店舗1,商品12,2,206,412
104745,2025-09-02,店舗1,商品12,4,206,824
104745,2025-09-02,店舗1,商品12,4,206,824
104745,2025-09-02,店舗1,商品12,5,206,1030
105444,2025-09-02,店舗1,商品12,5,206,1030
100004,2025-09-02,店舗2,商品08,3,206,618
101008,2025-09-02,店舗2,商品07,3,182,546
101355,2025-09-02,店舗2,商品07,3,182,546
101679,2025-09-02,店舗2,商品08,3,206,618
102303,2025-09-02,店舗2,商品09,2,182,364
102303,2025-09-02,店舗2,商品09,1,182,182
103049,2025-09-02,店舗2,商品04,4,206,824
103091,2025-09-02,店舗2,商品07,4,182,728
103091,2025-09-02,店舗2,商品09,1,182,182
104356,2025-09-02,店舗2,商品07,3,182,546
104356,2025-09-02,店舗2,商品08,1,206,206
104948,2025-09-02,店舗2,商品01,2,182,364
105740,2025-09-02,店舗2,商品05,2,206,412
105890,2025-09-02,店舗2,商品08,3,206,618
100685,2025-09-03,店舗1,商品07,5,182,910
100685,2025-09-03,店舗1,商品07,3,182,546
100685,2025-09-03,店舗1,商品12,3,206,618
101427,2025-09-03,店舗1,商品12,2,206,412
102569,2025-09-03,店舗1,商品12,2,206,412
102569,2025-09-03,店舗1,商品12,3,206,618
102569,2025-09-03,店舗1,商品12,3,206,618
103360,2025-09-03,店舗1,商品12,4,206,824
104208,2025-09-03,店舗1,商品12,3,206,618
104942,2025-09-03,店舗1,商品12,3,206,618
100416,2025-09-03,店舗2,商品04,2,206,412
101026,2025-09-03,店舗2,商品01,2,182,364
101260,2025-09-03,店舗2,商品09,3,182,546
101301,2025-09-03,店舗2,商品04,3,206,618
101519,2025-09-03,店舗2,商品08,3,206,618
101519,2025-09-03,店舗2,商品08,3,206,618
102621,2025-09-03,店舗2,商品07,3,182,546
102621,2025-09-03,店舗2,商品08,4,206,824
102695,2025-09-03,店舗2,商品04,3,206,618
102817,2025-09-03,店舗2,商品08,2,206,412
103215,2025-09-03,店舗2,商品09,3,182,546
103634,2025-09-03,店舗2,商品09,3,182,546
103992,2025-09-03,店舗2,商品06,3,206,618
105813,2025-09-03,店舗2,商品08,2,206,412
100454,2025-09-04,店舗1,商品12,3,206,618
100824,2025-09-04,店舗1,商品12,4,206,824
101246,2025-09-04,店舗1,商品12,4,206,824
102999,2025-09-04,店舗1,商品12,2,206,412
104287,2025-09-04,店舗1,商品05,5,206,1030
104287,2025-09-04,店舗1,商品05,2,206,412
104287,2025-09-04,店舗1,商品05,4,206,824
104287,2025-09-04,店舗1,商品05,2,206,412
104287,2025-09-04,店舗1,商品05,2,206,412
104403,2025-09-04,店舗1,商品12,3,206,618
100198,2025-09-04,店舗2,商品08,4,206,824
102245,2025-09-04,店舗2,商品07,3,182,546
102245,2025-09-04,店舗2,商品07,3,182,546
102245,2025-09-04,店舗2,商品07,2,182,364
102890,2025-09-04,店舗2,商品07,2,182,364
102890,2025-09-04,店舗2,商品08,2,206,412
102890,2025-09-04,店舗2,商品08,3,206,618
103010,2025-09-04,店舗2,商品08,1,206,206
103303,2025-09-04,店舗2,商品04,2,206,412
103898,2025-09-04,店舗2,商品09,2,182,364
104867,2025-09-04,店舗2,商品08,1,206,206
104867,2025-09-04,店舗2,商品09,2,182,364
104879,2025-09-04,店舗2,商品08,4,206,824
105106,2025-09-04,店舗2,商品06,2,206,412
105279,2025-09-04,店舗2,商品09,2,182,364
100049,2025-09-05,店舗1,商品07,4,182,728
100985,2025-09-05,店舗1,商品12,5,206,1030
101312,2025-09-05,店舗1,商品11,2,630,1260
101312,2025-09-05,店舗1,商品11,1,630,630
101312,2025-09-05,店舗1,商品11,2,630,1260
101401,2025-09-05,店舗1,商品12,3,206,618
101427,2025-09-05,店舗1,商品12,8,206,1648
101937,2025-09-05,店舗1,商品12,4,206,824
101937,2025-09-05,店舗1,商品12,5,206,1030
103394,2025-09-05,店舗1,商品12,3,206,618
105237,2025-09-05,店舗1,商品12,6,206,1236
105342,2025-09-05,店舗1,商品12,5,206,1030
100826,2025-09-05,店舗2,商品09,3,182,546
100826,2025-09-05,店舗2,商品09,2,182,364
101606,2025-09-05,店舗2,商品08,1,206,206
101626,2025-09-05,店舗2,商品07,2,182,364
102295,2025-09-05,店舗2,商品04,2,206,412
102371,2025-09-05,店舗2,商品04,2,206,412
102371,2025-09-05,店舗2,商品09,3,182,546
102389,2025-09-05,店舗2,商品09,2,182,364
103084,2025-09-05,店舗2,商品06,2,206,412
103084,2025-09-05,店舗2,商品06,2,206,412
103084,2025-09-05,店舗2,商品06,2,206,412
103084,2025-09-05,店舗2,商品06,2,206,412
103084,2025-09-05,店舗2,商品06,2,206,412
103589,2025-09-05,店舗2,商品09,1,182,182
103732,2025-09-05,店舗2,商品01,3,182,546
104273,2025-09-05,店舗2,商品07,2,182,364
104867,2025-09-05,店舗2,商品09,2,182,364
105010,2025-09-05,店舗2,商品08,3,206,618
105206,2025-09-05,店舗2,商品07,3,182,546
100296,2025-09-06,店舗1,商品12,7,206,1442
100487,2025-09-06,店舗1,商品12,5,206,1030
100487,2025-09-06,店舗1,商品12,7,206,1442
100487,2025-09-06,店舗1,商品12,7,206,1442
100487,2025-09-06,店舗1,商品12,3,206,618
100487,2025-09-06,店舗1,商品12,6,206,1236
101349,2025-09-06,店舗1,商品12,8,206,1648
101921,2025-09-06,店舗1,商品12,4,206,824
101998,2025-09-06,店舗1,商品12,5,206,1030
102066,2025-09-06,店舗1,商品12,6,206,1236
102066,2025-09-06,店舗1,商品12,5,206,1030
102420,2025-09-06,店舗1,商品12,6,206,1236
102420,2025-09-06,店舗1,商品12,5,206,1030
102681,2025-09-06,店舗1,商品12,4,206,824
102695,2025-09-06,店舗1,商品12,6,206,1236
102695,2025-09-06,店舗1,商品12,4,206,824
102947,2025-09-06,店舗1,商品11,1,630,630
103037,2025-09-06,店舗1,商品12,6,206,1236
103604,2025-09-06,店舗1,商品12,4,206,824
104403,2025-09-06,店舗1,商品12,9,206,1854
104485,2025-09-06,店舗1,商品12,2,206,412
104575,2025-09-06,店舗1,商品12,5,206,1030
104620,2025-09-06,店舗1,商品12,6,206,1236
105102,2025-09-06,店舗1,商品12,4,206,824
105461,2025-09-06,店舗1,商品12,3,206,618
105755,2025-09-06,店舗1,商品12,5,206,1030
101263,2025-09-06,店舗2,商品07,2,182,364
101263,2025-09-06,店舗2,商品07,2,182,364
101263,2025-09-06,店舗2,商品07,1,182,182
102468,2025-09-06,店舗2,商品09,1,182,182
102468,2025-09-06,店舗2,商品09,1,182,182
102879,2025-09-06,店舗2,商品07,2,182,364
103400,2025-09-06,店舗2,商品05,1,206,206
100648,2025-09-07,店舗1,商品12,3,206,618
100692,2025-09-07,店舗1,商品12,5,206,1030
100713,2025-09-07,店舗1,商品12,2,206,412
100713,2025-09-07,店舗1,商品12,5,206,1030
101419,2025-09-07,店舗1,商品12,8,206,1648
101781,2025-09-07,店舗1,商品12,6,206,1236
101789,2025-09-07,店舗1,商品12,5,206,1030
102826,2025-09-07,店舗1,商品12,4,206,824
102826,2025-09-07,店舗1,商品12,8,206,1648
102857,2025-09-07,店舗1,商品12,6,206,1236
103560,2025-09-07,店舗1,商品12,3,206,618
103600,2025-09-07,店舗1,商品12,4,206,824
103708,2025-09-07,店舗1,商品12,4,206,824
103710,2025-09-07,店舗1,商品10,5,206,1030
104640,2025-09-07,店舗1,商品12,5,206,1030
104779,2025-09-07,店舗1,商品12,5,206,1030
104867,2025-09-07,店舗1,商品10,7,206,1442
105214,2025-09-07,店舗1,商品10,8,206,1648
105214,2025-09-07,店舗1,商品10,9,206,1854
105778,2025-09-07,店舗1,商品12,3,206,618
105778,2025-09-07,店舗1,商品12,6,206,1236
105778,2025-09-07,店舗1,商品12,4,206,824
105945,2025-09-07,店舗1,商品12,8,206,1648
101591,2025-09-07,店舗2,商品04,2,206,412
102586,2025-09-07,店舗2,商品06,1,206,206
105950,2025-09-07,店舗2,商品10,2,206,412
105950,2025-09-07,店舗2,商品10,1,206,206
100550,2025-09-08,店舗1,商品12,5,206,1030
100550,2025-09-08,店舗1,商品12,4,206,824
100876,2025-09-08,店舗1,商品12,2,206,412
104704,2025-09-08,店舗1,商品12,3,206,618
104704,2025-09-08,店舗1,商品12,3,206,618
104892,2025-09-08,店舗1,商品12,3,206,618
105093,2025-09-08,店舗1,商品12,3,206,618
105093,2025-09-08,店舗1,商品12,3,206,618
105959,2025-09-08,店舗1,商品12,4,206,824
100406,2025-09-08,店舗2,商品07,3,182,546
100607,2025-09-08,店舗2,商品01,1,182,182
101175,2025-09-08,店舗2,商品04,2,206,412
102456,2025-09-08,店舗2,商品01,2,182,364
102744,2025-09-08,店舗2,商品08,2,206,412
103141,2025-09-08,店舗2,商品09,3,182,546
103503,2025-09-08,店舗2,商品07,3,182,546
103503,2025-09-08,店舗2,商品07,1,182,182
104114,2025-09-08,店舗2,商品09,2,182,364
104114,2025-09-08,店舗2,商品09,2,182,364
104114,2025-09-08,店舗2,商品09,2,182,364
104581,2025-09-08,店舗2,商品06,3,206,618
105441,2025-09-08,店舗2,商品08,2,206,412
105441,2025-09-08,店舗2,商品08,2,206,412
105667,2025-09-08,店舗2,商品06,1,206,206
105667,2025-09-08,店舗2,商品09,1,182,182
105747,2025-09-08,店舗2,商品04,2,206,412
105747,2025-09-08,店舗2,商品07,2,182,364
105747,2025-09-08,店舗2,商品07,1,182,182
101659,2025-09-09,店舗1,商品12,3,206,618
102922,2025-09-09,店舗1,商品12,4,206,824
102922,2025-09-09,店舗1,商品12,4,206,824
103564,2025-09-09,店舗1,商品12,6,206,1236
103571,2025-09-09,店舗1,商品12,5,206,1030
104924,2025-09-09,店舗1,商品12,6,206,1236
105468,2025-09-09,店舗1,商品03,2,446,892
100176,2025-09-09,店舗2,商品08,2,206,412
101032,2025-09-09,店舗2,商品01,5,182,910
101160,2025-09-09,店舗2,商品07,2,182,364
101160,2025-09-09,店舗2,商品07,2,182,364
102146,2025-09-09,店舗2,商品01,3,182,546
102758,2025-09-09,店舗2,商品01,3,182,546
103404,2025-09-09,店舗2,商品07,2,182,364
103404,2025-09-09,店舗2,商品07,2,182,364
103564,2025-09-09,店舗2,商品05,3,206,618
103564,2025-09-09,店舗2,商品07,2,182,364
103648,2025-09-09,店舗2,商品07,2,182,364
104120,2025-09-09,店舗2,商品06,3,206,618
104867,2025-09-09,店舗2,商品08,1,206,206
105539,2025-09-09,店舗2,商品04,2,206,412
105539,2025-09-09,店舗2,商品04,2,206,412
105840,2025-09-09,店舗2,商品07,3,182,546
102091,2025-09-10,店舗1,商品07,3,182,546
103084,2025-09-10,店舗1,商品12,5,206,1030
103473,2025-09-10,店舗1,商品12,4,206,824
103898,2025-09-10,店舗1,商品12,5,206,1030
105106,2025-09-10,店舗1,商品12,3,206,618
105269,2025-09-10,店舗1,商品06,3,206,618
105269,2025-09-10,店舗1,商品06,6,206,1236
105813,2025-09-10,店舗1,商品12,5,206,1030
101306,2025-09-10,店舗2,商品04,3,206,618
101361,2025-09-10,店舗2,商品09,2,182,364
101559,2025-09-10,店舗2,商品09,3,182,546
101970,2025-09-10,店舗2,商品09,4,182,728
102371,2025-09-10,店舗2,商品05,2,206,412
102417,2025-09-10,店舗2,商品08,3,206,618
102417,2025-09-10,店舗2,商品09,3,182,546
102420,2025-09-10,店舗2,商品05,1,206,206
103881,2025-09-10,店舗2,商品09,4,182,728
104220,2025-09-10,店舗2,商品05,4,206,824
104954,2025-09-10,店舗2,商品08,4,206,824
105027,2025-09-10,店舗2,商品01,4,182,728
105109,2025-09-10,店舗2,商品09,3,182,546
101013,2025-09-11,店舗1,商品12,5,206,1030
101888,2025-09-11,店舗1,商品12,5,206,1030
102918,2025-09-11,店舗1,商品12,4,206,824
103091,2025-09-11,店舗1,商品10,5,206,1030
104477,2025-09-11,店舗1,商品12,4,206,824
104872,2025-09-11,店舗1,商品12,8,206,1648
100494,2025-09-11,店舗2,商品04,3,206,618
101073,2025-09-11,店舗2,商品04,3,206,618
101688,2025-09-11,店舗2,商品04,2,206,412
102223,2025-09-11,店舗2,商品09,3,182,546
102471,2025-09-11,店舗2,商品01,4,182,728
102529,2025-09-11,店舗2,商品08,4,206,824
103600,2025-09-11,店舗2,商品09,3,182,546
103703,2025-09-11,店舗2,商品07,2,182,364
103898,2025-09-11,店舗2,商品08,3,206,618
104030,2025-09-11,店舗2,商品07,2,182,364
104030,2025-09-11,店舗2,商品09,1,182,182
104120,2025-09-11,店舗2,商品05,2,206,412
105875,2025-09-11,店舗2,商品04,4,206,824
105875,2025-09-11,店舗2,商品06,2,206,412
100527,2025-09-12,店舗1,商品12,4,140,560
100702,2025-09-12,店舗1,商品12,4,140,560
100981,2025-09-12,店舗1,商品12,5,140,700
101104,2025-09-12,店舗1,商品09,9,124,1116
101104,2025-09-12,店舗1,商品12,5,140,700
101902,2025-09-12,店舗1,商品12,4,140,560
101902,2025-09-12,店舗1,商品12,3,140,420
101902,2025-09-12,店舗1,商品12,3,140,420
102371,2025-09-12,店舗1,商品11,2,630,1260
102420,2025-09-12,店舗1,商品12,3,140,420
102420,2025-09-12,店舗1,商品12,5,140,700
103115,2025-09-12,店舗1,商品12,5,140,700
103454,2025-09-12,店舗1,商品12,4,140,560
104160,2025-09-12,店舗1,商品12,4,140,560
105274,2025-09-12,店舗1,商品12,7,140,980
105596,2025-09-12,店舗1,商品12,5,140,700
100165,2025-09-12,店舗2,商品07,3,124,372
100499,2025-09-12,店舗2,商品04,5,140,700
100869,2025-09-12,店舗2,商品04,3,140,420
101265,2025-09-12,店舗2,商品04,3,140,420
101465,2025-09-12,店舗2,商品04,2,140,280
101517,2025-09-12,店舗2,商品06,4,140,560
101519,2025-09-12,店舗2,商品07,4,124,496
102119,2025-09-12,店舗2,商品07,3,124,372
102621,2025-09-12,店舗2,商品08,3,140,420
102773,2025-09-12,店舗2,商品09,4,124,496
103349,2025-09-12,店舗2,商品09,5,124,620
103522,2025-09-12,店舗2,商品07,4,124,496
103522,2025-09-12,店舗2,商品09,3,124,372
103939,2025-09-12,店舗2,商品05,4,140,560
104251,2025-09-12,店舗2,商品07,2,124,248
104780,2025-09-12,店舗2,商品04,3,140,420
104800,2025-09-12,店舗2,商品07,3,124,372
105708,2025-09-12,店舗2,商品04,3,140,420
100127,2025-09-13,店舗1,商品12,5,140,700
100501,2025-09-13,店舗1,商品12,3,140,420
100570,2025-09-13,店舗1,商品12,3,140,420
100667,2025-09-13,店舗1,商品12,5,140,700
101349,2025-09-13,店舗1,商品12,8,140,1120
101389,2025-09-13,店舗1,商品12,8,140,1120
101389,2025-09-13,店舗1,商品12,4,140,560
101482,2025-09-13,店舗1,商品12,2,140,280
102646,2025-09-13,店舗1,商品12,5,140,700
102845,2025-09-13,店舗1,商品12,7,140,980
102845,2025-09-13,店舗1,商品12,10,140,1400
102869,2025-09-13,店舗1,商品11,1,630,630
102918,2025-09-13,店舗1,商品12,5,140,700
102918,2025-09-13,店舗1,商品12,3,140,420
103214,2025-09-13,店舗1,商品12,14,140,1960
103608,2025-09-13,店舗1,商品12,5,140,700
103898,2025-09-13,店舗1,商品12,6,140,840
104253,2025-09-13,店舗1,商品12,6,140,840
104253,2025-09-13,店舗1,商品12,11,140,1540
104253,2025-09-13,店舗1,商品12,3,140,420
104253,2025-09-13,店舗1,商品12,5,140,700
104258,2025-09-13,店舗1,商品10,6,140,840
104258,2025-09-13,店舗1,商品10,9,140,1260
104258,2025-09-13,店舗1,商品11,1,630,630
104258,2025-09-13,店舗1,商品11,2,630,1260
104407,2025-09-13,店舗1,商品12,5,140,700
104407,2025-09-13,店舗1,商品12,4,140,560
104407,2025-09-13,店舗1,商品12,8,140,1120
104413,2025-09-13,店舗1,商品12,9,140,1260
104531,2025-09-13,店舗1,商品12,9,140,1260
104689,2025-09-13,店舗1,商品12,6,140,840
104689,2025-09-13,店舗1,商品12,11,140,1540
104976,2025-09-13,店舗1,商品12,7,140,980
105000,2025-09-13,店舗1,商品12,7,140,980
105119,2025-09-13,店舗1,商品12,5,140,700
105244,2025-09-13,店舗1,商品12,5,140,700
105382,2025-09-13,店舗1,商品12,10,140,1400
100501,2025-09-13,店舗2,商品01,3,124,372
101713,2025-09-13,店舗2,商品08,3,140,420
102918,2025-09-13,店舗2,商品09,2,124,248
103349,2025-09-13,店舗2,商品08,2,140,280
104032,2025-09-13,店舗2,商品08,3,140,420
105753,2025-09-13,店舗2,商品04,3,140,420
100165,2025-09-14,店舗1,商品09,9,124,1116
101475,2025-09-14,店舗1,商品12,8,140,1120
101659,2025-09-14,店舗1,商品12,6,140,840
101999,2025-09-14,店舗1,商品12,4,140,560
102368,2025-09-14,店舗1,商品12,8,140,1120
103060,2025-09-14,店舗1,商品12,7,140,980
103062,2025-09-14,店舗1,商品12,6,140,840
103062,2025-09-14,店舗1,商品12,5,140,700
103394,2025-09-14,店舗1,商品12,6,140,840
103475,2025-09-14,店舗1,商品12,9,140,1260
103881,2025-09-14,店舗1,商品12,7,140,980
103975,2025-09-14,店舗1,商品04,6,140,840
103975,2025-09-14,店舗1,商品07,5,124,620
104120,2025-09-14,店舗1,商品10,6,140,840
104464,2025-09-14,店舗1,商品12,10,140,1400
104472,2025-09-14,店舗1,商品12,4,140,560
104477,2025-09-14,店舗1,商品12,5,140,700
104851,2025-09-14,店舗1,商品12,4,140,560
105005,2025-09-14,店舗1,商品12,6,140,840
105005,2025-09-14,店舗1,商品12,6,140,840
105005,2025-09-14,店舗1,商品12,3,140,420
105106,2025-09-14,店舗1,商品12,12,140,1680
105173,2025-09-14,店舗1,商品10,5,140,700
105576,2025-09-14,店舗1,商品12,5,140,700
105576,2025-09-14,店舗1,商品12,10,140,1400
105596,2025-09-14,店舗1,商品12,6,140,840
105755,2025-09-14,店舗1,商品12,4,140,560
105790,2025-09-14,店舗1,商品12,6,140,840
105884,2025-09-14,店舗1,商品12,5,140,700
100830,2025-09-14,店舗2,商品09,2,124,248
103557,2025-09-14,店舗2,商品09,3,124,372
104128,2025-09-14,店舗2,商品07,1,124,124
104128,2025-09-14,店舗2,商品07,2,124,248
105744,2025-09-14,店舗2,商品07,2,124,248
100005,2025-09-15,店舗1,商品12,11,140,1540
100378,2025-09-15,店舗1,商品12,7,140,980
100740,2025-09-15,店舗1,商品12,8,140,1120
100957,2025-09-15,店舗1,商品11,2,630,1260
101008,2025-09-15,店舗1,商品03,1,446,446
101008,2025-09-15,店舗1,商品06,6,140,840
101008,2025-09-15,店舗1,商品06,7,140,980
101008,2025-09-15,店舗1,商品12,13,140,1820
101167,2025-09-15,店舗1,商品12,5,140,700
101482,2025-09-15,店舗1,商品12,4,140,560
102298,2025-09-15,店舗1,商品12,9,140,1260
102331,2025-09-15,店舗1,商品12,10,140,1400
102718,2025-09-15,店舗1,商品12,5,140,700
102912,2025-09-15,店舗1,商品12,6,140,840
102920,2025-09-15,店舗1,商品12,4,140,560
103394,2025-09-15,店舗1,商品12,8,140,1120
103701,2025-09-15,店舗1,商品12,3,140,420
103819,2025-09-15,店舗1,商品12,4,140,560
104097,2025-09-15,店舗1,商品12,5,140,700
104212,2025-09-15,店舗1,商品12,8,140,1120
104266,2025-09-15,店舗1,商品12,5,140,700
104736,2025-09-15,店舗1,商品12,7,140,980
105221,2025-09-15,店舗1,商品12,17,140,2380
105529,2025-09-15,店舗1,商品12,3,140,420
101256,2025-09-15,店舗2,商品06,3,140,420
101455,2025-09-15,店舗2,商品04,2,140,280
101798,2025-09-15,店舗2,商品01,3,124,372
101798,2025-09-15,店舗2,商品01,4,124,496
103211,2025-09-15,店舗2,商品04,3,140,420
104403,2025-09-15,店舗2,商品07,1,124,124
104443,2025-09-15,店舗2,商品09,2,124,248
104867,2025-09-15,店舗2,商品09,2,124,248
105237,2025-09-15,店舗2,商品09,3,124,372
100766,2025-09-16,店舗1,商品12,8,140,1120
102579,2025-09-16,店舗1,商品12,3,140,420
102744,2025-09-16,店舗1,商品12,6,140,840
102931,2025-09-16,店舗1,商品01,4,124,496
103524,2025-09-16,店舗1,商品12,3,140,420
104038,2025-09-16,店舗1,商品12,3,140,420
104942,2025-09-16,店舗1,商品12,2,140,280
105068,2025-09-16,店舗1,商品12,3,140,420
105068,2025-09-16,店舗1,商品12,4,140,560
105068,2025-09-16,店舗1,商品12,6,140,840
105556,2025-09-16,店舗1,商品12,5,140,700
100001,2025-09-16,店舗2,商品04,2,140,280
100957,2025-09-16,店舗2,商品08,2,140,280
101482,2025-09-16,店舗2,商品09,3,124,372
101482,2025-09-16,店舗2,商品09,2,124,248
101935,2025-09-16,店舗2,商品08,2,140,280
102437,2025-09-16,店舗2,商品09,4,124,496
102471,2025-09-16,店舗2,商品09,2,124,248
103069,2025-09-16,店舗2,商品01,3,124,372
103084,2025-09-16,店舗2,商品08,2,140,280
103162,2025-09-16,店舗2,商品09,2,124,248
104066,2025-09-16,店舗2,商品04,4,140,560
104066,2025-09-16,店舗2,商品04,2,140,280
104120,2025-09-16,店舗2,商品01,5,124,620
104120,2025-09-16,店舗2,商品01,3,124,372
104443,2025-09-16,店舗2,商品09,3,124,372
104443,2025-09-16,店舗2,商品09,2,124,248
104443,2025-09-16,店舗2,商品09,2,124,248
104443,2025-09-16,店舗2,商品09,3,124,372
104631,2025-09-16,店舗2,商品04,3,140,420
104648,2025-09-16,店舗2,商品08,2,140,280
105688,2025-09-16,店舗2,商品09,1,124,124
105978,2025-09-16,店舗2,商品05,3,140,420
100694,2025-09-17,店舗1,商品12,6,140,840
100939,2025-09-17,店舗1,商品12,3,140,420
102126,2025-09-17,店舗1,商品12,7,140,980
102658,2025-09-17,店舗1,商品12,5,140,700
102865,2025-09-17,店舗1,商品12,6,140,840
103881,2025-09-17,店舗1,商品01,5,124,620
103881,2025-09-17,店舗1,商品12,6,140,840
104295,2025-09-17,店舗1,商品12,3,140,420
104598,2025-09-17,店舗1,商品12,5,140,700
105725,2025-09-17,店舗1,商品12,5,140,700
100076,2025-09-17,店舗2,商品03,1,446,446
100076,2025-09-17,店舗2,商品03,1,446,446
100303,2025-09-17,店舗2,商品08,3,140,420
100400,2025-09-17,店舗2,商品08,3,140,420
101194,2025-09-17,店舗2,商品07,2,124,248
101427,2025-09-17,店舗2,商品08,3,140,420
102030,2025-09-17,店舗2,商品09,3,124,372
102433,2025-09-17,店舗2,商品01,5,124,620
102695,2025-09-17,店舗2,商品07,7,124,868
103738,2025-09-17,店舗2,商品09,2,124,248
103738,2025-09-17,店舗2,商品09,2,124,248
103982,2025-09-17,店舗2,商品04,3,140,420
104448,2025-09-17,店舗2,商品05,4,140,560
104648,2025-09-17,店舗2,商品07,6,124,744
104802,2025-09-17,店舗2,商品07,1,124,124
105055,2025-09-17,店舗2,商品10,2,140,280
105068,2025-09-17,店舗2,商品07,4,124,496
105317,2025-09-17,店舗2,商品09,3,124,372
105317,2025-09-17,店舗2,商品09,2,124,248
105598,2025-09-17,店舗2,商品04,3,140,420
100475,2025-09-18,店舗1,商品12,3,140,420
101382,2025-09-18,店舗1,商品12,7,140,980
102437,2025-09-18,店舗1,商品12,5,140,700
102817,2025-09-18,店舗1,商品12,4,140,560
103945,2025-09-18,店舗1,商品12,5,140,700
104009,2025-09-18,店舗1,商品05,3,140,420
104009,2025-09-18,店舗1,商品05,5,140,700
104009,2025-09-18,店舗1,商品12,7,140,980
104158,2025-09-18,店舗1,商品09,3,124,372
104378,2025-09-18,店舗1,商品12,6,140,840
105334,2025-09-18,店舗1,商品12,5,140,700
100638,2025-09-18,店舗2,商品01,4,124,496
100836,2025-09-18,店舗2,商品07,5,124,620
101301,2025-09-18,店舗2,商品08,3,140,420
101355,2025-09-18,店舗2,商品07,3,124,372
101427,2025-09-18,店舗2,商品08,3,140,420
101427,2025-09-18,店舗2,商品08,4,140,560
101680,2025-09-18,店舗2,商品09,4,124,496
101713,2025-09-18,店舗2,商品08,2,140,280
101834,2025-09-18,店舗2,商品04,2,140,280
102163,2025-09-18,店舗2,商品01,2,124,248
103183,2025-09-18,店舗2,商品01,5,124,620
103687,2025-09-18,店舗2,商品04,5,140,700
104365,2025-09-18,店舗2,商品09,2,124,248
104667,2025-09-18,店舗2,商品09,4,124,496
104738,2025-09-18,店舗2,商品09,4,124,496
104954,2025-09-18,店舗2,商品04,2,140,280
105676,2025-09-18,店舗2,商品09,2,124,248
100813,2025-09-19,店舗1,商品12,3,206,618
100957,2025-09-19,店舗1,商品12,4,206,824
102045,2025-09-19,店舗1,商品12,5,206,1030
103449,2025-09-19,店舗1,商品12,7,206,1442
103828,2025-09-19,店舗1,商品04,4,206,824
103993,2025-09-19,店舗1,商品12,4,206,824
104068,2025-09-19,店舗1,商品12,7,206,1442
105214,2025-09-19,店舗1,商品10,6,206,1236
105214,2025-09-19,店舗1,商品10,4,206,824
105668,2025-09-19,店舗1,商品12,5,206,1030
101211,2025-09-19,店舗2,商品04,3,206,618
101301,2025-09-19,店舗2,商品04,3,206,618
102015,2025-09-19,店舗2,商品09,1,182,182
102700,2025-09-19,店舗2,商品09,4,182,728
103374,2025-09-19,店舗2,商品08,4,206,824
103374,2025-09-19,店舗2,商品08,4,206,824
103394,2025-09-19,店舗2,商品07,3,182,546
103410,2025-09-19,店舗2,商品04,2,206,412
103756,2025-09-19,店舗2,商品09,2,182,364
104121,2025-09-19,店舗2,商品08,2,206,412
104597,2025-09-19,店舗2,商品09,3,182,546
105128,2025-09-19,店舗2,商品08,3,206,618
105209,2025-09-19,店舗2,商品01,3,182,546
105209,2025-09-19,店舗2,商品01,4,182,728
105671,2025-09-19,店舗2,商品08,3,206,618
105755,2025-09-19,店舗2,商品07,1,182,182
100067,2025-09-20,店舗1,商品12,6,206,1236
100067,2025-09-20,店舗1,商品12,6,206,1236
100127,2025-09-20,店舗1,商品12,5,206,1030
100127,2025-09-20,店舗1,商品12,7,206,1442
100127,2025-09-20,店舗1,商品12,6,206,1236
100127,2025-09-20,店舗1,商品12,4,206,824
100152,2025-09-20,店舗1,商品12,4,206,824
100809,2025-09-20,店舗1,商品12,3,206,618
101026,2025-09-20,店舗1,商品12,4,206,824
101136,2025-09-20,店舗1,商品12,3,206,618
101897,2025-09-20,店舗1,商品12,3,206,618
101897,2025-09-20,店舗1,商品12,5,206,1030
102684,2025-09-20,店舗1,商品12,5,206,1030
102889,2025-09-20,店舗1,商品07,5,182,910
103174,2025-09-20,店舗1,商品12,3,206,618
103339,2025-09-20,店舗1,商品12,5,206,1030
103724,2025-09-20,店舗1,商品12,3,206,618
103751,2025-09-20,店舗1,商品04,5,206,1030
103751,2025-09-20,店舗1,商品12,3,206,618
104120,2025-09-20,店舗1,商品06,3,206,618
104120,2025-09-20,店舗1,商品06,10,206,2060
104120,2025-09-20,店舗1,商品09,4,182,728
104199,2025-09-20,店舗1,商品12,4,206,824
104560,2025-09-20,店舗1,商品12,5,206,1030
105104,2025-09-20,店舗1,商品12,4,206,824
105104,2025-09-20,店舗1,商品12,7,206,1442
105521,2025-09-20,店舗1,商品12,6,206,1236
105521,2025-09-20,店舗1,商品12,4,206,824
105725,2025-09-20,店舗1,商品12,5,206,1030
105725,2025-09-20,店舗1,商品12,5,206,1030
100939,2025-09-20,店舗2,商品07,1,182,182
101263,2025-09-20,店舗2,商品01,3,182,546
101263,2025-09-20,店舗2,商品01,1,182,182
102279,2025-09-20,店舗2,商品05,1,206,206
102279,2025-09-20,店舗2,商品06,2,206,412
104623,2025-09-20,店舗2,商品04,1,206,206
104978,2025-09-20,店舗2,商品09,2,182,364
100076,2025-09-21,店舗1,商品10,6,206,1236
100409,2025-09-21,店舗1,商品12,7,206,1442
100981,2025-09-21,店舗1,商品12,5,206,1030
101017,2025-09-21,店舗1,商品12,4,206,824
101349,2025-09-21,店舗1,商品12,9,206,1854
101475,2025-09-21,店舗1,商品12,5,206,1030
102485,2025-09-21,店舗1,商品12,7,206,1442
102680,2025-09-21,店舗1,商品12,4,206,824
102715,2025-09-21,店舗1,商品12,7,206,1442
103163,2025-09-21,店舗1,商品07,12,182,2184
103163,2025-09-21,店舗1,商品07,5,182,910
103503,2025-09-21,店舗1,商品11,2,630,1260
103503,2025-09-21,店舗1,商品12,5,206,1030
103797,2025-09-21,店舗1,商品12,6,206,1236
104009,2025-09-21,店舗1,商品11,2,630,1260
104066,2025-09-21,店舗1,商品12,10,206,2060
104068,2025-09-21,店舗1,商品12,5,206,1030
104448,2025-09-21,店舗1,商品06,6,206,1236
104871,2025-09-21,店舗1,商品12,7,206,1442
104871,2025-09-21,店舗1,商品12,7,206,1442
105456,2025-09-21,店舗1,商品12,6,206,1236
104403,2025-09-21,店舗2,商品05,2,206,412
104667,2025-09-21,店舗2,商品07,4,182,728
105287,2025-09-21,店舗2,商品05,1,206,206
100067,2025-09-22,店舗1,商品12,6,206,1236
101306,2025-09-22,店舗1,商品12,5,206,1030
101375,2025-09-22,店舗1,商品12,6,206,1236
102785,2025-09-22,店舗1,商品12,6,206,1236
103446,2025-09-22,店舗1,商品12,4,206,824
104595,2025-09-22,店舗1,商品12,4,206,824
100186,2025-09-22,店舗2,商品08,1,206,206
100186,2025-09-22,店舗2,商品08,2,206,412
100186,2025-09-22,店舗2,商品08,3,206,618
100234,2025-09-22,店舗2,商品08,2,206,412
100337,2025-09-22,店舗2,商品01,1,182,182
101073,2025-09-22,店舗2,商品06,1,206,206
101675,2025-09-22,店舗2,商品07,2,182,364
101780,2025-09-22,店舗2,商品03,1,446,446
102661,2025-09-22,店舗2,商品08,1,206,206
103781,2025-09-22,店舗2,商品04,2,206,412
103781,2025-09-22,店舗2,商品08,1,206,206
104389,2025-09-22,店舗2,商品04,1,206,206
104389,2025-09-22,店舗2,商品04,1,206,206
104389,2025-09-22,店舗2,商品04,2,206,412
104852,2025-09-22,店舗2,商品01,1,182,182
104852,2025-09-22,店舗2,商品01,2,182,364
104852,2025-09-22,店舗2,商品01,1,182,182
104852,2025-09-22,店舗2,商品01,1,182,182
104852,2025-09-22,店舗2,商品01,1,182,182
104867,2025-09-22,店舗2,商品08,1,206,206
105468,2025-09-22,店舗2,商品09,2,182,364
105468,2025-09-22,店舗2,商品09,2,182,364
105468,2025-09-22,店舗2,商品09,2,182,364
105468,2025-09-22,店舗2,商品09,2,182,364
105468,2025-09-22,店舗2,商品09,1,182,182
105468,2025-09-22,店舗2,商品09,2,182,364
105468,2025-09-22,店舗2,商品09,1,182,182
100200,2025-09-23,店舗1,商品01,6,182,1092
100508,2025-09-23,店舗1,商品07,6,182,1092
101324,2025-09-23,店舗1,商品12,4,206,824
101482,2025-09-23,店舗1,商品12,3,206,618
101742,2025-09-23,店舗1,商品12,4,206,824
102095,2025-09-23,店舗1,商品12,11,206,2266
102213,2025-09-23,店舗1,商品12,4,206,824
102393,2025-09-23,店舗1,商品12,6,206,1236
102672,2025-09-23,店舗1,商品12,7,206,1442
103106,2025-09-23,店舗1,商品12,3,206,618
103349,2025-09-23,店舗1,商品09,5,182,910
103394,2025-09-23,店舗1,商品11,2,630,1260
103394,2025-09-23,店舗1,商品12,7,206,1442
103394,2025-09-23,店舗1,商品12,6,206,1236
104295,2025-09-23,店舗1,商品12,8,206,1648
104314,2025-09-23,店舗1,商品12,5,206,1030
105036,2025-09-23,店舗1,商品12,7,206,1442
105055,2025-09-23,店舗1,商品12,5,206,1030
105055,2025-09-23,店舗1,商品12,4,206,824
100380,2025-09-23,店舗2,商品09,3,182,546
101244,2025-09-23,店舗2,商品09,2,182,364
103316,2025-09-23,店舗2,商品08,5,206,1030
104623,2025-09-23,店舗2,商品04,2,206,412
105476,2025-09-23,店舗2,商品07,1,182,182
105611,2025-09-23,店舗2,商品09,3,182,546
100126,2025-09-24,店舗1,商品12,4,206,824
103980,2025-09-24,店舗1,商品12,3,206,618
104054,2025-09-24,店舗1,商品12,6,206,1236
104673,2025-09-24,店舗1,商品12,6,206,1236
104992,2025-09-24,店舗1,商品12,7,206,1442
105078,2025-09-24,店舗1,商品12,7,206,1442
105748,2025-09-24,店舗1,商品12,5,206,1030
100045,2025-09-24,店舗2,商品09,1,182,182
100281,2025-09-24,店舗2,商品05,3,206,618
100501,2025-09-24,店舗2,商品09,2,182,364
101608,2025-09-24,店舗2,商品01,3,182,546
102005,2025-09-24,店舗2,商品04,3,206,618
102005,2025-09-24,店舗2,商品08,3,206,618
102287,2025-09-24,店舗2,商品01,3,182,546
102936,2025-09-24,店舗2,商品09,1,182,182
102947,2025-09-24,店舗2,商品09,4,182,728
104525,2025-09-24,店舗2,商品08,4,206,824
104879,2025-09-24,店舗2,商品08,3,206,618
105264,2025-09-24,店舗2,商品07,2,182,364
105264,2025-09-24,店舗2,商品08,7,206,1442
105279,2025-09-24,店舗2,商品09,3,182,546
105629,2025-09-24,店舗2,商品05,2,206,412
100876,2025-09-25,店舗1,商品12,4,206,824
101312,2025-09-25,店舗1,商品12,4,206,824
101312,2025-09-25,店舗1,商品12,4,206,824
101839,2025-09-25,店舗1,商品12,6,206,1236
101850,2025-09-25,店舗1,商品12,5,206,1030
101891,2025-09-25,店舗1,商品12,3,206,618
101959,2025-09-25,店舗1,商品12,5,206,1030
103493,2025-09-25,店舗1,商品12,3,206,618
100648,2025-09-25,店舗2,商品09,3,182,546
100769,2025-09-25,店舗2,商品08,3,206,618
101120,2025-09-25,店舗2,商品04,1,206,206
101483,2025-09-25,店舗2,商品08,2,206,412
101667,2025-09-25,店舗2,商品07,2,182,364
101696,2025-09-25,店舗2,商品08,1,206,206
102996,2025-09-25,店舗2,商品09,2,182,364
104092,2025-09-25,店舗2,商品01,2,182,364
104871,2025-09-25,店舗2,商品05,1,206,206
104871,2025-09-25,店舗2,商品05,1,206,206
104892,2025-09-25,店舗2,商品09,2,182,364
104892,2025-09-25,店舗2,商品09,1,182,182
104892,2025-09-25,店舗2,商品09,2,182,364
104892,2025-09-25,店舗2,商品09,2,182,364
104892,2025-09-25,店舗2,商品09,3,182,546
104892,2025-09-25,店舗2,商品09,1,182,182
104892,2025-09-25,店舗2,商品09,1,182,182
104892,2025-09-25,店舗2,商品09,1,182,182
105447,2025-09-25,店舗2,商品05,1,206,206
105447,2025-09-25,店舗2,商品05,2,206,412
105447,2025-09-25,店舗2,商品05,1,206,206
105447,2025-09-25,店舗2,商品05,2,206,412
105447,2025-09-25,店舗2,商品05,2,206,412
105852,2025-09-25,店舗2,商品01,1,182,182
105962,2025-09-25,店舗2,商品09,2,182,364
100067,2025-09-26,店舗1,商品12,6,206,1236
100585,2025-09-26,店舗1,商品12,4,206,824
102697,2025-09-26,店舗1,商品12,5,206,1030
102865,2025-09-26,店舗1,商品12,5,206,1030
103135,2025-09-26,店舗1,商品06,5,206,1030
103135,2025-09-26,店舗1,商品06,6,206,1236
103135,2025-09-26,店舗1,商品12,4,206,824
103613,2025-09-26,店舗1,商品12,3,206,618
103732,2025-09-26,店舗1,商品12,4,206,824
104171,2025-09-26,店舗1,商品12,4,206,824
104256,2025-09-26,店舗1,商品12,6,206,1236
100045,2025-09-26,店舗2,商品06,4,206,824
100045,2025-09-26,店舗2,商品09,2,182,364
100311,2025-09-26,店舗2,商品09,3,182,546
100329,2025-09-26,店舗2,商品07,3,182,546
100600,2025-09-26,店舗2,商品07,3,182,546
100735,2025-09-26,店舗2,商品08,5,206,1030
100735,2025-09-26,店舗2,商品08,3,206,618
100867,2025-09-26,店舗2,商品09,2,182,364
101306,2025-09-26,店舗2,商品05,2,206,412
101618,2025-09-26,店舗2,商品05,3,206,618
103115,2025-09-26,店舗2,商品07,3,182,546
103532,2025-09-26,店舗2,商品09,2,182,364
103898,2025-09-26,店舗2,商品04,3,206,618
103998,2025-09-26,店舗2,商品07,3,182,546
104858,2025-09-26,店舗2,商品01,3,182,546
105350,2025-09-26,店舗2,商品04,3,206,618
100064,2025-09-27,店舗1,商品12,7,206,1442
100127,2025-09-27,店舗1,商品12,6,206,1236
100704,2025-09-27,店舗1,商品12,13,206,2678
101465,2025-09-27,店舗1,商品12,4,206,824
101630,2025-09-27,店舗1,商品12,5,206,1030
102535,2025-09-27,店舗1,商品06,4,206,824
102964,2025-09-27,店舗1,商品12,3,206,618
103367,2025-09-27,店舗1,商品12,10,206,2060
103493,2025-09-27,店舗1,商品12,5,206,1030
103853,2025-09-27,店舗1,商品12,7,206,1442
104032,2025-09-27,店舗1,商品12,6,206,1236
104129,2025-09-27,店舗1,商品12,11,206,2266
104477,2025-09-27,店舗1,商品12,9,206,1854
104574,2025-09-27,店舗1,商品12,10,206,2060
104598,2025-09-27,店舗1,商品12,11,206,2266
104598,2025-09-27,店舗1,商品12,7,206,1442
105128,2025-09-27,店舗1,商品12,5,206,1030
105487,2025-09-27,店舗1,商品12,6,206,1236
105487,2025-09-27,店舗1,商品12,9,206,1854
105716,2025-09-27,店舗1,商品12,5,206,1030
105755,2025-09-27,店舗1,商品12,7,206,1442
105760,2025-09-27,店舗1,商品11,3,630,1890
100054,2025-09-27,店舗2,商品01,3,182,546
101147,2025-09-27,店舗2,商品05,2,206,412
101147,2025-09-27,店舗2,商品05,1,206,206
101147,2025-09-27,店舗2,商品05,1,206,206
101850,2025-09-27,店舗2,商品07,3,182,546
102388,2025-09-27,店舗2,商品04,1,206,206
105838,2025-09-27,店舗2,商品07,1,182,182
100192,2025-09-28,店舗1,商品12,3,206,618
101105,2025-09-28,店舗1,商品12,4,206,824
101105,2025-09-28,店舗1,商品12,6,206,1236
101105,2025-09-28,店舗1,商品12,7,206,1442
101502,2025-09-28,店舗1,商品12,4,206,824
101502,2025-09-28,店舗1,商品12,6,206,1236
101650,2025-09-28,店舗1,商品12,3,206,618
102039,2025-09-28,店舗1,商品12,4,206,824
102119,2025-09-28,店舗1,商品12,5,206,1030
102119,2025-09-28,店舗1,商品12,5,206,1030
102119,2025-09-28,店舗1,商品12,11,206,2266
102620,2025-09-28,店舗1,商品12,5,206,1030
102778,2025-09-28,店舗1,商品12,10,206,2060
103115,2025-09-28,店舗1,商品12,3,206,618
103141,2025-09-28,店舗1,商品12,6,206,1236
103271,2025-09-28,店舗1,商品12,6,206,1236
103271,2025-09-28,店舗1,商品12,6,206,1236
103759,2025-09-28,店舗1,商品12,4,206,824
104054,2025-09-28,店舗1,商品12,4,206,824
104295,2025-09-28,店舗1,商品12,4,206,824
104867,2025-09-28,店舗1,商品10,3,206,618
104943,2025-09-28,店舗1,商品12,6,206,1236
105078,2025-09-28,店舗1,商品12,3,206,618
105102,2025-09-28,店舗1,商品12,5,206,1030
105422,2025-09-28,店舗1,商品12,7,206,1442
105422,2025-09-28,店舗1,商品12,3,206,618
105868,2025-09-28,店舗1,商品12,9,206,1854
102030,2025-09-28,店舗2,商品09,3,182,546
103682,2025-09-28,店舗2,商品09,2,182,364
105688,2025-09-28,店舗2,商品07,2,182,364
100371,2025-09-29,店舗1,商品05,2,206,412
100371,2025-09-29,店舗1,商品05,2,206,412
100371,2025-09-29,店舗1,商品05,2,206,412
100371,2025-09-29,店舗1,商品05,2,206,412
100371,2025-09-29,店舗1,商品05,2,206,412
101626,2025-09-29,店舗1,商品12,3,206,618
102393,2025-09-29,店舗1,商品12,1,206,206
102398,2025-09-29,店舗1,商品12,1,206,206
104101,2025-09-29,店舗1,商品12,3,206,618
104101,2025-09-29,店舗1,商品12,3,206,618
104101,2025-09-29,店舗1,商品12,2,206,412
104101,2025-09-29,店舗1,商品12,3,206,618
104101,2025-09-29,店舗1,商品12,1,206,206
104101,2025-09-29,店舗1,商品12,1,206,206
104826,2025-09-29,店舗1,商品12,2,206,412
105859,2025-09-29,店舗1,商品12,2,206,412
100301,2025-09-29,店舗2,商品01,2,182,364
100303,2025-09-29,店舗2,商品01,2,182,364
101028,2025-09-29,店舗2,商品08,3,206,618
101136,2025-09-29,店舗2,商品07,5,182,910
101163,2025-09-29,店舗2,商品08,2,206,412
102636,2025-09-29,店舗2,商品09,2,182,364
102636,2025-09-29,店舗2,商品09,2,182,364
102936,2025-09-29,店舗2,商品04,3,206,618
102936,2025-09-29,店舗2,商品08,2,206,412
102936,2025-09-29,店舗2,商品09,3,182,546
103217,2025-09-29,店舗2,商品01,2,182,364
103494,2025-09-29,店舗2,商品04,2,206,412
104525,2025-09-29,店舗2,商品09,3,182,546
104571,2025-09-29,店舗2,商品07,1,182,182
104650,2025-09-29,店舗2,商品07,2,182,364
104892,2025-09-29,店舗2,商品08,3,206,618
104892,2025-09-29,店舗2,商品08,2,206,412
100169,2025-09-30,店舗1,商品12,6,206,1236
100171,2025-09-30,店舗1,商品12,2,206,412
101285,2025-09-30,店舗1,商品12,4,206,824
102371,2025-09-30,店舗1,商品12,3,206,618
103230,2025-09-30,店舗1,商品12,4,206,824
105725,2025-09-30,店舗1,商品12,2,206,412
105778,2025-09-30,店舗1,商品12,2,206,412
105778,2025-09-30,店舗1,商品12,3,206,618
105778,2025-09-30,店舗1,商品12,6,206,1236
105778,2025-09-30,店舗1,商品12,3,206,618
100532,2025-09-30,店舗2,商品08,2,206,412
101171,2025-09-30,店舗2,商品01,2,182,364
101713,2025-09-30,店舗2,商品08,3,206,618
101713,2025-09-30,店舗2,商品08,2,206,412
102780,2025-09-30,店舗2,商品08,3,206,618
102820,2025-09-30,店舗2,商品07,1,182,182
102869,2025-09-30,店舗2,商品08,2,206,412
102931,2025-09-30,店舗2,商品09,2,182,364
103009,2025-09-30,店舗2,商品08,5,206,1030
104120,2025-09-30,店舗2,商品05,2,206,412
104389,2025-09-30,店舗2,商品08,3,206,618
104389,2025-09-30,店舗2,商品08,2,206,412
104389,2025-09-30,店舗2,商品10,1,206,206
104443,2025-09-30,店舗2,商品09,2,182,364
104443,2025-09-30,店舗2,商品09,1,182,182
104443,2025-09-30,店舗2,商品09,3,182,546
104443,2025-09-30,店舗2,商品09,2,182,364
104536,2025-09-30,店舗2,商品04,2,206,412
104536,2025-09-30,店舗2,商品09,2,182,364
105950,2025-09-30,店舗2,商品03,1,446,446
102439,2025-10-01,店舗1,商品12,5,206,1030
102684,2025-10-01,店舗1,商品12,5,206,1030
103049,2025-10-01,店舗1,商品12,2,206,412
104029,2025-10-01,店舗1,商品12,2,206,412
104029,2025-10-01,店舗1,商品12,2,206,412
104029,2025-10-01,店舗1,商品12,4,206,824
104088,2025-10-01,店舗1,商品12,4,206,824
104088,2025-10-01,店舗1,商品12,3,206,618
104129,2025-10-01,店舗1,商品05,4,206,824
105498,2025-10-01,店舗1,商品12,5,206,1030
100150,2025-10-01,店舗2,商品04,2,206,412
100150,2025-10-01,店舗2,商品09,3,182,546
101628,2025-10-01,店舗2,商品01,4,182,728
102256,2025-10-01,店舗2,商品07,1,182,182
102314,2025-10-01,店舗2,商品08,2,206,412
102985,2025-10-01,店舗2,商品08,3,206,618
103009,2025-10-01,店舗2,商品08,1,206,206
103324,2025-10-01,店舗2,商品09,2,182,364
103324,2025-10-01,店舗2,商品09,2,182,364
103697,2025-10-01,店舗2,商品09,1,182,182
103953,2025-10-01,店舗2,商品09,2,182,364
104163,2025-10-01,店舗2,商品07,2,182,364
104572,2025-10-01,店舗2,商品07,3,182,546
105379,2025-10-01,店舗2,商品07,3,182,546
105708,2025-10-01,店舗2,商品04,3,206,618
105708,2025-10-01,店舗2,商品04,6,206,1236
105708,2025-10-01,店舗2,商品07,1,182,182
105708,2025-10-01,店舗2,商品08,2,206,412
100501,2025-10-02,店舗1,商品12,3,206,618
101562,2025-10-02,店舗1,商品12,9,206,1854
102187,2025-10-02,店舗1,商品12,3,206,618
102331,2025-10-02,店舗1,商品12,4,206,824
103378,2025-10-02,店舗1,商品12,4,206,824
104640,2025-10-02,店舗1,商品12,8,206,1648
104865,2025-10-02,店舗1,商品12,6,206,1236
101074,2025-10-02,店舗2,商品04,2,206,412
101403,2025-10-02,店舗2,商品08,4,206,824
101688,2025-10-02,店舗2,商品04,4,206,824
101688,2025-10-02,店舗2,商品08,5,206,1030
102303,2025-10-02,店舗2,商品09,4,182,728
102371,2025-10-02,店舗2,商品01,6,182,1092
102371,2025-10-02,店舗2,商品01,2,182,364
102751,2025-10-02,店舗2,商品09,2,182,364
103049,2025-10-02,店舗2,商品04,3,206,618
103800,2025-10-02,店舗2,商品04,1,206,206
104339,2025-10-02,店舗2,商品04,2,206,412
104402,2025-10-02,店舗2,商品08,2,206,412
104957,2025-10-02,店舗2,商品08,4,206,824
105025,2025-10-02,店舗2,商品09,2,182,364
105780,2025-10-02,店舗2,商品01,1,182,182
100005,2025-10-03,店舗1,商品12,5,206,1030
100697,2025-10-03,店舗1,商品12,4,206,824
102485,2025-10-03,店舗1,商品12,4,206,824
102485,2025-10-03,店舗1,商品12,4,206,824
102485,2025-10-03,店舗1,商品12,4,206,824
102697,2025-10-03,店舗1,商品12,4,206,824
102999,2025-10-03,店舗1,商品12,3,206,618
103316,2025-10-03,店舗1,商品12,7,206,1442
103316,2025-10-03,店舗1,商品12,3,206,618
105391,2025-10-03,店舗1,商品12,4,206,824
105498,2025-10-03,店舗1,商品12,2,206,412
105755,2025-10-03,店舗1,商品12,5,206,1030
105755,2025-10-03,店舗1,商品12,3,206,618
105814,2025-10-03,店舗1,商品12,5,206,1030
100367,2025-10-03,店舗2,商品06,2,206,412
101028,2025-10-03,店舗2,商品09,2,182,364
101028,2025-10-03,店舗2,商品09,3,182,546
101628,2025-10-03,店舗2,商品01,2,182,364
101628,2025-10-03,店舗2,商品04,2,206,412
102471,2025-10-03,店舗2,商品09,2,182,364
102471,2025-10-03,店舗2,商品09,3,182,546
102471,2025-10-03,店舗2,商品09,3,182,546
102556,2025-10-03,店舗2,商品09,2,182,364
102556,2025-10-03,店舗2,商品09,4,182,728
102820,2025-10-03,店舗2,商品04,3,206,618
102852,2025-10-03,店舗2,商品01,2,182,364
103939,2025-10-03,店舗2,商品10,1,206,206
104202,2025-10-03,店舗2,商品09,2,182,364
104293,2025-10-03,店舗2,商品08,2,206,412
105160,2025-10-03,店舗2,商品09,7,182,1274
105541,2025-10-03,店舗2,商品01,2,182,364
105552,2025-10-03,店舗2,商品09,2,182,364
105625,2025-10-03,店舗2,商品09,3,182,546
100513,2025-10-04,店舗1,商品12,3,206,618
100513,2025-10-04,店舗1,商品12,5,206,1030
100513,2025-10-04,店舗1,商品12,9,206,1854
101403,2025-10-04,店舗1,商品12,3,206,618
101888,2025-10-04,店舗1,商品12,6,206,1236
101908,2025-10-04,店舗1,商品12,3,206,618
102180,2025-10-04,店舗1,商品12,2,206,412
102184,2025-10-04,店舗1,商品12,3,206,618
102184,2025-10-04,店舗1,商品12,4,206,824
102291,2025-10-04,店舗1,商品06,8,206,1648
102391,2025-10-04,店舗1,商品12,4,206,824
102918,2025-10-04,店舗1,商品12,4,206,824
103098,2025-10-04,店舗1,商品12,3,206,618
103308,2025-10-04,店舗1,商品12,5,206,1030
103365,2025-10-04,店舗1,商品12,4,206,824
103557,2025-10-04,店舗1,商品12,3,206,618
103923,2025-10-04,店舗1,商品12,3,206,618
103923,2025-10-04,店舗1,商品12,5,206,1030
103923,2025-10-04,店舗1,商品12,5,206,1030
103923,2025-10-04,店舗1,商品12,3,206,618
103923,2025-10-04,店舗1,商品12,5,206,1030
103923,2025-10-04,店舗1,商品12,4,206,824
104120,2025-10-04,店舗1,商品07,5,182,910
104120,2025-10-04,店舗1,商品07,2,182,364
104120,2025-10-04,店舗1,商品07,4,182,728
104120,2025-10-04,店舗1,商品07,7,182,1274
104120,2025-10-04,店舗1,商品07,3,182,546
104120,2025-10-04,店舗1,商品07,4,182,728
104651,2025-10-04,店舗1,商品12,5,206,1030
104661,2025-10-04,店舗1,商品12,3,206,618
104892,2025-10-04,店舗1,商品12,5,206,1030
104942,2025-10-04,店舗1,商品12,2,206,412
104942,2025-10-04,店舗1,商品12,5,206,1030
105382,2025-10-04,店舗1,商品12,4,206,824
105395,2025-10-04,店舗1,商品12,3,206,618
105395,2025-10-04,店舗1,商品12,7,206,1442
105967,2025-10-04,店舗1,商品12,4,206,824
105967,2025-10-04,店舗1,商品12,4,206,824
100342,2025-10-04,店舗2,商品06,2,206,412
100644,2025-10-04,店舗2,商品04,3,206,618
101631,2025-10-04,店舗2,商品08,4,206,824
103604,2025-10-04,店舗2,商品09,2,182,364
105792,2025-10-04,店舗2,商品09,1,182,182
100494,2025-10-05,店舗1,商品12,8,206,1648
100501,2025-10-05,店舗1,商品12,6,206,1236
100845,2025-10-05,店舗1,商品12,8,206,1648
101349,2025-10-05,店舗1,商品12,7,206,1442
101389,2025-10-05,店舗1,商品12,4,206,824
102279,2025-10-05,店舗1,商品12,6,206,1236
102372,2025-10-05,店舗1,商品12,5,206,1030
102391,2025-10-05,店舗1,商品12,6,206,1236
102786,2025-10-05,店舗1,商品12,4,206,824
103082,2025-10-05,店舗1,商品12,4,206,824
103082,2025-10-05,店舗1,商品12,5,206,1030
103303,2025-10-05,店舗1,商品12,7,206,1442
103719,2025-10-05,店舗1,商品12,3,206,618
103799,2025-10-05,店舗1,商品12,3,206,618
103815,2025-10-05,店舗1,商品12,7,206,1442
103892,2025-10-05,店舗1,商品12,10,206,2060
104046,2025-10-05,店舗1,商品12,9,206,1854
104046,2025-10-05,店舗1,商品12,5,206,1030
104301,2025-10-05,店舗1,商品01,6,182,1092
104515,2025-10-05,店舗1,商品12,8,206,1648
104515,2025-10-05,店舗1,商品12,4,206,824
104871,2025-10-05,店舗1,商品12,7,206,1442
105422,2025-10-05,店舗1,商品12,12,206,2472
105875,2025-10-05,店舗1,商品12,7,206,1442
101547,2025-10-05,店舗2,商品07,1,182,182
102103,2025-10-05,店舗2,商品09,1,182,182
102287,2025-10-05,店舗2,商品01,3,182,546
102287,2025-10-05,店舗2,商品01,1,182,182
104880,2025-10-05,店舗2,商品08,2,206,412
100076,2025-10-06,店舗1,商品11,1,630,630
100076,2025-10-06,店舗1,商品12,4,206,824
100694,2025-10-06,店舗1,商品12,4,206,824
101741,2025-10-06,店舗1,商品12,4,206,824
101850,2025-10-06,店舗1,商品12,5,206,1030
103157,2025-10-06,店舗1,商品12,6,206,1236
104029,2025-10-06,店舗1,商品12,4,206,824
104054,2025-10-06,店舗1,商品09,4,182,728
104054,2025-10-06,店舗1,商品12,3,206,618
100585,2025-10-06,店舗2,商品04,5,206,1030
100585,2025-10-06,店舗2,商品04,3,206,618
100585,2025-10-06,店舗2,商品04,2,206,412
100944,2025-10-06,店舗2,商品07,3,182,546
101606,2025-10-06,店舗2,商品06,2,206,412
101618,2025-10-06,店舗2,商品10,2,206,412
101719,2025-10-06,店舗2,商品09,2,182,364
102217,2025-10-06,店舗2,商品07,2,182,364
102217,2025-10-06,店舗2,商品09,4,182,728
102665,2025-10-06,店舗2,商品07,3,182,546
103461,2025-10-06,店舗2,商品07,2,182,364
103730,2025-10-06,店舗2,商品04,2,206,412
104220,2025-10-06,店舗2,商品05,2,206,412
105407,2025-10-06,店舗2,商品08,3,206,618
105748,2025-10-06,店舗2,商品09,2,182,364
100393,2025-10-07,店舗1,商品12,2,206,412
100642,2025-10-07,店舗1,商品12,3,206,618
100793,2025-10-07,店舗1,商品12,2,206,412
100793,2025-10-07,店舗1,商品12,2,206,412
100804,2025-10-07,店舗1,商品12,2,206,412
101657,2025-10-07,店舗1,商品12,2,206,412
102599,2025-10-07,店舗1,商品12,5,206,1030
104194,2025-10-07,店舗1,商品12,2,206,412
104194,2025-10-07,店舗1,商品12,2,206,412
104194,2025-10-07,店舗1,商品12,3,206,618
104194,2025-10-07,店舗1,商品12,3,206,618
104194,2025-10-07,店舗1,商品12,2,206,412
104194,2025-10-07,店舗1,商品12,2,206,412
104194,2025-10-07,店舗1,商品12,5,206,1030
100160,2025-10-07,店舗2,商品10,5,206,1030
100780,2025-10-07,店舗2,商品09,4,182,728
101405,2025-10-07,店舗2,商品10,3,206,618
101622,2025-10-07,店舗2,商品07,4,182,728
101625,2025-10-07,店舗2,商品04,4,206,824
102045,2025-10-07,店舗2,商品09,3,182,546
102695,2025-10-07,店舗2,商品04,3,206,618
103156,2025-10-07,店舗2,商品01,3,182,546
103360,2025-10-07,店舗2,商品08,3,206,618
103881,2025-10-07,店舗2,商品08,2,206,412
103995,2025-10-07,店舗2,商品07,2,182,364
105444,2025-10-07,店舗2,商品05,3,206,618
105762,2025-10-07,店舗2,商品07,3,182,546
105762,2025-10-07,店舗2,商品07,2,182,364
100501,2025-10-08,店舗1,商品12,7,206,1442
102135,2025-10-08,店舗1,商品12,5,206,1030
103839,2025-10-08,店舗1,商品12,3,206,618
103933,2025-10-08,店舗1,商品12,6,206,1236
104386,2025-10-08,店舗1,商品07,4,182,728
104386,2025-10-08,店舗1,商品07,5,182,910
104397,2025-10-08,店舗1,商品12,4,206,824
104867,2025-10-08,店舗1,商品10,3,206,618
105952,2025-10-08,店舗1,商品12,2,206,412
100715,2025-10-08,店舗2,商品04,3,206,618
100715,2025-10-08,店舗2,商品06,2,206,412
100715,2025-10-08,店舗2,商品06,1,206,206
101365,2025-10-08,店舗2,商品01,1,182,182
101427,2025-10-08,店舗2,商品01,2,182,364
101547,2025-10-08,店舗2,商品07,3,182,546
101547,2025-10-08,店舗2,商品07,1,182,182
101547,2025-10-08,店舗2,商品07,2,182,364
101547,2025-10-08,店舗2,商品07,1,182,182
103174,2025-10-08,店舗2,商品09,2,182,364
103174,2025-10-08,店舗2,商品09,1,182,182
103192,2025-10-08,店舗2,商品04,2,206,412
103192,2025-10-08,店舗2,商品09,3,182,546
104395,2025-10-08,店舗2,商品04,2,206,412
104852,2025-10-08,店舗2,商品10,2,206,412
105005,2025-10-08,店舗2,商品09,3,182,546
105188,2025-10-08,店舗2,商品04,2,206,412
105279,2025-10-08,店舗2,商品05,1,206,206
105514,2025-10-08,店舗2,商品07,1,182,182
105514,2025-10-08,店舗2,商品08,2,206,412
105514,2025-10-08,店舗2,商品08,3,206,618
105739,2025-10-08,店舗2,商品08,4,206,824
100887,2025-10-09,店舗1,商品12,3,206,618
101328,2025-10-09,店舗1,商品12,3,206,618
102256,2025-10-09,店舗1,商品12,3,206,618
102931,2025-10-09,店舗1,商品12,2,206,412
103446,2025-10-09,店舗1,商品12,5,206,1030
103446,2025-10-09,店舗1,商品12,1,206,206
103754,2025-10-09,店舗1,商品11,1,630,630
103754,2025-10-09,店舗1,商品11,1,630,630
103958,2025-10-09,店舗1,商品12,4,206,824
103958,2025-10-09,店舗1,商品12,6,206,1236
105521,2025-10-09,店舗1,商品12,3,206,618
105521,2025-10-09,店舗1,商品12,6,206,1236
105521,2025-10-09,店舗1,商品12,3,206,618
100921,2025-10-09,店舗2,商品08,2,206,412
101403,2025-10-09,店舗2,商品07,2,182,364
101403,2025-10-09,店舗2,商品07,3,182,546
101403,2025-10-09,店舗2,商品09,1,182,182
101731,2025-10-09,店舗2,商品07,1,182,182
102393,2025-10-09,店舗2,商品09,2,182,364
102712,2025-10-09,店舗2,商品08,2,206,412
102900,2025-10-09,店舗2,商品04,1,206,206
102900,2025-10-09,店舗2,商品04,2,206,412
102900,2025-10-09,店舗2,商品07,1,182,182
102900,2025-10-09,店舗2,商品08,4,206,824
103385,2025-10-09,店舗2,商品08,2,206,412
103402,2025-10-09,店舗2,商品04,4,206,824
103775,2025-10-09,店舗2,商品07,2,182,364
103775,2025-10-09,店舗2,商品07,3,182,546
103775,2025-10-09,店舗2,商品07,2,182,364
104685,2025-10-09,店舗2,商品04,1,206,206
104933,2025-10-09,店舗2,商品09,2,182,364
104986,2025-10-09,店舗2,商品08,2,206,412
105207,2025-10-09,店舗2,商品01,3,182,546
101148,2025-10-10,店舗1,商品12,4,206,824
101392,2025-10-10,店舗1,商品12,4,206,824
101626,2025-10-10,店舗1,商品12,4,206,824
102922,2025-10-10,店舗1,商品12,4,206,824
102976,2025-10-10,店舗1,商品12,3,206,618
102976,2025-10-10,店舗1,商品12,3,206,618
103098,2025-10-10,店舗1,商品12,3,206,618
103193,2025-10-10,店舗1,商品12,4,206,824
103193,2025-10-10,店舗1,商品12,6,206,1236
103193,2025-10-10,店舗1,商品12,4,206,824
103193,2025-10-10,店舗1,商品12,7,206,1442
103886,2025-10-10,店舗1,商品12,6,206,1236
104736,2025-10-10,店舗1,商品12,3,206,618
105596,2025-10-10,店舗1,商品12,2,206,412
100045,2025-10-10,店舗2,商品06,3,206,618
100045,2025-10-10,店舗2,商品09,3,182,546
100382,2025-10-10,店舗2,商品05,3,206,618
100382,2025-10-10,店舗2,商品05,1,206,206
100382,2025-10-10,店舗2,商品05,2,206,412
100382,2025-10-10,店舗2,商品05,5,206,1030
101136,2025-10-10,店舗2,商品07,4,182,728
101136,2025-10-10,店舗2,商品08,2,206,412
102287,2025-10-10,店舗2,商品04,2,206,412
102287,2025-10-10,店舗2,商品09,1,182,182
102672,2025-10-10,店舗2,商品01,2,182,364
102996,2025-10-10,店舗2,商品09,2,182,364
103168,2025-10-10,店舗2,商品07,2,182,364
103598,2025-10-10,店舗2,商品04,3,206,618
104282,2025-10-10,店舗2,商品01,2,182,364
104389,2025-10-10,店舗2,商品09,2,182,364
104623,2025-10-10,店舗2,商品04,3,206,618
105128,2025-10-10,店舗2,商品07,2,182,364
105260,2025-10-10,店舗2,商品09,1,182,182
105763,2025-10-10,店舗2,商品08,3,206,618
100278,2025-10-11,店舗1,商品11,1,630,630
100278,2025-10-11,店舗1,商品12,6,206,1236
100734,2025-10-11,店舗1,商品12,4,206,824
101178,2025-10-11,店舗1,商品11,2,630,1260
101179,2025-10-11,店舗1,商品12,4,206,824
102331,2025-10-11,店舗1,商品12,5,206,1030
102439,2025-10-11,店舗1,商品12,9,206,1854
102439,2025-10-11,店舗1,商品12,6,206,1236
103098,2025-10-11,店舗1,商品12,5,206,1030
103120,2025-10-11,店舗1,商品06,4,206,824
103120,2025-10-11,店舗1,商品06,5,206,1030
103120,2025-10-11,店舗1,商品06,4,206,824
103120,2025-10-11,店舗1,商品06,6,206,1236
103199,2025-10-11,店舗1,商品12,7,206,1442
103199,2025-10-11,店舗1,商品12,8,206,1648
103316,2025-10-11,店舗1,商品12,4,206,824
103475,2025-10-11,店舗1,商品12,8,206,1648
103489,2025-10-11,店舗1,商品12,4,206,824
103839,2025-10-11,店舗1,商品12,5,206,1030
104332,2025-10-11,店舗1,商品12,4,206,824
104332,2025-10-11,店舗1,商品12,3,206,618
104332,2025-10-11,店舗1,商品12,12,206,2472
104332,2025-10-11,店舗1,商品12,5,206,1030
104731,2025-10-11,店舗1,商品12,4,206,824
104821,2025-10-11,店舗1,商品12,8,206,1648
104971,2025-10-11,店舗1,商品12,6,206,1236
104976,2025-10-11,店舗1,商品12,5,206,1030
105253,2025-10-11,店舗1,商品12,5,206,1030
105376,2025-10-11,店舗1,商品12,4,206,824
105621,2025-10-11,店舗1,商品12,6,206,1236
105863,2025-10-11,店舗1,商品09,7,182,1274
100648,2025-10-11,店舗2,商品01,2,182,364
100742,2025-10-11,店舗2,商品04,3,206,618
102748,2025-10-11,店舗2,商品01,2,182,364
104293,2025-10-11,店舗2,商品07,2,182,364
105939,2025-10-11,店舗2,商品04,2,206,412
101454,2025-10-12,店舗1,商品12,4,206,824
101490,2025-10-12,店舗1,商品12,7,206,1442
101898,2025-10-12,店舗1,商品12,12,206,2472
102568,2025-10-12,店舗1,商品12,9,206,1854
102667,2025-10-12,店舗1,商品12,10,206,2060
102869,2025-10-12,店舗1,商品10,7,206,1442
102920,2025-10-12,店舗1,商品12,9,206,1854
103049,2025-10-12,店舗1,商品12,7,206,1442
103153,2025-10-12,店舗1,商品12,5,206,1030
103261,2025-10-12,店舗1,商品12,3,206,618
103385,2025-10-12,店舗1,商品09,10,182,1820
103636,2025-10-12,店舗1,商品12,10,206,2060
103763,2025-10-12,店舗1,商品12,7,206,1442
104258,2025-10-12,店舗1,商品11,2,630,1260
104326,2025-10-12,店舗1,商品12,5,206,1030
104420,2025-10-12,店舗1,商品11,1,630,630
104420,2025-10-12,店舗1,商品12,8,206,1648
104467,2025-10-12,店舗1,商品12,7,206,1442
104467,2025-10-12,店舗1,商品12,7,206,1442
104467,2025-10-12,店舗1,商品12,5,206,1030
104703,2025-10-12,店舗1,商品12,6,206,1236
104827,2025-10-12,店舗1,商品12,6,206,1236
104833,2025-10-12,店舗1,商品12,5,206,1030
105628,2025-10-12,店舗1,商品01,7,182,1274
105852,2025-10-12,店舗1,商品12,7,206,1442
103168,2025-10-12,店舗2,商品07,2,182,364
104523,2025-10-12,店舗2,商品04,3,206,618
105355,2025-10-12,店舗2,商品05,1,206,206
105658,2025-10-12,店舗2,商品07,1,182,182
100001,2025-10-13,店舗1,商品12,11,206,2266
100957,2025-10-13,店舗1,商品12,9,206,1854
101068,2025-10-13,店舗1,商品12,7,206,1442
101701,2025-10-13,店舗1,商品12,4,206,824
102256,2025-10-13,店舗1,商品12,4,206,824
102489,2025-10-13,店舗1,商品10,6,206,1236
103169,2025-10-13,店舗1,商品12,5,206,1030
103622,2025-10-13,店舗1,商品06,6,206,1236
103622,2025-10-13,店舗1,商品06,3,206,618
103622,2025-10-13,店舗1,商品12,6,206,1236
103626,2025-10-13,店舗1,商品12,3,206,618
104120,2025-10-13,店舗1,商品07,5,182,910
104120,2025-10-13,店舗1,商品07,7,182,1274
104197,2025-10-13,店舗1,商品12,10,206,2060
104892,2025-10-13,店舗1,商品12,6,206,1236
104973,2025-10-13,店舗1,商品12,4,206,824
105468,2025-10-13,店舗1,商品12,6,206,1236
105663,2025-10-13,店舗1,商品12,6,206,1236
105859,2025-10-13,店舗1,商品12,5,206,1030
105915,2025-10-13,店舗1,商品12,3,206,618
101265,2025-10-13,店舗2,商品07,1,182,182
101265,2025-10-13,店舗2,商品07,1,182,182
101304,2025-10-13,店舗2,商品05,2,206,412
102547,2025-10-13,店舗2,商品01,1,182,182
102931,2025-10-13,店舗2,商品08,2,206,412
102931,2025-10-13,店舗2,商品08,2,206,412
103858,2025-10-13,店舗2,商品04,1,206,206
103858,2025-10-13,店舗2,商品08,2,206,412
104510,2025-10-13,店舗2,商品07,2,182,364
104510,2025-10-13,店舗2,商品07,2,182,364
105570,2025-10-13,店舗2,商品08,1,206,206
100040,2025-10-14,店舗1,商品12,3,206,618
100487,2025-10-14,店舗1,商品12,3,206,618
101699,2025-10-14,店舗1,商品12,5,206,1030
101699,2025-10-14,店舗1,商品12,3,206,618
102537,2025-10-14,店舗1,商品12,2,206,412
102537,2025-10-14,店舗1,商品12,5,206,1030
104097,2025-10-14,店舗1,商品12,5,206,1030
105068,2025-10-14,店舗1,商品12,7,206,1442
105078,2025-10-14,店舗1,商品12,3,206,618
100464,2025-10-14,店舗2,商品09,2,182,364
100817,2025-10-14,店舗2,商品09,4,182,728
102119,2025-10-14,店舗2,商品09,4,182,728
102287,2025-10-14,店舗2,商品07,2,182,364
102287,2025-10-14,店舗2,商品07,3,182,546
102996,2025-10-14,店舗2,商品09,5,182,910
103460,2025-10-14,店舗2,商品09,4,182,728
104129,2025-10-14,店舗2,商品05,2,206,412
104204,2025-10-14,店舗2,商品07,4,182,728
104623,2025-10-14,店舗2,商品04,3,206,618
104819,2025-10-14,店舗2,商品06,3,206,618
105444,2025-10-14,店舗2,商品05,3,206,618
105477,2025-10-14,店舗2,商品08,2,206,412
105677,2025-10-14,店舗2,商品06,4,206,824
100194,2025-10-15,店舗1,商品12,5,206,1030
101303,2025-10-15,店舗1,商品12,3,206,618
101450,2025-10-15,店舗1,商品12,4,206,824
102091,2025-10-15,店舗1,商品07,3,182,546
103462,2025-10-15,店舗1,商品12,5,206,1030
104829,2025-10-15,店舗1,商品12,5,206,1030
104829,2025-10-15,店舗1,商品12,5,206,1030
104829,2025-10-15,店舗1,商品12,5,206,1030
105456,2025-10-15,店舗1,商品12,3,206,618
105600,2025-10-15,店舗1,商品12,4,206,824
100067,2025-10-15,店舗2,商品09,3,182,546
100585,2025-10-15,店舗2,商品08,3,206,618
101392,2025-10-15,店舗2,商品09,2,182,364
102003,2025-10-15,店舗2,商品06,3,206,618
102003,2025-10-15,店舗2,商品09,3,182,546
102003,2025-10-15,店舗2,商品09,1,182,182
102003,2025-10-15,店舗2,商品09,2,182,364
102003,2025-10-15,店舗2,商品09,1,182,182
102931,2025-10-15,店舗2,商品08,3,206,618
102931,2025-10-15,店舗2,商品09,2,182,364
103177,2025-10-15,店舗2,商品07,2,182,364
103394,2025-10-15,店舗2,商品08,1,206,206
103410,2025-10-15,店舗2,商品04,3,206,618
104531,2025-10-15,店舗2,商品09,2,182,364
104531,2025-10-15,店舗2,商品09,2,182,364
104856,2025-10-15,店舗2,商品04,2,206,412
105379,2025-10-15,店舗2,商品01,2,182,364
105395,2025-10-15,店舗2,商品04,1,206,206
105395,2025-10-15,店舗2,商品04,1,206,206
105395,2025-10-15,店舗2,商品04,2,206,412
105598,2025-10-15,店舗2,商品09,2,182,364
100752,2025-10-16,店舗1,商品10,3,206,618
101167,2025-10-16,店舗1,商品12,7,206,1442
102018,2025-10-16,店舗1,商品12,3,206,618
102845,2025-10-16,店舗1,商品12,4,206,824
104596,2025-10-16,店舗1,商品12,5,206,1030
104942,2025-10-16,店舗1,商品12,3,206,618
104943,2025-10-16,店舗1,商品12,3,206,618
105514,2025-10-16,店舗1,商品12,5,206,1030
105514,2025-10-16,店舗1,商品12,2,206,412
105514,2025-10-16,店舗1,商品12,3,206,618
105514,2025-10-16,店舗1,商品12,4,206,824
100399,2025-10-16,店舗2,商品09,2,182,364
100399,2025-10-16,店舗2,商品09,1,182,182
100399,2025-10-16,店舗2,商品09,2,182,364
100399,2025-10-16,店舗2,商品09,3,182,546
100399,2025-10-16,店舗2,商品09,3,182,546
100494,2025-10-16,店舗2,商品07,2,182,364
100494,2025-10-16,店舗2,商品09,4,182,728
100845,2025-10-16,店舗2,商品09,2,182,364
101074,2025-10-16,店舗2,商品09,2,182,364
101850,2025-10-16,店舗2,商品07,2,182,364
103154,2025-10-16,店舗2,商品08,4,206,824
103154,2025-10-16,店舗2,商品08,2,206,412
104017,2025-10-16,店舗2,商品04,2,206,412
104251,2025-10-16,店舗2,商品07,2,182,364
104738,2025-10-16,店舗2,商品09,1,182,182
104867,2025-10-16,店舗2,商品08,2,206,412
104986,2025-10-16,店舗2,商品06,3,206,618
105005,2025-10-16,店舗2,商品09,2,182,364
105005,2025-10-16,店舗2,商品09,2,182,364
105476,2025-10-16,店舗2,商品07,1,182,182
100037,2025-10-17,店舗1,商品12,5,206,1030
100850,2025-10-17,店舗1,商品12,5,206,1030
101271,2025-10-17,店舗1,商品12,7,206,1442
101482,2025-10-17,店舗1,商品12,8,206,1648
101482,2025-10-17,店舗1,商品12,6,206,1236
101633,2025-10-17,店舗1,商品10,7,206,1442
102155,2025-10-17,店舗1,商品12,3,206,618
102298,2025-10-17,店舗1,商品12,3,206,618
103995,2025-10-17,店舗1,商品12,4,206,824
104843,2025-10-17,店舗1,商品12,4,206,824
105142,2025-10-17,店舗1,商品12,6,206,1236
100939,2025-10-17,店舗2,商品09,3,182,546
100944,2025-10-17,店舗2,商品07,2,182,364
101029,2025-10-17,店舗2,商品08,4,206,824
101365,2025-10-17,店舗2,商品09,3,182,546
101850,2025-10-17,店舗2,商品07,4,182,728
102552,2025-10-17,店舗2,商品04,2,206,412
103168,2025-10-17,店舗2,商品07,2,182,364
103564,2025-10-17,店舗2,商品07,2,182,364
104623,2025-10-17,店舗2,商品04,4,206,824
104971,2025-10-17,店舗2,商品09,4,182,728
104993,2025-10-17,店舗2,商品06,3,206,618
105202,2025-10-17,店舗2,商品05,4,206,824
105684,2025-10-17,店舗2,商品04,2,206,412
105684,2025-10-17,店舗2,商品07,3,182,546
105764,2025-10-17,店舗2,商品08,2,206,412
105764,2025-10-17,店舗2,商品08,4,206,824
100265,2025-10-18,店舗1,商品06,9,206,1854
100265,2025-10-18,店舗1,商品06,7,206,1442
100265,2025-10-18,店舗1,商品06,7,206,1442
100382,2025-10-18,店舗1,商品05,8,206,1648
100418,2025-10-18,店舗1,商品12,5,206,1030
100555,2025-10-18,店舗1,商品12,8,206,1648
100883,2025-10-18,店舗1,商品10,4,206,824
101090,2025-10-18,店舗1,商品12,5,206,1030
101098,2025-10-18,店舗1,商品12,8,206,1648
101363,2025-10-18,店舗1,商品12,6,206,1236
103049,2025-10-18,店舗1,商品12,4,206,824
103461,2025-10-18,店舗1,商品12,8,206,1648
103590,2025-10-18,店舗1,商品12,6,206,1236
103720,2025-10-18,店舗1,商品12,10,206,2060
103853,2025-10-18,店舗1,商品09,5,182,910
103917,2025-10-18,店舗1,商品12,11,206,2266
104009,2025-10-18,店舗1,商品12,8,206,1648
104258,2025-10-18,店舗1,商品11,2,630,1260
104973,2025-10-18,店舗1,商品12,6,206,1236
105160,2025-10-18,店舗1,商品12,7,206,1442
105429,2025-10-18,店舗1,商品12,7,206,1442
105456,2025-10-18,店舗1,商品12,7,206,1442
105552,2025-10-18,店舗1,商品01,9,182,1638
105628,2025-10-18,店舗1,商品01,13,182,2366
105639,2025-10-18,店舗1,商品11,2,630,1260
105639,2025-10-18,店舗1,商品11,2,630,1260
101731,2025-10-18,店舗2,商品03,1,446,446
101731,2025-10-18,店舗2,商品07,2,182,364
102213,2025-10-18,店舗2,商品07,1,182,182
103115,2025-10-18,店舗2,商品09,3,182,546
105049,2025-10-18,店舗2,商品08,2,206,412
105422,2025-10-18,店舗2,商品07,2,182,364
100021,2025-10-19,店舗1,商品12,8,206,1648
100181,2025-10-19,店舗1,商品12,12,206,2472
100497,2025-10-19,店舗1,商品07,5,182,910
100497,2025-10-19,店舗1,商品07,7,182,1274
101349,2025-10-19,店舗1,商品12,8,206,1648
101867,2025-10-19,店舗1,商品12,5,206,1030
101891,2025-10-19,店舗1,商品12,12,206,2472
102542,2025-10-19,店舗1,商品12,5,206,1030
102711,2025-10-19,店舗1,商品12,5,206,1030
102931,2025-10-19,店舗1,商品12,4,206,824
102951,2025-10-19,店舗1,商品12,9,206,1854
103162,2025-10-19,店舗1,商品12,5,206,1030
103162,2025-10-19,店舗1,商品12,8,206,1648
103223,2025-10-19,店舗1,商品12,7,206,1442
103433,2025-10-19,店舗1,商品12,6,206,1236
103590,2025-10-19,店舗1,商品12,9,206,1854
103590,2025-10-19,店舗1,商品12,5,206,1030
103936,2025-10-19,店舗1,商品12,7,206,1442
104200,2025-10-19,店舗1,商品12,5,206,1030
104202,2025-10-19,店舗1,商品12,10,206,2060
104492,2025-10-19,店舗1,商品12,5,206,1030
105194,2025-10-19,店舗1,商品07,8,182,1456
105214,2025-10-19,店舗1,商品09,4,182,728
105598,2025-10-19,店舗1,商品12,4,206,824
100054,2025-10-19,店舗2,商品09,3,182,546
101183,2025-10-19,店舗2,商品08,1,206,206
102958,2025-10-19,店舗2,商品08,2,206,412
104371,2025-10-19,店舗2,商品07,1,182,182
104371,2025-10-19,店舗2,商品07,1,182,182
101065,2025-10-20,店舗1,商品12,4,206,824
101482,2025-10-20,店舗1,商品12,3,206,618
102168,2025-10-20,店舗1,商品10,4,206,824
102168,2025-10-20,店舗1,商品10,2,206,412
102168,2025-10-20,店舗1,商品10,4,206,824
102168,2025-10-20,店舗1,商品10,2,206,412
102351,2025-10-20,店舗1,商品12,3,206,618
102703,2025-10-20,店舗1,商品12,6,206,1236
103233,2025-10-20,店舗1,商品12,3,206,618
103307,2025-10-20,店舗1,商品12,3,206,618
100959,2025-10-20,店舗2,商品06,3,206,618
100959,2025-10-20,店舗2,商品08,2,206,412
101310,2025-10-20,店舗2,商品04,3,206,618
101365,2025-10-20,店舗2,商品07,2,182,364
102279,2025-10-20,店舗2,商品05,3,206,618
102279,2025-10-20,店舗2,商品05,1,206,206
103082,2025-10-20,店舗2,商品04,2,206,412
103168,2025-10-20,店舗2,商品07,5,182,910
103859,2025-10-20,店舗2,商品08,3,206,618
104097,2025-10-20,店舗2,商品07,2,182,364
104120,2025-10-20,店舗2,商品05,2,206,412
104194,2025-10-20,店舗2,商品07,4,182,728
104194,2025-10-20,店舗2,商品09,2,182,364
104571,2025-10-20,店舗2,商品07,4,182,728
104736,2025-10-20,店舗2,商品08,2,206,412
104880,2025-10-20,店舗2,商品09,2,182,364
100784,2025-10-21,店舗1,商品12,5,206,1030
100784,2025-10-21,店舗1,商品12,3,206,618
100957,2025-10-21,店舗1,商品11,1,630,630
101136,2025-10-21,店舗1,商品12,3,206,618
101521,2025-10-21,店舗1,商品12,3,206,618
102321,2025-10-21,店舗1,商品12,3,206,618
104132,2025-10-21,店舗1,商品12,4,206,824
104389,2025-10-21,店舗1,商品07,4,182,728
104389,2025-10-21,店舗1,商品07,3,182,546
104389,2025-10-21,店舗1,商品07,4,182,728
104389,2025-10-21,店舗1,商品07,2,182,364
104389,2025-10-21,店舗1,商品07,3,182,546
100498,2025-10-21,店舗2,商品09,5,182,910
101328,2025-10-21,店舗2,商品07,4,182,728
101430,2025-10-21,店舗2,商品09,5,182,910
101522,2025-10-21,店舗2,商品07,2,182,364
101780,2025-10-21,店舗2,商品09,3,182,546
102391,2025-10-21,店舗2,商品05,2,206,412
102485,2025-10-21,店舗2,商品07,2,182,364
103229,2025-10-21,店舗2,商品04,4,206,824
104448,2025-10-21,店舗2,商品05,3,206,618
104520,2025-10-21,店舗2,商品08,2,206,412
104523,2025-10-21,店舗2,商品04,4,206,824
105367,2025-10-21,店舗2,商品04,2,206,412
105824,2025-10-21,店舗2,商品09,3,182,546
105824,2025-10-21,店舗2,商品09,4,182,728
100064,2025-10-22,店舗1,商品12,2,206,412
100361,2025-10-22,店舗1,商品12,2,206,412
100361,2025-10-22,店舗1,商品12,1,206,206
100449,2025-10-22,店舗1,商品12,3,206,618
100449,2025-10-22,店舗1,商品12,2,206,412
101036,2025-10-22,店舗1,商品12,2,206,412
101403,2025-10-22,店舗1,商品12,2,206,412
101403,2025-10-22,店舗1,商品12,3,206,618
101403,2025-10-22,店舗1,商品12,1,206,206
101403,2025-10-22,店舗1,商品12,1,206,206
103141,2025-10-22,店舗1,商品12,2,206,412
103193,2025-10-22,店舗1,商品12,2,206,412
105206,2025-10-22,店舗1,商品04,2,206,412
105206,2025-10-22,店舗1,商品04,1,206,206
105206,2025-10-22,店舗1,商品04,2,206,412
105206,2025-10-22,店舗1,商品04,3,206,618
105206,2025-10-22,店舗1,商品04,2,206,412
105206,2025-10-22,店舗1,商品04,2,206,412
105206,2025-10-22,店舗1,商品04,2,206,412
105206,2025-10-22,店舗1,商品04,3,206,618
100122,2025-10-22,店舗2,商品07,1,182,182
101650,2025-10-22,店舗2,商品09,1,182,182
103084,2025-10-22,店舗2,商品08,1,206,206
103084,2025-10-22,店舗2,商品08,1,206,206
103084,2025-10-22,店舗2,商品08,1,206,206
103084,2025-10-22,店舗2,商品09,1,182,182
103948,2025-10-22,店舗2,商品07,1,182,182
104149,2025-10-22,店舗2,商品01,1,182,182
104149,2025-10-22,店舗2,商品01,1,182,182
104149,2025-10-22,店舗2,商品01,1,182,182
104149,2025-10-22,店舗2,商品01,2,182,364
104149,2025-10-22,店舗2,商品01,1,182,182
104149,2025-10-22,店舗2,商品01,1,182,182
104149,2025-10-22,店舗2,商品01,1,182,182
104149,2025-10-22,店舗2,商品01,2,182,364
104149,2025-10-22,店舗2,商品01,1,182,182
104149,2025-10-22,店舗2,商品01,2,182,364
104149,2025-10-22,店舗2,商品01,1,182,182
104149,2025-10-22,店舗2,商品01,1,182,182
104247,2025-10-22,店舗2,商品04,1,206,206
104407,2025-10-22,店舗2,商品03,1,446,446
104574,2025-10-22,店舗2,商品08,1,206,206
104665,2025-10-22,店舗2,商品09,2,182,364
104948,2025-10-22,店舗2,商品08,2,206,412
104980,2025-10-22,店舗2,商品06,1,206,206
104980,2025-10-22,店舗2,商品08,1,206,206
105068,2025-10-22,店舗2,商品09,2,182,364
105514,2025-10-22,店舗2,商品07,1,182,182
105514,2025-10-22,店舗2,商品07,2,182,364
105514,2025-10-22,店舗2,商品07,1,182,182
105514,2025-10-22,店舗2,商品07,2,182,364
105514,2025-10-22,店舗2,商品07,1,182,182
105514,2025-10-22,店舗2,商品07,1,182,182
105514,2025-10-22,店舗2,商品07,1,182,182
105514,2025-10-22,店舗2,商品07,1,182,182
105514,2025-10-22,店舗2,商品07,2,182,364
100685,2025-10-23,店舗1,商品12,4,206,824
101427,2025-10-23,店舗1,商品12,3,206,618
102098,2025-10-23,店舗1,商品12,2,206,412
102826,2025-10-23,店舗1,商品12,4,206,824
102826,2025-10-23,店舗1,商品12,2,206,412
102826,2025-10-23,店舗1,商品12,4,206,824
102826,2025-10-23,店舗1,商品12,3,206,618
102826,2025-10-23,店舗1,商品12,5,206,1030
102826,2025-10-23,店舗1,商品12,2,206,412
103285,2025-10-23,店舗1,商品12,2,206,412
103285,2025-10-23,店舗1,商品12,2,206,412
104464,2025-10-23,店舗1,商品01,2,182,364
105523,2025-10-23,店舗1,商品12,2,206,412
105888,2025-10-23,店舗1,商品10,2,206,412
100494,2025-10-23,店舗2,商品09,4,182,728
100793,2025-10-23,店舗2,商品04,4,206,824
102103,2025-10-23,店舗2,商品09,2,182,364
102287,2025-10-23,店舗2,商品10,2,206,412
102287,2025-10-23,店舗2,商品10,2,206,412
102392,2025-10-23,店舗2,商品08,2,206,412
103348,2025-10-23,店舗2,商品07,2,182,364
103348,2025-10-23,店舗2,商品07,3,182,546
103754,2025-10-23,店舗2,商品06,2,206,412
104958,2025-10-23,店舗2,商品08,4,206,824
105111,2025-10-23,店舗2,商品04,2,206,412
105264,2025-10-23,店舗2,商品01,2,182,364
105264,2025-10-23,店舗2,商品01,2,182,364
105552,2025-10-23,店舗2,商品09,2,182,364
105552,2025-10-23,店舗2,商品09,2,182,364
105868,2025-10-23,店舗2,商品01,2,182,364
105868,2025-10-23,店舗2,商品01,2,182,364
105944,2025-10-23,店舗2,商品04,2,206,412
100038,2025-10-24,店舗1,商品12,7,206,1442
100040,2025-10-24,店舗1,商品12,4,206,824
100040,2025-10-24,店舗1,商品12,5,206,1030
101568,2025-10-24,店舗1,商品12,3,206,618
101912,2025-10-24,店舗1,商品12,6,206,1236
103097,2025-10-24,店舗1,商品12,7,206,1442
103153,2025-10-24,店舗1,商品12,7,206,1442
103205,2025-10-24,店舗1,商品12,6,206,1236
103394,2025-10-24,店舗1,商品10,6,206,1236
103719,2025-10-24,店舗1,商品12,4,206,824
105456,2025-10-24,店舗1,商品12,5,206,1030
100168,2025-10-24,店舗2,商品09,4,182,728
100168,2025-10-24,店舗2,商品09,2,182,364
100168,2025-10-24,店舗2,商品09,2,182,364
100287,2025-10-24,店舗2,商品01,1,182,182
102136,2025-10-24,店舗2,商品08,4,206,824
102950,2025-10-24,店舗2,商品08,4,206,824
103690,2025-10-24,店舗2,商品09,2,182,364
104087,2025-10-24,店舗2,商品01,2,182,364
104160,2025-10-24,店舗2,商品08,3,206,618
104160,2025-10-24,店舗2,商品08,2,206,412
104314,2025-10-24,店舗2,商品01,4,182,728
104574,2025-10-24,店舗2,商品08,2,206,412
104620,2025-10-24,店舗2,商品04,2,206,412
104848,2025-10-24,店舗2,商品07,3,182,546
105005,2025-10-24,店舗2,商品07,5,182,910
105423,2025-10-24,店舗2,商品04,4,206,824
105596,2025-10-24,店舗2,商品04,2,206,412
105875,2025-10-24,店舗2,商品06,5,206,1030
100449,2025-10-25,店舗1,商品12,8,206,1648
100978,2025-10-25,店舗1,商品12,5,206,1030
101623,2025-10-25,店舗1,商品12,8,206,1648
101623,2025-10-25,店舗1,商品12,5,206,1030
101623,2025-10-25,店舗1,商品12,4,206,824
101623,2025-10-25,店舗1,商品12,6,206,1236
101673,2025-10-25,店舗1,商品12,4,206,824
101829,2025-10-25,店舗1,商品12,5,206,1030
101829,2025-10-25,店舗1,商品12,6,206,1236
102326,2025-10-25,店舗1,商品12,4,206,824
102689,2025-10-25,店舗1,商品12,8,206,1648
102964,2025-10-25,店舗1,商品12,7,206,1442
103192,2025-10-25,店舗1,商品12,3,206,618
103257,2025-10-25,店舗1,商品10,4,206,824
103257,2025-10-25,店舗1,商品12,6,206,1236
103348,2025-10-25,店舗1,商品12,9,206,1854
103669,2025-10-25,店舗1,商品10,6,206,1236
104077,2025-10-25,店舗1,商品12,4,206,824
104373,2025-10-25,店舗1,商品09,5,182,910
104447,2025-10-25,店舗1,商品07,6,182,1092
104447,2025-10-25,店舗1,商品07,8,182,1456
104447,2025-10-25,店舗1,商品07,5,182,910
104447,2025-10-25,店舗1,商品07,6,182,1092
104447,2025-10-25,店舗1,商品07,6,182,1092
104447,2025-10-25,店舗1,商品07,9,182,1638
104547,2025-10-25,店舗1,商品12,3,206,618
104598,2025-10-25,店舗1,商品12,4,206,824
104598,2025-10-25,店舗1,商品12,6,206,1236
104640,2025-10-25,店舗1,商品12,8,206,1648
104722,2025-10-25,店舗1,商品07,3,182,546
104976,2025-10-25,店舗1,商品12,6,206,1236
105164,2025-10-25,店舗1,商品12,5,206,1030
105164,2025-10-25,店舗1,商品12,4,206,824
105440,2025-10-25,店舗1,商品12,6,206,1236
105856,2025-10-25,店舗1,商品12,6,206,1236
105856,2025-10-25,店舗1,商品12,4,206,824
101355,2025-10-25,店舗2,商品08,3,206,618
101726,2025-10-25,店舗2,商品09,1,182,182
103031,2025-10-25,店舗2,商品08,2,206,412
103132,2025-10-25,店舗2,商品08,2,206,412
103132,2025-10-25,店舗2,商品09,3,182,546
104827,2025-10-25,店舗2,商品05,1,206,206
105487,2025-10-25,店舗2,商品03,1,446,446
105487,2025-10-25,店舗2,商品03,1,446,446
105487,2025-10-25,店舗2,商品03,1,446,446
100985,2025-10-26,店舗1,商品01,7,182,1274
102319,2025-10-26,店舗1,商品12,5,206,1030
102331,2025-10-26,店舗1,商品12,7,206,1442
102393,2025-10-26,店舗1,商品12,11,206,2266
102949,2025-10-26,店舗1,商品12,6,206,1236
103033,2025-10-26,店舗1,商品04,5,206,1030
103437,2025-10-26,店舗1,商品11,1,630,630
103437,2025-10-26,店舗1,商品11,1,630,630
103819,2025-10-26,店舗1,商品12,8,206,1648
104009,2025-10-26,店舗1,商品10,4,206,824
104120,2025-10-26,店舗1,商品12,5,206,1030
104141,2025-10-26,店舗1,商品12,4,206,824
104374,2025-10-26,店舗1,商品12,4,206,824
104533,2025-10-26,店舗1,商品12,3,206,618
104640,2025-10-26,店舗1,商品12,8,206,1648
104899,2025-10-26,店舗1,商品12,9,206,1854
104899,2025-10-26,店舗1,商品12,6,206,1236
104899,2025-10-26,店舗1,商品12,5,206,1030
104942,2025-10-26,店舗1,商品12,5,206,1030
104976,2025-10-26,店舗1,商品12,5,206,1030
104976,2025-10-26,店舗1,商品12,9,206,1854
105059,2025-10-26,店舗1,商品12,4,206,824
105117,2025-10-26,店舗1,商品12,7,206,1442
105224,2025-10-26,店舗1,商品10,7,206,1442
105386,2025-10-26,店舗1,商品12,6,206,1236
105386,2025-10-26,店舗1,商品12,5,206,1030
105395,2025-10-26,店舗1,商品12,9,206,1854
105395,2025-10-26,店舗1,商品12,5,206,1030
105395,2025-10-26,店舗1,商品12,4,206,824
105556,2025-10-26,店舗1,商品12,4,206,824
105556,2025-10-26,店舗1,商品12,7,206,1442
105556,2025-10-26,店舗1,商品12,5,206,1030
105742,2025-10-26,店舗1,商品12,5,206,1030
105868,2025-10-26,店舗1,商品12,5,206,1030
101628,2025-10-26,店舗2,商品01,2,182,364
101628,2025-10-26,店舗2,商品01,1,182,182
102697,2025-10-26,店舗2,商品03,1,446,446
103833,2025-10-26,店舗2,商品07,3,182,546
103833,2025-10-26,店舗2,商品07,2,182,364
104977,2025-10-26,店舗2,商品05,1,206,206
100390,2025-10-27,店舗1,商品12,1,206,206
101401,2025-10-27,店舗1,商品12,5,206,1030
101824,2025-10-27,店舗1,商品07,5,182,910
102778,2025-10-27,店舗1,商品12,2,206,412
103317,2025-10-27,店舗1,商品12,2,206,412
103317,2025-10-27,店舗1,商品12,4,206,824
103317,2025-10-27,店舗1,商品12,2,206,412
103317,2025-10-27,店舗1,商品12,2,206,412
104068,2025-10-27,店舗1,商品12,2,206,412
104523,2025-10-27,店舗1,商品12,1,206,206
104523,2025-10-27,店舗1,商品12,3,206,618
104523,2025-10-27,店舗1,商品12,4,206,824
104523,2025-10-27,店舗1,商品12,2,206,412
105068,2025-10-27,店舗1,商品12,4,206,824
105068,2025-10-27,店舗1,商品12,4,206,824
100587,2025-10-27,店舗2,商品09,1,182,182
100780,2025-10-27,店舗2,商品09,4,182,728
101970,2025-10-27,店舗2,商品08,3,206,618
102217,2025-10-27,店舗2,商品04,4,206,824
102390,2025-10-27,店舗2,商品04,1,206,206
102977,2025-10-27,店舗2,商品01,3,182,546
102977,2025-10-27,店舗2,商品09,5,182,910
103061,2025-10-27,店舗2,商品09,3,182,546
103061,2025-10-27,店舗2,商品09,3,182,546
103364,2025-10-27,店舗2,商品05,3,206,618
103364,2025-10-27,店舗2,商品05,4,206,824
103800,2025-10-27,店舗2,商品04,3,206,618
104079,2025-10-27,店舗2,商品04,3,206,618
104253,2025-10-27,店舗2,商品04,4,206,824
104472,2025-10-27,店舗2,商品09,2,182,364
104753,2025-10-27,店舗2,商品07,2,182,364
104761,2025-10-27,店舗2,商品05,3,206,618
105960,2025-10-27,店舗2,商品09,3,182,546
105974,2025-10-27,店舗2,商品04,2,206,412
100692,2025-10-28,店舗1,商品12,2,206,412
101564,2025-10-28,店舗1,商品05,6,206,1236
101564,2025-10-28,店舗1,商品05,5,206,1030
102018,2025-10-28,店舗1,商品12,4,206,824
102562,2025-10-28,店舗1,商品12,5,206,1030
104826,2025-10-28,店舗1,商品12,2,206,412
104908,2025-10-28,店舗1,商品12,4,206,824
104948,2025-10-28,店舗1,商品12,3,206,618
105516,2025-10-28,店舗1,商品12,5,206,1030
105516,2025-10-28,店舗1,商品12,5,206,1030
105868,2025-10-28,店舗1,商品12,7,206,1442
100017,2025-10-28,店舗2,商品09,2,182,364
100265,2025-10-28,店舗2,商品08,2,206,412
100265,2025-10-28,店舗2,商品09,1,182,182
100265,2025-10-28,店舗2,商品09,2,182,364
100265,2025-10-28,店舗2,商品09,1,182,182
100265,2025-10-28,店舗2,商品09,2,182,364
100740,2025-10-28,店舗2,商品07,2,182,364
100740,2025-10-28,店舗2,商品08,1,206,206
100740,2025-10-28,店舗2,商品08,3,206,618
100750,2025-10-28,店舗2,商品07,2,182,364
101430,2025-10-28,店舗2,商品08,1,206,206
101430,2025-10-28,店舗2,商品08,2,206,412
101517,2025-10-28,店舗2,商品06,1,206,206
102320,2025-10-28,店舗2,商品09,2,182,364
102643,2025-10-28,店舗2,商品08,1,206,206
104120,2025-10-28,店舗2,商品07,2,182,364
104120,2025-10-28,店舗2,商品07,1,182,182
104120,2025-10-28,店舗2,商品07,2,182,364
104120,2025-10-28,店舗2,商品07,2,182,364
104120,2025-10-28,店舗2,商品07,2,182,364
104287,2025-10-28,店舗2,商品07,5,182,910
104287,2025-10-28,店舗2,商品07,1,182,182
104314,2025-10-28,店舗2,商品09,2,182,364
104525,2025-10-28,店舗2,商品08,2,206,412
104892,2025-10-28,店舗2,商品05,3,206,618
104947,2025-10-28,店舗2,商品08,3,206,618
104971,2025-10-28,店舗2,商品07,2,182,364
105839,2025-10-28,店舗2,商品01,1,182,182
105839,2025-10-28,店舗2,商品01,2,182,364
100318,2025-10-29,店舗1,商品12,5,206,1030
102507,2025-10-29,店舗1,商品12,3,206,618
103909,2025-10-29,店舗1,商品12,4,206,824
104068,2025-10-29,店舗1,商品12,7,206,1442
104358,2025-10-29,店舗1,商品12,11,206,2266
104640,2025-10-29,店舗1,商品12,7,206,1442
104805,2025-10-29,店舗1,商品12,4,206,824
104924,2025-10-29,店舗1,商品12,6,206,1236
105206,2025-10-29,店舗1,商品07,5,182,910
100640,2025-10-29,店舗2,商品06,4,206,824
100957,2025-10-29,店舗2,商品07,3,182,546
101741,2025-10-29,店舗2,商品07,3,182,546
102045,2025-10-29,店舗2,商品09,4,182,728
102521,2025-10-29,店舗2,商品06,3,206,618
102648,2025-10-29,店舗2,商品07,4,182,728
103261,2025-10-29,店舗2,商品07,4,182,728
103494,2025-10-29,店舗2,商品09,3,182,546
103604,2025-10-29,店舗2,商品09,2,182,364
103940,2025-10-29,店舗2,商品04,2,206,412
104120,2025-10-29,店舗2,商品09,4,182,728
104356,2025-10-29,店舗2,商品08,3,206,618
104523,2025-10-29,店舗2,商品04,5,206,1030
105318,2025-10-29,店舗2,商品07,4,182,728
105747,2025-10-29,店舗2,商品08,7,206,1442
105890,2025-10-29,店舗2,商品08,3,206,618
100067,2025-10-30,店舗1,商品12,2,206,412
100355,2025-10-30,店舗1,商品12,7,206,1442
100973,2025-10-30,店舗1,商品12,4,206,824
101601,2025-10-30,店舗1,商品12,6,206,1236
102936,2025-10-30,店舗1,商品12,6,206,1236
102999,2025-10-30,店舗1,商品12,7,206,1442
103756,2025-10-30,店舗1,商品10,7,206,1442
104106,2025-10-30,店舗1,商品12,6,206,1236
105648,2025-10-30,店舗1,商品12,5,206,1030
100176,2025-10-30,店舗2,商品08,3,206,618
100750,2025-10-30,店舗2,商品07,2,182,364
100830,2025-10-30,店舗2,商品09,3,182,546
100830,2025-10-30,店舗2,商品09,3,182,546
101816,2025-10-30,店舗2,商品07,2,182,364
102157,2025-10-30,店舗2,商品08,2,206,412
103033,2025-10-30,店舗2,商品01,3,182,546
103088,2025-10-30,店舗2,商品09,3,182,546
103226,2025-10-30,店舗2,商品09,2,182,364
103262,2025-10-30,店舗2,商品03,1,446,446
103262,2025-10-30,店舗2,商品03,1,446,446
103262,2025-10-30,店舗2,商品03,1,446,446
103754,2025-10-30,店舗2,商品05,2,206,412
103800,2025-10-30,店舗2,商品04,2,206,412
103800,2025-10-30,店舗2,商品04,2,206,412
104257,2025-10-30,店舗2,商品09,1,182,182
104978,2025-10-30,店舗2,商品09,5,182,910
105447,2025-10-30,店舗2,商品05,2,206,412
105447,2025-10-30,店舗2,商品05,2,206,412
105447,2025-10-30,店舗2,商品05,2,206,412
105447,2025-10-30,店舗2,商品05,5,206,1030
105447,2025-10-30,店舗2,商品05,2,206,412
105852,2025-10-30,店舗2,商品08,3,206,618
105911,2025-10-30,店舗2,商品04,2,206,412
101169,2025-10-31,店舗1,商品12,3,206,618
102600,2025-10-31,店舗1,商品12,14,206,2884
102862,2025-10-31,店舗1,商品12,7,206,1442
102894,2025-10-31,店舗1,商品12,4,206,824
102894,2025-10-31,店舗1,商品12,2,206,412
103383,2025-10-31,店舗1,商品12,4,206,824
103383,2025-10-31,店舗1,商品12,4,206,824
103571,2025-10-31,店舗1,商品12,5,206,1030
103585,2025-10-31,店舗1,商品12,6,206,1236
103701,2025-10-31,店舗1,商品12,3,206,618
103987,2025-10-31,店舗1,商品12,4,206,824
104445,2025-10-31,店舗1,商品12,5,206,1030
105117,2025-10-31,店舗1,商品12,5,206,1030
105892,2025-10-31,店舗1,商品10,5,206,1030
100328,2025-10-31,店舗2,商品07,3,182,546
100464,2025-10-31,店舗2,商品09,1,182,182
100589,2025-10-31,店舗2,商品09,3,182,546
100667,2025-10-31,店舗2,商品07,3,182,546
100914,2025-10-31,店舗2,商品08,4,206,824
100981,2025-10-31,店舗2,商品07,5,182,910
101657,2025-10-31,店舗2,商品09,4,182,728
102319,2025-10-31,店舗2,商品01,4,182,728
103589,2025-10-31,店舗2,商品09,3,182,546
104149,2025-10-31,店舗2,商品09,3,182,546
104436,2025-10-31,店舗2,商品07,3,182,546
105109,2025-10-31,店舗2,商品07,4,182,728
105279,2025-10-31,店舗2,商品04,3,206,618
105279,2025-10-31,店舗2,商品07,3,182,546
105355,2025-10-31,店舗2,商品05,4,206,824
105355,2025-10-31,店舗2,商品05,4,206,824
105368,2025-10-31,店舗2,商品09,3,182,546
105710,2025-10-31,店舗2,商品01,3,182,546
105739,2025-10-31,店舗2,商品06,3,206,618
100273,2025-11-01,店舗1,商品12,10,206,2060
100511,2025-11-01,店舗1,商品12,9,206,1854
101022,2025-11-01,店舗1,商品12,6,206,1236
101177,2025-11-01,店舗1,商品12,5,206,1030
101405,2025-11-01,店舗1,商品12,2,206,412
101591,2025-11-01,店舗1,商品12,5,206,1030
101673,2025-11-01,店舗1,商品12,3,206,618
102331,2025-11-01,店舗1,商品12,4,206,824
102709,2025-11-01,店舗1,商品12,6,206,1236
102709,2025-11-01,店舗1,商品12,5,206,1030
103193,2025-11-01,店舗1,商品12,8,206,1648
103193,2025-11-01,店舗1,商品12,6,206,1236
103303,2025-11-01,店舗1,商品12,7,206,1442
103303,2025-11-01,店舗1,商品12,9,206,1854
103303,2025-11-01,店舗1,商品12,3,206,618
103303,2025-11-01,店舗1,商品12,7,206,1442
103303,2025-11-01,店舗1,商品12,5,206,1030
103585,2025-11-01,店舗1,商品12,6,206,1236
103636,2025-11-01,店舗1,商品12,6,206,1236
103710,2025-11-01,店舗1,商品12,9,206,1854
103964,2025-11-01,店舗1,商品12,6,206,1236
104068,2025-11-01,店舗1,商品12,6,206,1236
104075,2025-11-01,店舗1,商品12,7,206,1442
105048,2025-11-01,店舗1,商品12,4,206,824
105406,2025-11-01,店舗1,商品12,9,206,1854
105414,2025-11-01,店舗1,商品12,5,206,1030
105414,2025-11-01,店舗1,商品12,2,206,412
105627,2025-11-01,店舗1,商品12,4,206,824
105820,2025-11-01,店舗1,商品12,8,206,1648
101559,2025-11-01,店舗2,商品09,2,182,364
101625,2025-11-01,店舗2,商品04,2,206,412
102371,2025-11-01,店舗2,商品09,2,182,364
102371,2025-11-01,店舗2,商品09,2,182,364
102371,2025-11-01,店舗2,商品09,1,182,182
103303,2025-11-01,店舗2,商品04,2,206,412
105033,2025-11-01,店舗2,商品07,1,182,182
100171,2025-11-02,店舗1,商品12,7,206,1442
100610,2025-11-02,店舗1,商品12,12,206,2472
100735,2025-11-02,店舗1,商品12,6,206,1236
100735,2025-11-02,店舗1,商品12,7,206,1442
100735,2025-11-02,店舗1,商品12,5,206,1030
100939,2025-11-02,店舗1,商品12,5,206,1030
101206,2025-11-02,店舗1,商品12,5,206,1030
101276,2025-11-02,店舗1,商品12,5,206,1030
101276,2025-11-02,店舗1,商品12,4,206,824
101937,2025-11-02,店舗1,商品12,7,206,1442
102247,2025-11-02,店舗1,商品12,4,206,824
102410,2025-11-02,店舗1,商品12,11,206,2266
102571,2025-11-02,店舗1,商品12,8,206,1648
102695,2025-11-02,店舗1,商品12,6,206,1236
103394,2025-11-02,店舗1,商品12,5,206,1030
103687,2025-11-02,店舗1,商品12,8,206,1648
103742,2025-11-02,店舗1,商品12,4,206,824
104048,2025-11-02,店舗1,商品12,6,206,1236
104389,2025-11-02,店舗1,商品12,6,206,1236
104598,2025-11-02,店舗1,商品12,4,206,824
104598,2025-11-02,店舗1,商品12,6,206,1236
104598,2025-11-02,店舗1,商品12,5,206,1030
104943,2025-11-02,店舗1,商品12,2,206,412
104943,2025-11-02,店舗1,商品12,5,206,1030
105068,2025-11-02,店舗1,商品12,8,206,1648
105068,2025-11-02,店舗1,商品12,3,206,618
105739,2025-11-02,店舗1,商品12,3,206,618
103214,2025-11-02,店舗2,商品09,2,182,364
104536,2025-11-02,店舗2,商品09,2,182,364
104571,2025-11-02,店舗2,商品08,1,206,206
104954,2025-11-02,店舗2,商品04,3,206,618
100408,2025-11-03,店舗1,商品12,6,206,1236
101232,2025-11-03,店舗1,商品12,10,206,2060
101450,2025-11-03,店舗1,商品12,5,206,1030
101633,2025-11-03,店舗1,商品11,2,630,1260
101633,2025-11-03,店舗1,商品11,1,630,630
101718,2025-11-03,店舗1,商品12,5,206,1030
102581,2025-11-03,店舗1,商品04,6,206,1236
102672,2025-11-03,店舗1,商品12,3,206,618
102751,2025-11-03,店舗1,商品12,9,206,1854
103205,2025-11-03,店舗1,商品12,9,206,1854
103205,2025-11-03,店舗1,商品12,4,206,824
103205,2025-11-03,店舗1,商品12,3,206,618
103205,2025-11-03,店舗1,商品12,7,206,1442
103261,2025-11-03,店舗1,商品12,7,206,1442
103501,2025-11-03,店舗1,商品12,5,206,1030
104389,2025-11-03,店舗1,商品12,7,206,1442
104753,2025-11-03,店舗1,商品12,5,206,1030
104788,2025-11-03,店舗1,商品12,4,206,824
105068,2025-11-03,店舗1,商品12,5,206,1030
105598,2025-11-03,店舗1,商品10,5,206,1030
100389,2025-11-03,店舗2,商品01,3,182,546
101403,2025-11-03,店舗2,商品07,3,182,546
102976,2025-11-03,店舗2,商品07,4,182,728
103048,2025-11-03,店舗2,商品07,2,182,364
105436,2025-11-03,店舗2,商品09,2,182,364
105841,2025-11-03,店舗2,商品09,2,182,364
101349,2025-11-04,店舗1,商品12,4,206,824
101349,2025-11-04,店舗1,商品12,4,206,824
102530,2025-11-04,店舗1,商品12,12,206,2472
102931,2025-11-04,店舗1,商品12,2,206,412
103058,2025-11-04,店舗1,商品05,2,206,412
103503,2025-11-04,店舗1,商品11,1,630,630
103815,2025-11-04,店舗1,商品12,2,206,412
103815,2025-11-04,店舗1,商品12,4,206,824
103815,2025-11-04,店舗1,商品12,2,206,412
104293,2025-11-04,店舗1,商品12,3,206,618
104424,2025-11-04,店舗1,商品12,3,206,618
100028,2025-11-04,店舗2,商品01,2,182,364
100177,2025-11-04,店舗2,商品09,2,182,364
100419,2025-11-04,店舗2,商品06,4,206,824
100419,2025-11-04,店舗2,商品06,3,206,618
102287,2025-11-04,店舗2,商品01,2,182,364
102485,2025-11-04,店舗2,商品07,2,182,364
102485,2025-11-04,店舗2,商品08,2,206,412
102485,2025-11-04,店舗2,商品08,3,206,618
103153,2025-11-04,店舗2,商品08,2,206,412
103402,2025-11-04,店舗2,商品07,2,182,364
103634,2025-11-04,店舗2,商品09,2,182,364
103634,2025-11-04,店舗2,商品09,3,182,546
103634,2025-11-04,店舗2,商品09,1,182,182
103634,2025-11-04,店舗2,商品09,2,182,364
103828,2025-11-04,店舗2,商品07,4,182,728
103929,2025-11-04,店舗2,商品07,2,182,364
104874,2025-11-04,店舗2,商品01,1,182,182
104942,2025-11-04,店舗2,商品09,3,182,546
104942,2025-11-04,店舗2,商品09,2,182,364
105322,2025-11-04,店舗2,商品09,1,182,182
105650,2025-11-04,店舗2,商品09,2,182,364
100208,2025-11-05,店舗1,商品12,4,206,824
101194,2025-11-05,店舗1,商品12,7,206,1442
102826,2025-11-05,店舗1,商品12,2,206,412
105068,2025-11-05,店舗1,商品12,4,206,824
105068,2025-11-05,店舗1,商品12,3,206,618
105552,2025-11-05,店舗1,商品01,4,182,728
105725,2025-11-05,店舗1,商品12,3,206,618
105725,2025-11-05,店舗1,商品12,4,206,824
105725,2025-11-05,店舗1,商品12,2,206,412
105729,2025-11-05,店舗1,商品12,4,206,824
105916,2025-11-05,店舗1,商品12,4,206,824
100217,2025-11-05,店舗2,商品09,3,182,546
100360,2025-11-05,店舗2,商品03,1,446,446
100360,2025-11-05,店舗2,商品03,1,446,446
100887,2025-11-05,店舗2,商品01,2,182,364
101028,2025-11-05,店舗2,商品01,2,182,364
101028,2025-11-05,店舗2,商品01,4,182,728
101028,2025-11-05,店舗2,商品01,2,182,364
101929,2025-11-05,店舗2,商品07,2,182,364
101929,2025-11-05,店舗2,商品07,1,182,182
103569,2025-11-05,店舗2,商品09,3,182,546
103600,2025-11-05,店舗2,商品09,2,182,364
104018,2025-11-05,店舗2,商品04,4,206,824
104941,2025-11-05,店舗2,商品09,3,182,546
105059,2025-11-05,店舗2,商品09,3,182,546
105231,2025-11-05,店舗2,商品08,2,206,412
105232,2025-11-05,店舗2,商品09,2,182,364
105376,2025-11-05,店舗2,商品01,3,182,546
105376,2025-11-05,店舗2,商品01,2,182,364
105376,2025-11-05,店舗2,商品01,3,182,546
100898,2025-11-06,店舗1,商品12,3,206,618
101179,2025-11-06,店舗1,商品12,4,206,824
101454,2025-11-06,店舗1,商品12,4,206,824
102521,2025-11-06,店舗1,商品12,4,206,824
102521,2025-11-06,店舗1,商品12,3,206,618
103884,2025-11-06,店舗1,商品12,3,206,618
103898,2025-11-06,店舗1,商品12,2,206,412
103898,2025-11-06,店舗1,商品12,4,206,824
103898,2025-11-06,店舗1,商品12,3,206,618
105118,2025-11-06,店舗1,商品12,3,206,618
105339,2025-11-06,店舗1,商品12,3,206,618
105339,2025-11-06,店舗1,商品12,3,206,618
100303,2025-11-06,店舗2,商品07,3,182,546
101171,2025-11-06,店舗2,商品09,3,182,546
101171,2025-11-06,店舗2,商品09,2,182,364
101430,2025-11-06,店舗2,商品08,2,206,412
102213,2025-11-06,店舗2,商品09,4,182,728
102471,2025-11-06,店舗2,商品08,3,206,618
102485,2025-11-06,店舗2,商品07,8,182,1456
103394,2025-11-06,店舗2,商品02,1,315,315
103976,2025-11-06,店舗2,商品09,2,182,364
104373,2025-11-06,店舗2,商品05,3,206,618
104631,2025-11-06,店舗2,商品04,3,206,618
104978,2025-11-06,店舗2,商品01,4,182,728
105204,2025-11-06,店舗2,商品04,4,206,824
105780,2025-11-06,店舗2,商品07,3,182,546
100494,2025-11-07,店舗1,商品07,2,182,364
100494,2025-11-07,店舗1,商品10,5,206,1030
100501,2025-11-07,店舗1,商品12,2,206,412
100779,2025-11-07,店舗1,商品12,5,206,1030
100779,2025-11-07,店舗1,商品12,4,206,824
100779,2025-11-07,店舗1,商品12,4,206,824
101719,2025-11-07,店舗1,商品12,3,206,618
102600,2025-11-07,店舗1,商品12,2,206,412
102600,2025-11-07,店舗1,商品12,4,206,824
103273,2025-11-07,店舗1,商品02,1,315,315
103273,2025-11-07,店舗1,商品02,1,315,315
103273,2025-11-07,店舗1,商品02,1,315,315
103273,2025-11-07,店舗1,商品03,1,446,446
103417,2025-11-07,店舗1,商品12,6,206,1236
104595,2025-11-07,店舗1,商品12,4,206,824
105141,2025-11-07,店舗1,商品12,6,206,1236
105444,2025-11-07,店舗1,商品12,5,206,1030
100459,2025-11-07,店舗2,商品04,2,206,412
101265,2025-11-07,店舗2,商品07,3,182,546
101265,2025-11-07,店舗2,商品07,3,182,546
101688,2025-11-07,店舗2,商品08,1,206,206
101688,2025-11-07,店舗2,商品08,2,206,412
101731,2025-11-07,店舗2,商品01,4,182,728
101967,2025-11-07,店舗2,商品04,3,206,618
102109,2025-11-07,店舗2,商品09,5,182,910
102149,2025-11-07,店舗2,商品09,2,182,364
102410,2025-11-07,店舗2,商品09,2,182,364
102754,2025-11-07,店舗2,商品07,3,182,546
102806,2025-11-07,店舗2,商品06,3,206,618
102806,2025-11-07,店舗2,商品08,2,206,412
103025,2025-11-07,店舗2,商品05,4,206,824
103177,2025-11-07,店舗2,商品07,7,182,1274
103183,2025-11-07,店舗2,商品09,2,182,364
103626,2025-11-07,店舗2,商品08,3,206,618
105671,2025-11-07,店舗2,商品09,2,182,364
100302,2025-11-08,店舗1,商品12,4,206,824
100666,2025-11-08,店舗1,商品07,4,182,728
100694,2025-11-08,店舗1,商品12,10,206,2060
100740,2025-11-08,店舗1,商品12,8,206,1648
101153,2025-11-08,店舗1,商品12,5,206,1030
101430,2025-11-08,店舗1,商品12,6,206,1236
101430,2025-11-08,店舗1,商品12,4,206,824
101855,2025-11-08,店舗1,商品12,8,206,1648
101976,2025-11-08,店舗1,商品12,11,206,2266
102621,2025-11-08,店舗1,商品12,4,206,824
102621,2025-11-08,店舗1,商品12,10,206,2060
102636,2025-11-08,店舗1,商品10,6,206,1236
102857,2025-11-08,店舗1,商品12,5,206,1030
102931,2025-11-08,店舗1,商品01,4,182,728
102999,2025-11-08,店舗1,商品12,9,206,1854
104017,2025-11-08,店舗1,商品12,6,206,1236
104018,2025-11-08,店舗1,商品12,11,206,2266
104293,2025-11-08,店舗1,商品12,6,206,1236
104525,2025-11-08,店舗1,商品12,7,206,1442
104651,2025-11-08,店舗1,商品12,7,206,1442
105164,2025-11-08,店舗1,商品12,6,206,1236
105279,2025-11-08,店舗1,商品07,4,182,728
105307,2025-11-08,店舗1,商品12,5,206,1030
105307,2025-11-08,店舗1,商品12,11,206,2266
105541,2025-11-08,店舗1,商品12,5,206,1030
100592,2025-11-08,店舗2,商品04,2,206,412
102295,2025-11-08,店舗2,商品07,1,182,182
102922,2025-11-08,店舗2,商品08,3,206,618
103286,2025-11-08,店舗2,商品09,2,182,364
104029,2025-11-08,店舗2,商品08,4,206,824
100378,2025-11-09,店舗1,商品12,5,206,1030
100648,2025-11-09,店舗1,商品12,5,206,1030
101105,2025-11-09,店舗1,商品12,6,206,1236
101146,2025-11-09,店舗1,商品12,6,206,1236
101306,2025-11-09,店舗1,商品12,5,206,1030
101481,2025-11-09,店舗1,商品12,8,206,1648
101481,2025-11-09,店舗1,商品12,6,206,1236
101781,2025-11-09,店舗1,商品01,5,182,910
101786,2025-11-09,店舗1,商品12,8,206,1648
101963,2025-11-09,店舗1,商品12,9,206,1854
102736,2025-11-09,店舗1,商品12,3,206,618
102975,2025-11-09,店舗1,商品12,8,206,1648
103309,2025-11-09,店舗1,商品12,6,206,1236
103437,2025-11-09,店舗1,商品09,5,182,910
103437,2025-11-09,店舗1,商品11,2,630,1260
103437,2025-11-09,店舗1,商品11,1,630,630
103565,2025-11-09,店舗1,商品12,4,206,824
103649,2025-11-09,店舗1,商品12,6,206,1236
103831,2025-11-09,店舗1,商品09,6,182,1092
103831,2025-11-09,店舗1,商品09,11,182,2002
104640,2025-11-09,店舗1,商品12,9,206,1854
105299,2025-11-09,店舗1,商品12,9,206,1854
105325,2025-11-09,店舗1,商品12,9,206,1854
105596,2025-11-09,店舗1,商品12,9,206,1854
105744,2025-11-09,店舗1,商品12,8,206,1648
101464,2025-11-09,店舗2,商品09,2,182,364
101854,2025-11-09,店舗2,商品08,1,206,206
103494,2025-11-09,店舗2,商品01,1,182,182
103494,2025-11-09,店舗2,商品07,2,182,364
104120,2025-11-09,店舗2,商品09,1,182,182
101389,2025-11-10,店舗1,商品12,2,206,412
102129,2025-11-10,店舗1,商品12,3,206,618
102131,2025-11-10,店舗1,商品07,3,182,546
102131,2025-11-10,店舗1,商品07,4,182,728
102131,2025-11-10,店舗1,商品07,3,182,546
102230,2025-11-10,店舗1,商品12,4,206,824
103475,2025-11-10,店舗1,商品12,3,206,618
105484,2025-11-10,店舗1,商品12,7,206,1442
105514,2025-11-10,店舗1,商品12,6,206,1236
100459,2025-11-10,店舗2,商品09,3,182,546
101137,2025-11-10,店舗2,商品04,2,206,412
101178,2025-11-10,店舗2,商品05,3,206,618
101625,2025-11-10,店舗2,商品01,2,182,364
101625,2025-11-10,店舗2,商品01,2,182,364
101625,2025-11-10,店舗2,商品04,3,206,618
101625,2025-11-10,店舗2,商品04,3,206,618
102039,2025-11-10,店舗2,商品04,2,206,412
102857,2025-11-10,店舗2,商品09,4,182,728
103005,2025-11-10,店舗2,商品04,3,206,618
103800,2025-11-10,店舗2,商品09,3,182,546
103831,2025-11-10,店舗2,商品01,3,182,546
104442,2025-11-10,店舗2,商品08,3,206,618
104800,2025-11-10,店舗2,商品09,3,182,546
105625,2025-11-10,店舗2,商品04,4,206,824
100464,2025-11-11,店舗1,商品12,5,206,1030
100475,2025-11-11,店舗1,商品12,4,206,824
100640,2025-11-11,店舗1,商品06,3,206,618
101850,2025-11-11,店舗1,商品12,5,206,1030
101976,2025-11-11,店舗1,商品12,3,206,618
102112,2025-11-11,店舗1,商品12,7,206,1442
102507,2025-11-11,店舗1,商品12,7,206,1442
103763,2025-11-11,店舗1,商品12,5,206,1030
100587,2025-11-11,店舗2,商品08,5,206,1030
100931,2025-11-11,店舗2,商品06,4,206,824
101242,2025-11-11,店舗2,商品04,2,206,412
101271,2025-11-11,店舗2,商品04,3,206,618
101850,2025-11-11,店舗2,商品09,4,182,728
102609,2025-11-11,店舗2,商品06,3,206,618
102609,2025-11-11,店舗2,商品09,3,182,546
103877,2025-11-11,店舗2,商品04,2,206,412
103892,2025-11-11,店舗2,商品04,3,206,618
104798,2025-11-11,店舗2,商品07,4,182,728
104867,2025-11-11,店舗2,商品09,3,182,546
105201,2025-11-11,店舗2,商品09,3,182,546
105514,2025-11-11,店舗2,商品07,3,182,546
105708,2025-11-11,店舗2,商品04,2,206,412
100101,2025-11-12,店舗1,商品12,5,206,1030
102112,2025-11-12,店舗1,商品12,4,206,824
102112,2025-11-12,店舗1,商品12,7,206,1442
102393,2025-11-12,店舗1,商品12,2,206,412
102882,2025-11-12,店舗1,商品12,8,206,1648
103933,2025-11-12,店舗1,商品12,2,206,412
104843,2025-11-12,店舗1,商品12,3,206,618
105059,2025-11-12,店舗1,商品12,3,206,618
105059,2025-11-12,店舗1,商品12,5,206,1030
105160,2025-11-12,店舗1,商品12,4,206,824
100426,2025-11-12,店舗2,商品07,4,182,728
101068,2025-11-12,店舗2,商品09,1,182,182
101164,2025-11-12,店舗2,商品04,1,206,206
101224,2025-11-12,店舗2,商品03,1,446,446
101224,2025-11-12,店舗2,商品08,3,206,618
102619,2025-11-12,店舗2,商品04,2,206,412
102792,2025-11-12,店舗2,商品07,2,182,364
102792,2025-11-12,店舗2,商品09,2,182,364
102845,2025-11-12,店舗2,商品07,2,182,364
103565,2025-11-12,店舗2,商品08,5,206,1030
103682,2025-11-12,店舗2,商品09,2,182,364
103682,2025-11-12,店舗2,商品09,2,182,364
103948,2025-11-12,店舗2,商品07,2,182,364
104202,2025-11-12,店舗2,商品08,2,206,412
104202,2025-11-12,店舗2,商品08,3,206,618
104202,2025-11-12,店舗2,商品08,1,206,206
104921,2025-11-12,店舗2,商品06,3,206,618
104921,2025-11-12,店舗2,商品06,2,206,412
104921,2025-11-12,店舗2,商品06,2,206,412
105436,2025-11-12,店舗2,商品09,2,182,364
105650,2025-11-12,店舗2,商品07,1,182,182
100181,2025-11-13,店舗1,商品12,4,206,824
100221,2025-11-13,店舗1,商品12,2,206,412
100221,2025-11-13,店舗1,商品12,6,206,1236
100685,2025-11-13,店舗1,商品12,3,206,618
101263,2025-11-13,店舗1,商品12,3,206,618
102117,2025-11-13,店舗1,商品12,6,206,1236
103501,2025-11-13,店舗1,商品12,6,206,1236
104703,2025-11-13,店舗1,商品12,5,206,1030
105000,2025-11-13,店舗1,商品12,5,206,1030
100054,2025-11-13,店舗2,商品09,2,182,364
100929,2025-11-13,店舗2,商品04,3,206,618
100929,2025-11-13,店舗2,商品08,2,206,412
100929,2025-11-13,店舗2,商品08,4,206,824
101220,2025-11-13,店舗2,商品09,2,182,364
101240,2025-11-13,店舗2,商品09,3,182,546
101273,2025-11-13,店舗2,商品08,4,206,824
101559,2025-11-13,店舗2,商品09,2,182,364
101625,2025-11-13,店舗2,商品04,5,206,1030
101899,2025-11-13,店舗2,商品08,2,206,412
101937,2025-11-13,店舗2,商品08,2,206,412
102662,2025-11-13,店舗2,商品10,2,206,412
102665,2025-11-13,店舗2,商品07,3,182,546
103494,2025-11-13,店舗2,商品07,5,182,910
105358,2025-11-13,店舗2,商品08,3,206,618
100957,2025-11-14,店舗1,商品12,8,140,1120
101136,2025-11-14,店舗1,商品12,7,140,980
102700,2025-11-14,店舗1,商品12,7,140,980
102700,2025-11-14,店舗1,商品12,6,140,840
102700,2025-11-14,店舗1,商品12,6,140,840
103084,2025-11-14,店舗1,商品10,3,140,420
103823,2025-11-14,店舗1,商品12,7,140,980
103916,2025-11-14,店舗1,商品12,7,140,980
104199,2025-11-14,店舗1,商品12,5,140,700
104429,2025-11-14,店舗1,商品12,4,140,560
105078,2025-11-14,店舗1,商品12,4,140,560
105335,2025-11-14,店舗1,商品12,4,140,560
105335,2025-11-14,店舗1,商品12,4,140,560
105545,2025-11-14,店舗1,商品12,3,140,420
105545,2025-11-14,店舗1,商品12,4,140,560
105545,2025-11-14,店舗1,商品12,3,140,420
105611,2025-11-14,店舗1,商品12,7,140,980
105658,2025-11-14,店舗1,商品12,3,140,420
100342,2025-11-14,店舗2,商品04,4,140,560
100670,2025-11-14,店舗2,商品04,3,140,420
100957,2025-11-14,店舗2,商品09,2,124,248
101827,2025-11-14,店舗2,商品06,4,140,560
102091,2025-11-14,店舗2,商品05,3,140,420
102398,2025-11-14,店舗2,商品06,2,140,280
102412,2025-11-14,店舗2,商品07,3,124,372
102485,2025-11-14,店舗2,商品08,3,140,420
102540,2025-11-14,店舗2,商品08,5,140,700
102540,2025-11-14,店舗2,商品08,2,140,280
102988,2025-11-14,店舗2,商品09,2,124,248
103061,2025-11-14,店舗2,商品04,2,140,280
103264,2025-11-14,店舗2,商品04,2,140,280
103533,2025-11-14,店舗2,商品07,4,124,496
103701,2025-11-14,店舗2,商品07,5,124,620
104443,2025-11-14,店舗2,商品09,2,124,248
104443,2025-11-14,店舗2,商品09,5,124,620
104443,2025-11-14,店舗2,商品09,2,124,248
104443,2025-11-14,店舗2,商品09,3,124,372
105033,2025-11-14,店舗2,商品01,3,124,372
105033,2025-11-14,店舗2,商品01,2,124,248
105033,2025-11-14,店舗2,商品09,2,124,248
105033,2025-11-14,店舗2,商品09,3,124,372
105287,2025-11-14,店舗2,商品01,2,124,248
105489,2025-11-14,店舗2,商品07,3,124,372
105677,2025-11-14,店舗2,商品01,3,124,372
100038,2025-11-15,店舗1,商品12,4,140,560
100100,2025-11-15,店舗1,商品12,5,140,700
100415,2025-11-15,店舗1,商品12,9,140,1260
100475,2025-11-15,店舗1,商品12,11,140,1540
100501,2025-11-15,店舗1,商品12,4,140,560
100501,2025-11-15,店舗1,商品12,7,140,980
100703,2025-11-15,店舗1,商品12,9,140,1260
100703,2025-11-15,店舗1,商品12,9,140,1260
100703,2025-11-15,店舗1,商品12,7,140,980
100996,2025-11-15,店舗1,商品12,4,140,560
101104,2025-11-15,店舗1,商品11,2,630,1260
101104,2025-11-15,店舗1,商品11,1,630,630
101177,2025-11-15,店舗1,商品12,4,140,560
101731,2025-11-15,店舗1,商品12,4,140,560
102388,2025-11-15,店舗1,商品12,3,140,420
102388,2025-11-15,店舗1,商品12,3,140,420
102388,2025-11-15,店舗1,商品12,7,140,980
102437,2025-11-15,店舗1,商品12,5,140,700
102472,2025-11-15,店舗1,商品12,10,140,1400
102485,2025-11-15,店舗1,商品12,6,140,840
102709,2025-11-15,店舗1,商品02,1,315,315
102964,2025-11-15,店舗1,商品12,6,140,840
103027,2025-11-15,店舗1,商品12,4,140,560
103339,2025-11-15,店舗1,商品12,9,140,1260
103372,2025-11-15,店舗1,商品12,6,140,840
103696,2025-11-15,店舗1,商品12,6,140,840
103762,2025-11-15,店舗1,商品12,6,140,840
103856,2025-11-15,店舗1,商品12,10,140,1400
104673,2025-11-15,店舗1,商品12,11,140,1540
104686,2025-11-15,店舗1,商品12,5,140,700
104867,2025-11-15,店舗1,商品10,9,140,1260
104957,2025-11-15,店舗1,商品12,7,140,980
104957,2025-11-15,店舗1,商品12,6,140,840
104967,2025-11-15,店舗1,商品12,5,140,700
105068,2025-11-15,店舗1,商品12,5,140,700
105598,2025-11-15,店舗1,商品10,12,140,1680
105598,2025-11-15,店舗1,商品10,10,140,1400
105729,2025-11-15,店舗1,商品10,13,140,1820
105729,2025-11-15,店舗1,商品12,5,140,700
100197,2025-11-15,店舗2,商品09,2,124,248
100949,2025-11-15,店舗2,商品08,4,140,560
102852,2025-11-15,店舗2,商品08,2,140,280
103421,2025-11-15,店舗2,商品08,3,140,420
104075,2025-11-15,店舗2,商品09,2,124,248
105519,2025-11-15,店舗2,商品04,4,140,560
100475,2025-11-16,店舗1,商品12,5,140,700
100475,2025-11-16,店舗1,商品12,4,140,560
100487,2025-11-16,店舗1,商品12,7,140,980
100694,2025-11-16,店舗1,商品12,3,140,420
100836,2025-11-16,店舗1,商品12,12,140,1680
100923,2025-11-16,店舗1,商品12,3,140,420
100923,2025-11-16,店舗1,商品12,5,140,700
101363,2025-11-16,店舗1,商品12,2,140,280
101454,2025-11-16,店舗1,商品12,7,140,980
101482,2025-11-16,店舗1,商品12,8,140,1120
101891,2025-11-16,店舗1,商品12,5,140,700
101891,2025-11-16,店舗1,商品12,11,140,1540
102168,2025-11-16,店舗1,商品09,6,124,744
102168,2025-11-16,店舗1,商品09,6,124,744
102327,2025-11-16,店舗1,商品12,8,140,1120
102433,2025-11-16,店舗1,商品12,4,140,560
102433,2025-11-16,店舗1,商品12,3,140,420
102708,2025-11-16,店舗1,商品12,6,140,840
103193,2025-11-16,店舗1,商品12,4,140,560
103348,2025-11-16,店舗1,商品12,3,140,420
103590,2025-11-16,店舗1,商品12,5,140,700
103775,2025-11-16,店舗1,商品12,7,140,980
103775,2025-11-16,店舗1,商品12,6,140,840
103775,2025-11-16,店舗1,商品12,10,140,1400
103775,2025-11-16,店舗1,商品12,6,140,840
103807,2025-11-16,店舗1,商品12,5,140,700
104058,2025-11-16,店舗1,商品12,7,140,980
104058,2025-11-16,店舗1,商品12,9,140,1260
104293,2025-11-16,店舗1,商品12,5,140,700
104521,2025-11-16,店舗1,商品12,7,140,980
104572,2025-11-16,店舗1,商品12,7,140,980
104581,2025-11-16,店舗1,商品12,9,140,1260
104798,2025-11-16,店舗1,商品12,6,140,840
104834,2025-11-16,店舗1,商品09,4,124,496
105156,2025-11-16,店舗1,商品12,2,140,280
105190,2025-11-16,店舗1,商品07,6,124,744
105342,2025-11-16,店舗1,商品12,6,140,840
105342,2025-11-16,店舗1,商品12,6,140,840
100331,2025-11-16,店舗2,商品07,2,124,248
100331,2025-11-16,店舗2,商品09,2,124,248
100501,2025-11-16,店舗2,商品08,2,140,280
103406,2025-11-16,店舗2,商品08,3,140,420
103787,2025-11-16,店舗2,商品09,2,124,248
103898,2025-11-16,店舗2,商品08,1,140,140
100001,2025-11-17,店舗1,商品12,6,140,840
100266,2025-11-17,店舗1,商品12,6,140,840
100400,2025-11-17,店舗1,商品12,5,140,700
101033,2025-11-17,店舗1,商品12,4,140,560
101687,2025-11-17,店舗1,商品12,4,140,560
101733,2025-11-17,店舗1,商品07,5,124,620
104852,2025-11-17,店舗1,商品12,3,140,420
104891,2025-11-17,店舗1,商品12,4,140,560
104892,2025-11-17,店舗1,商品12,6,140,840
104892,2025-11-17,店舗1,商品12,4,140,560
104892,2025-11-17,店舗1,商品12,6,140,840
105164,2025-11-17,店舗1,商品12,4,140,560
100303,2025-11-17,店舗2,商品09,2,124,248
100380,2025-11-17,店舗2,商品05,2,140,280
100658,2025-11-17,店舗2,商品07,2,124,248
100845,2025-11-17,店舗2,商品09,2,124,248
100845,2025-11-17,店舗2,商品09,2,124,248
100845,2025-11-17,店舗2,商品09,2,124,248
100845,2025-11-17,店舗2,商品09,5,124,620
100845,2025-11-17,店舗2,商品09,2,124,248
100887,2025-11-17,店舗2,商品06,2,140,280
101263,2025-11-17,店舗2,商品06,2,140,280
101263,2025-11-17,店舗2,商品06,3,140,420
101263,2025-11-17,店舗2,商品06,2,140,280
101263,2025-11-17,店舗2,商品06,1,140,140
101281,2025-11-17,店舗2,商品08,2,140,280
101365,2025-11-17,店舗2,商品09,1,124,124
101464,2025-11-17,店舗2,商品01,2,124,248
102547,2025-11-17,店舗2,商品09,1,124,124
103054,2025-11-17,店舗2,商品09,3,124,372
103192,2025-11-17,店舗2,商品07,3,124,372
103192,2025-11-17,店舗2,商品08,2,140,280
103349,2025-11-17,店舗2,商品08,5,140,700
103400,2025-11-17,店舗2,商品07,3,124,372
103775,2025-11-17,店舗2,商品04,2,140,280
105245,2025-11-17,店舗2,商品07,3,124,372
105745,2025-11-17,店舗2,商品09,2,124,248
105745,2025-11-17,店舗2,商品09,2,124,248
100071,2025-11-18,店舗1,商品12,3,140,420
100582,2025-11-18,店舗1,商品12,8,140,1120
102261,2025-11-18,店舗1,商品12,6,140,840
103193,2025-11-18,店舗1,商品12,6,140,840
103258,2025-11-18,店舗1,商品07,7,124,868
103859,2025-11-18,店舗1,商品12,5,140,700
104054,2025-11-18,店舗1,商品09,3,124,372
105322,2025-11-18,店舗1,商品12,3,140,420
105322,2025-11-18,店舗1,商品12,4,140,560
105323,2025-11-18,店舗1,商品12,5,140,700
105576,2025-11-18,店舗1,商品12,6,140,840
105576,2025-11-18,店舗1,商品12,4,140,560
100190,2025-11-18,店舗2,商品05,2,140,280
100498,2025-11-18,店舗2,商品07,1,124,124
100883,2025-11-18,店舗2,商品05,3,140,420
100883,2025-11-18,店舗2,商品08,5,140,700
101266,2025-11-18,店舗2,商品09,2,124,248
101584,2025-11-18,店舗2,商品04,3,140,420
102297,2025-11-18,店舗2,商品09,2,124,248
102665,2025-11-18,店舗2,商品01,6,124,744
102841,2025-11-18,店舗2,商品08,6,140,840
103265,2025-11-18,店舗2,商品01,3,124,372
103269,2025-11-18,店舗2,商品07,3,124,372
103461,2025-11-18,店舗2,商品09,2,124,248
104023,2025-11-18,店舗2,商品06,3,140,420
104169,2025-11-18,店舗2,商品08,3,140,420
104287,2025-11-18,店舗2,商品05,2,140,280
104287,2025-11-18,店舗2,商品05,2,140,280
104287,2025-11-18,店舗2,商品05,1,140,140
104287,2025-11-18,店舗2,商品05,3,140,420
104287,2025-11-18,店舗2,商品05,4,140,560
104287,2025-11-18,店舗2,商品05,2,140,280
105494,2025-11-18,店舗2,商品04,2,140,280
105570,2025-11-18,店舗2,商品07,4,124,496
105667,2025-11-18,店舗2,商品06,2,140,280
105967,2025-11-18,店舗2,商品04,2,140,280
100570,2025-11-19,店舗1,商品12,6,140,840
101433,2025-11-19,店舗1,商品09,10,124,1240
101691,2025-11-19,店舗1,商品12,5,140,700
101714,2025-11-19,店舗1,商品12,5,140,700
101733,2025-11-19,店舗1,商品12,5,140,700
101902,2025-11-19,店舗1,商品12,8,140,1120
102052,2025-11-19,店舗1,商品12,6,140,840
102229,2025-11-19,店舗1,商品12,5,140,700
104525,2025-11-19,店舗1,商品12,5,140,700
104976,2025-11-19,店舗1,商品12,6,140,840
105360,2025-11-19,店舗1,商品12,6,140,840
100399,2025-11-19,店舗2,商品04,2,140,280
100399,2025-11-19,店舗2,商品07,2,124,248
100570,2025-11-19,店舗2,商品07,3,124,372
100774,2025-11-19,店舗2,商品09,2,124,248
100774,2025-11-19,店舗2,商品09,2,124,248
100774,2025-11-19,店舗2,商品09,1,124,124
100774,2025-11-19,店舗2,商品09,3,124,372
100830,2025-11-19,店舗2,商品09,2,124,248
100957,2025-11-19,店舗2,商品08,2,140,280
100972,2025-11-19,店舗2,商品09,3,124,372
101659,2025-11-19,店舗2,商品08,2,140,280
102155,2025-11-19,店舗2,商品09,1,124,124
102155,2025-11-19,店舗2,商品09,2,124,248
102510,2025-11-19,店舗2,商品08,2,140,280
103084,2025-11-19,店舗2,商品07,3,124,372
103264,2025-11-19,店舗2,商品04,3,140,420
103350,2025-11-19,店舗2,商品09,2,124,248
103601,2025-11-19,店舗2,商品07,2,124,248
104196,2025-11-19,店舗2,商品09,3,124,372
104448,2025-11-19,店舗2,商品05,2,140,280
104790,2025-11-19,店舗2,商品07,2,124,248
105682,2025-11-19,店舗2,商品06,3,140,420
105682,2025-11-19,店舗2,商品06,3,140,420
105682,2025-11-19,店舗2,商品06,1,140,140
105824,2025-11-19,店舗2,商品09,2,124,248
105824,2025-11-19,店舗2,商品09,2,124,248
105824,2025-11-19,店舗2,商品09,1,124,124
105824,2025-11-19,店舗2,商品09,3,124,372
105824,2025-11-19,店舗2,商品09,2,124,248
105824,2025-11-19,店舗2,商品09,3,124,372
105824,2025-11-19,店舗2,商品09,2,124,248
105944,2025-11-19,店舗2,商品04,2,140,280
100957,2025-11-20,店舗1,商品12,5,140,700
101731,2025-11-20,店舗1,商品12,4,140,560
101731,2025-11-20,店舗1,商品12,6,140,840
102083,2025-11-20,店舗1,商品12,4,140,560
102112,2025-11-20,店舗1,商品12,5,140,700
102571,2025-11-20,店舗1,商品10,3,140,420
103177,2025-11-20,店舗1,商品12,5,140,700
103301,2025-11-20,店舗1,商品12,3,140,420
103301,2025-11-20,店舗1,商品12,3,140,420
103301,2025-11-20,店舗1,商品12,7,140,980
104834,2025-11-20,店舗1,商品09,5,124,620
105204,2025-11-20,店舗1,商品12,4,140,560
105230,2025-11-20,店舗1,商品12,6,140,840
105539,2025-11-20,店舗1,商品12,2,140,280
100020,2025-11-20,店舗2,商品09,4,124,496
100163,2025-11-20,店舗2,商品07,2,124,248
100845,2025-11-20,店舗2,商品09,2,124,248
100845,2025-11-20,店舗2,商品09,2,124,248
100845,2025-11-20,店舗2,商品09,1,124,124
100845,2025-11-20,店舗2,商品09,3,124,372
100845,2025-11-20,店舗2,商品09,3,124,372
100845,2025-11-20,店舗2,商品09,3,124,372
100845,2025-11-20,店舗2,商品09,3,124,372
100845,2025-11-20,店舗2,商品09,2,124,248
100845,2025-11-20,店舗2,商品09,1,124,124
100845,2025-11-20,店舗2,商品09,2,124,248
101240,2025-11-20,店舗2,商品09,3,124,372
101628,2025-11-20,店舗2,商品04,2,140,280
101628,2025-11-20,店舗2,商品04,2,140,280
101696,2025-11-20,店舗2,商品04,3,140,420
101696,2025-11-20,店舗2,商品05,1,140,140
101699,2025-11-20,店舗2,商品09,1,124,124
102052,2025-11-20,店舗2,商品09,3,124,372
102586,2025-11-20,店舗2,商品08,2,140,280
102841,2025-11-20,店舗2,商品04,3,140,420
104169,2025-11-20,店舗2,商品04,2,140,280
104508,2025-11-20,店舗2,商品08,4,140,560
105010,2025-11-20,店舗2,商品08,2,140,280
105498,2025-11-20,店舗2,商品04,3,140,420
105806,2025-11-20,店舗2,商品09,2,124,248
105931,2025-11-20,店舗2,商品09,1,124,124
105974,2025-11-20,店舗2,商品09,2,124,248
100154,2025-11-21,店舗1,商品07,3,182,546
100759,2025-11-21,店舗1,商品12,4,206,824
102374,2025-11-21,店舗1,商品12,4,206,824
102374,2025-11-21,店舗1,商品12,4,206,824
102665,2025-11-21,店舗1,商品12,3,206,618
103730,2025-11-21,店舗1,商品12,3,206,618
103730,2025-11-21,店舗1,商品12,3,206,618
104194,2025-11-21,店舗1,商品12,5,206,1030
104194,2025-11-21,店舗1,商品12,3,206,618
104266,2025-11-21,店舗1,商品10,6,206,1236
104266,2025-11-21,店舗1,商品12,4,206,824
104266,2025-11-21,店舗1,商品12,5,206,1030
104301,2025-11-21,店舗1,商品01,3,182,546
105212,2025-11-21,店舗1,商品12,3,206,618
105514,2025-11-21,店舗1,商品12,5,206,1030
100095,2025-11-21,店舗2,商品04,5,206,1030
100106,2025-11-21,店舗2,商品07,2,182,364
100380,2025-11-21,店舗2,商品07,4,182,728
100403,2025-11-21,店舗2,商品01,3,182,546
101264,2025-11-21,店舗2,商品09,3,182,546
101389,2025-11-21,店舗2,商品09,3,182,546
102922,2025-11-21,店舗2,商品08,4,206,824
103074,2025-11-21,店舗2,商品03,1,446,446
103074,2025-11-21,店舗2,商品05,3,206,618
103198,2025-11-21,店舗2,商品08,6,206,1236
103869,2025-11-21,店舗2,商品06,3,206,618
104032,2025-11-21,店舗2,商品08,4,206,824
104622,2025-11-21,店舗2,商品08,6,206,1236
105650,2025-11-21,店舗2,商品09,3,182,546
105676,2025-11-21,店舗2,商品03,1,446,446
105951,2025-11-21,店舗2,商品06,2,206,412
100055,2025-11-22,店舗1,商品12,7,206,1442
100055,2025-11-22,店舗1,商品12,4,206,824
101213,2025-11-22,店舗1,商品12,6,206,1236
101265,2025-11-22,店舗1,商品12,7,206,1442
101273,2025-11-22,店舗1,商品12,3,206,618
101386,2025-11-22,店舗1,商品12,4,206,824
101669,2025-11-22,店舗1,商品12,5,206,1030
101850,2025-11-22,店舗1,商品12,8,206,1648
102045,2025-11-22,店舗1,商品12,3,206,618
102045,2025-11-22,店舗1,商品12,9,206,1854
102912,2025-11-22,店舗1,商品12,5,206,1030
103084,2025-11-22,店舗1,商品12,11,206,2266
103084,2025-11-22,店舗1,商品12,7,206,1442
104009,2025-11-22,店舗1,商品06,5,206,1030
104009,2025-11-22,店舗1,商品06,6,206,1236
104027,2025-11-22,店舗1,商品12,5,206,1030
104097,2025-11-22,店舗1,商品12,7,206,1442
104140,2025-11-22,店舗1,商品12,7,206,1442
104924,2025-11-22,店舗1,商品12,3,206,618
105287,2025-11-22,店舗1,商品12,3,206,618
105376,2025-11-22,店舗1,商品09,7,182,1274
105376,2025-11-22,店舗1,商品10,6,206,1236
105376,2025-11-22,店舗1,商品12,6,206,1236
105514,2025-11-22,店舗1,商品12,5,206,1030
105514,2025-11-22,店舗1,商品12,3,206,618
105514,2025-11-22,店舗1,商品12,9,206,1854
105556,2025-11-22,店舗1,商品12,4,206,824
105688,2025-11-22,店舗1,商品12,3,206,618
105688,2025-11-22,店舗1,商品12,2,206,412
105915,2025-11-22,店舗1,商品12,6,206,1236
100268,2025-11-22,店舗2,商品07,2,182,364
100939,2025-11-22,店舗2,商品09,1,182,182
101289,2025-11-22,店舗2,商品09,2,182,364
103098,2025-11-22,店舗2,商品07,3,182,546
103098,2025-11-22,店舗2,商品07,2,182,364
105485,2025-11-22,店舗2,商品07,2,182,364
100071,2025-11-23,店舗1,商品12,3,206,618
100587,2025-11-23,店舗1,商品12,7,206,1442
100806,2025-11-23,店舗1,商品12,4,206,824
101155,2025-11-23,店舗1,商品12,5,206,1030
101155,2025-11-23,店舗1,商品12,6,206,1236
101183,2025-11-23,店舗1,商品03,2,446,892
101460,2025-11-23,店舗1,商品12,10,206,2060
101471,2025-11-23,店舗1,商品12,6,206,1236
101618,2025-11-23,店舗1,商品12,5,206,1030
101798,2025-11-23,店舗1,商品12,5,206,1030
102256,2025-11-23,店舗1,商品12,6,206,1236
103226,2025-11-23,店舗1,商品12,3,206,618
103764,2025-11-23,店舗1,商品12,9,206,1854
104561,2025-11-23,店舗1,商品04,10,206,2060
104561,2025-11-23,店舗1,商品12,11,206,2266
104561,2025-11-23,店舗1,商品12,5,206,1030
104561,2025-11-23,店舗1,商品12,3,206,618
104640,2025-11-23,店舗1,商品12,3,206,618
104942,2025-11-23,店舗1,商品12,4,206,824
105244,2025-11-23,店舗1,商品12,7,206,1442
105792,2025-11-23,店舗1,商品12,5,206,1030
100733,2025-11-23,店舗2,商品08,3,206,618
100734,2025-11-23,店舗2,商品07,3,182,546
101257,2025-11-23,店舗2,商品04,2,206,412
102148,2025-11-23,店舗2,商品10,1,206,206
102512,2025-11-23,店舗2,商品09,3,182,546
103004,2025-11-23,店舗2,商品09,1,182,182
105477,2025-11-23,店舗2,商品08,4,206,824
100278,2025-11-24,店舗1,商品12,4,206,824
100360,2025-11-24,店舗1,商品07,6,182,1092
101167,2025-11-24,店舗1,商品12,4,206,824
101850,2025-11-24,店舗1,商品12,4,206,824
102135,2025-11-24,店舗1,商品12,3,206,618
102288,2025-11-24,店舗1,商品12,13,206,2678
102488,2025-11-24,店舗1,商品12,4,206,824
102942,2025-11-24,店舗1,商品12,11,206,2266
103098,2025-11-24,店舗1,商品04,5,206,1030
103367,2025-11-24,店舗1,商品12,5,206,1030
103494,2025-11-24,店舗1,商品12,8,206,1648
103494,2025-11-24,店舗1,商品12,6,206,1236
104120,2025-11-24,店舗1,商品12,5,206,1030
104211,2025-11-24,店舗1,商品12,5,206,1030
104211,2025-11-24,店舗1,商品12,3,206,618
104508,2025-11-24,店舗1,商品12,4,206,824
105104,2025-11-24,店舗1,商品12,3,206,618
105104,2025-11-24,店舗1,商品12,4,206,824
105104,2025-11-24,店舗1,商品12,5,206,1030
105104,2025-11-24,店舗1,商品12,3,206,618
105118,2025-11-24,店舗1,商品12,4,206,824
105740,2025-11-24,店舗1,商品10,6,206,1236
105740,2025-11-24,店舗1,商品10,7,206,1442
105740,2025-11-24,店舗1,商品11,1,630,630
105740,2025-11-24,店舗1,商品11,2,630,1260
105740,2025-11-24,店舗1,商品11,1,630,630
105978,2025-11-24,店舗1,商品09,7,182,1274
100670,2025-11-24,店舗2,商品04,2,206,412
102580,2025-11-24,店舗2,商品09,1,182,182
104867,2025-11-24,店舗2,商品09,2,182,364
104867,2025-11-24,店舗2,商品09,3,182,546
105334,2025-11-24,店舗2,商品09,1,182,182
105427,2025-11-24,店舗2,商品07,2,182,364
105642,2025-11-24,店舗2,商品08,2,206,412
105964,2025-11-24,店舗2,商品07,2,182,364
105964,2025-11-24,店舗2,商品07,3,182,546
101178,2025-11-25,店舗1,商品11,2,630,1260
102045,2025-11-25,店舗1,商品12,11,206,2266
102345,2025-11-25,店舗1,商品12,5,206,1030
102485,2025-11-25,店舗1,商品12,5,206,1030
102627,2025-11-25,店舗1,商品12,3,206,618
103751,2025-11-25,店舗1,商品12,3,206,618
103791,2025-11-25,店舗1,商品12,10,206,2060
105119,2025-11-25,店舗1,商品12,4,206,824
100198,2025-11-25,店舗2,商品08,4,206,824
100957,2025-11-25,店舗2,商品07,2,182,364
101160,2025-11-25,店舗2,商品04,2,206,412
101455,2025-11-25,店舗2,商品04,2,206,412
101455,2025-11-25,店舗2,商品04,2,206,412
101464,2025-11-25,店舗2,商品09,1,182,182
101892,2025-11-25,店舗2,商品07,3,182,546
102207,2025-11-25,店舗2,商品07,3,182,546
102374,2025-11-25,店舗2,商品05,2,206,412
102791,2025-11-25,店舗2,商品08,3,206,618
103132,2025-11-25,店舗2,商品09,4,182,728
103132,2025-11-25,店舗2,商品09,2,182,364
103168,2025-11-25,店舗2,商品07,2,182,364
103461,2025-11-25,店舗2,商品07,2,182,364
105431,2025-11-25,店舗2,商品04,2,206,412
105621,2025-11-25,店舗2,商品09,2,182,364
105621,2025-11-25,店舗2,商品09,2,182,364
105621,2025-11-25,店舗2,商品09,2,182,364
105621,2025-11-25,店舗2,商品09,3,182,546
105621,2025-11-25,店舗2,商品09,3,182,546
101502,2025-11-26,店舗1,商品12,5,206,1030
101502,2025-11-26,店舗1,商品12,4,206,824
101908,2025-11-26,店舗1,商品12,4,206,824
102083,2025-11-26,店舗1,商品12,4,206,824
102083,2025-11-26,店舗1,商品12,3,206,618
103791,2025-11-26,店舗1,商品12,5,206,1030
103791,2025-11-26,店舗1,商品12,6,206,1236
104028,2025-11-26,店舗1,商品12,6,206,1236
104640,2025-11-26,店舗1,商品12,4,206,824
105687,2025-11-26,店舗1,商品07,4,182,728
100891,2025-11-26,店舗2,商品07,1,182,182
100892,2025-11-26,店舗2,商品04,1,206,206
100892,2025-11-26,店舗2,商品09,3,182,546
101825,2025-11-26,店舗2,商品08,3,206,618
101825,2025-11-26,店舗2,商品09,2,182,364
101841,2025-11-26,店舗2,商品08,1,206,206
101850,2025-11-26,店舗2,商品07,1,182,182
103009,2025-11-26,店舗2,商品05,2,206,412
103084,2025-11-26,店舗2,商品09,3,182,546
103429,2025-11-26,店舗2,商品08,1,206,206
103689,2025-11-26,店舗2,商品09,2,182,364
104169,2025-11-26,店舗2,商品09,2,182,364
104443,2025-11-26,店舗2,商品09,3,182,546
104443,2025-11-26,店舗2,商品09,4,182,728
104443,2025-11-26,店舗2,商品09,2,182,364
104443,2025-11-26,店舗2,商品09,3,182,546
104443,2025-11-26,店舗2,商品09,2,182,364
104443,2025-11-26,店舗2,商品09,2,182,364
104443,2025-11-26,店舗2,商品09,2,182,364
104513,2025-11-26,店舗2,商品04,1,206,206
104513,2025-11-26,店舗2,商品04,1,206,206
104588,2025-11-26,店舗2,商品04,2,206,412
105104,2025-11-26,店舗2,商品07,3,182,546
100127,2025-11-27,店舗1,商品12,8,206,1648
100526,2025-11-27,店舗1,商品12,7,206,1442
100843,2025-11-27,店舗1,商品12,4,206,824
100876,2025-11-27,店舗1,商品12,6,206,1236
103082,2025-11-27,店舗1,商品12,3,206,618
103082,2025-11-27,店舗1,商品12,5,206,1030
104068,2025-11-27,店舗1,商品12,5,206,1030
104389,2025-11-27,店舗1,商品12,3,206,618
105778,2025-11-27,店舗1,商品07,4,182,728
100162,2025-11-27,店舗2,商品07,2,182,364
101992,2025-11-27,店舗2,商品08,3,206,618
102374,2025-11-27,店舗2,商品08,4,206,824
102374,2025-11-27,店舗2,商品08,3,206,618
102374,2025-11-27,店舗2,商品09,3,182,546
102417,2025-11-27,店舗2,商品09,2,182,364
102488,2025-11-27,店舗2,商品09,2,182,364
103056,2025-11-27,店舗2,商品08,4,206,824
103163,2025-11-27,店舗2,商品08,3,206,618
103295,2025-11-27,店舗2,商品05,3,206,618
103730,2025-11-27,店舗2,商品09,3,182,546
104100,2025-11-27,店舗2,商品08,3,206,618
104634,2025-11-27,店舗2,商品09,2,182,364
105206,2025-11-27,店舗2,商品09,2,182,364
105409,2025-11-27,店舗2,商品05,4,206,824
105755,2025-11-27,店舗2,商品03,1,446,446
105755,2025-11-27,店舗2,商品03,1,446,446
100145,2025-11-28,店舗1,商品12,6,206,1236
100342,2025-11-28,店舗1,商品12,6,206,1236
100353,2025-11-28,店舗1,商品12,3,206,618
100461,2025-11-28,店舗1,商品12,5,206,1030
100869,2025-11-28,店舗1,商品12,5,206,1030
102374,2025-11-28,店舗1,商品12,4,206,824
102374,2025-11-28,店舗1,商品12,5,206,1030
102964,2025-11-28,店舗1,商品12,7,206,1442
103269,2025-11-28,店舗1,商品12,3,206,618
105294,2025-11-28,店舗1,商品12,5,206,1030
105667,2025-11-28,店舗1,商品12,4,206,824
105667,2025-11-28,店舗1,商品12,2,206,412
105667,2025-11-28,店舗1,商品12,4,206,824
105884,2025-11-28,店舗1,商品12,6,206,1236
100891,2025-11-28,店舗2,商品07,3,182,546
100892,2025-11-28,店舗2,商品09,4,182,728
101220,2025-11-28,店舗2,商品01,3,182,546
101427,2025-11-28,店舗2,商品09,1,182,182
101687,2025-11-28,店舗2,商品01,3,182,546
103039,2025-11-28,店舗2,商品01,2,182,364
103168,2025-11-28,店舗2,商品07,2,182,364
103168,2025-11-28,店舗2,商品07,1,182,182
103168,2025-11-28,店舗2,商品07,2,182,364
103168,2025-11-28,店舗2,商品07,5,182,910
103213,2025-11-28,店舗2,商品01,2,182,364
104029,2025-11-28,店舗2,商品08,1,206,206
104087,2025-11-28,店舗2,商品01,3,182,546
104087,2025-11-28,店舗2,商品01,3,182,546
104670,2025-11-28,店舗2,商品10,1,206,206
104725,2025-11-28,店舗2,商品09,2,182,364
104725,2025-11-28,店舗2,商品09,3,182,546
104804,2025-11-28,店舗2,商品09,2,182,364
104804,2025-11-28,店舗2,商品09,2,182,364
105461,2025-11-28,店舗2,商品09,3,182,546
105910,2025-11-28,店舗2,商品04,2,206,412
100303,2025-11-29,店舗1,商品12,7,206,1442
100390,2025-11-29,店舗1,商品12,5,206,1030
100487,2025-11-29,店舗1,商品12,7,206,1442
100501,2025-11-29,店舗1,商品12,6,206,1236
100527,2025-11-29,店舗1,商品12,3,206,618
100719,2025-11-29,店舗1,商品12,12,206,2472
101982,2025-11-29,店舗1,商品12,6,206,1236
102018,2025-11-29,店舗1,商品12,7,206,1442
102530,2025-11-29,店舗1,商品12,8,206,1648
102618,2025-11-29,店舗1,商品12,7,206,1442
103084,2025-11-29,店舗1,商品12,4,206,824
103449,2025-11-29,店舗1,商品12,7,206,1442
103449,2025-11-29,店舗1,商品12,5,206,1030
103449,2025-11-29,店舗1,商品12,4,206,824
103671,2025-11-29,店舗1,商品12,4,206,824
103671,2025-11-29,店舗1,商品12,9,206,1854
103671,2025-11-29,店舗1,商品12,5,206,1030
104009,2025-11-29,店舗1,商品06,5,206,1030
104029,2025-11-29,店舗1,商品12,6,206,1236
104097,2025-11-29,店舗1,商品12,7,206,1442
104246,2025-11-29,店舗1,商品12,6,206,1236
104523,2025-11-29,店舗1,商品12,8,206,1648
104673,2025-11-29,店舗1,商品12,6,206,1236
104703,2025-11-29,店舗1,商品04,7,206,1442
104707,2025-11-29,店舗1,商品12,4,206,824
104745,2025-11-29,店舗1,商品12,12,206,2472
105068,2025-11-29,店舗1,商品12,5,206,1030
105600,2025-11-29,店舗1,商品12,9,206,1854
100382,2025-11-29,店舗2,商品05,1,206,206
101256,2025-11-29,店舗2,商品04,1,206,206
101256,2025-11-29,店舗2,商品08,2,206,412
101256,2025-11-29,店舗2,商品08,2,206,412
103738,2025-11-29,店舗2,商品09,1,182,182
103738,2025-11-29,店舗2,商品09,1,182,182
104017,2025-11-29,店舗2,商品04,2,206,412
105100,2025-11-29,店舗2,商品08,2,206,412
100711,2025-11-30,店舗1,商品12,8,206,1648
100985,2025-11-30,店舗1,商品12,6,206,1236
101482,2025-11-30,店舗1,商品12,6,206,1236
101570,2025-11-30,店舗1,商品12,5,206,1030
101737,2025-11-30,店舗1,商品12,5,206,1030
101982,2025-11-30,店舗1,商品12,5,206,1030
102083,2025-11-30,店舗1,商品12,3,206,618
102083,2025-11-30,店舗1,商品12,3,206,618
102146,2025-11-30,店舗1,商品12,6,206,1236
102341,2025-11-30,店舗1,商品12,6,206,1236
102557,2025-11-30,店舗1,商品11,2,630,1260
102724,2025-11-30,店舗1,商品12,5,206,1030
103364,2025-11-30,店舗1,商品04,7,206,1442
103364,2025-11-30,店舗1,商品04,5,206,1030
103364,2025-11-30,店舗1,商品11,1,630,630
103364,2025-11-30,店舗1,商品11,2,630,1260
103364,2025-11-30,店舗1,商品12,3,206,618
103364,2025-11-30,店舗1,商品12,3,206,618
103660,2025-11-30,店舗1,商品12,3,206,618
103815,2025-11-30,店舗1,商品12,6,206,1236
103815,2025-11-30,店舗1,商品12,4,206,824
103815,2025-11-30,店舗1,商品12,7,206,1442
103815,2025-11-30,店舗1,商品12,5,206,1030
104075,2025-11-30,店舗1,商品12,5,206,1030
104075,2025-11-30,店舗1,商品12,5,206,1030
104226,2025-11-30,店舗1,商品12,4,206,824
104337,2025-11-30,店舗1,商品12,3,206,618
104607,2025-11-30,店舗1,商品12,2,206,412
104751,2025-11-30,店舗1,商品12,2,206,412
104751,2025-11-30,店舗1,商品12,5,206,1030
104979,2025-11-30,店舗1,商品12,12,206,2472
105568,2025-11-30,店舗1,商品12,5,206,1030
105790,2025-11-30,店舗1,商品12,6,206,1236
105790,2025-11-30,店舗1,商品12,11,206,2266
105873,2025-11-30,店舗1,商品06,5,206,1030
105873,2025-11-30,店舗1,商品06,4,206,824
102397,2025-11-30,店舗2,商品05,1,206,206
102397,2025-11-30,店舗2,商品07,1,182,182
103489,2025-11-30,店舗2,商品07,2,182,364
104435,2025-11-30,店舗2,商品09,2,182,364
105598,2025-11-30,店舗2,商品09,2,182,364
100972,2025-12-01,店舗1,商品12,7,206,1442
101730,2025-12-01,店舗1,商品12,9,206,1854
102703,2025-12-01,店舗1,商品12,5,206,1030
102703,2025-12-01,店舗1,商品12,4,206,824
104211,2025-12-01,店舗1,商品12,5,206,1030
104721,2025-12-01,店舗1,商品12,2,206,412
104827,2025-12-01,店舗1,商品12,2,206,412
105068,2025-12-01,店舗1,商品12,5,206,1030
105529,2025-12-01,店舗1,商品12,5,206,1030
100493,2025-12-01,店舗2,商品09,1,182,182
100750,2025-12-01,店舗2,商品07,3,182,546
100754,2025-12-01,店舗2,商品08,1,206,206
101539,2025-12-01,店舗2,商品09,1,182,182
102609,2025-12-01,店舗2,商品07,1,182,182
103156,2025-12-01,店舗2,商品04,2,206,412
103881,2025-12-01,店舗2,商品07,3,182,546
104373,2025-12-01,店舗2,商品05,1,206,206
104443,2025-12-01,店舗2,商品09,1,182,182
104443,2025-12-01,店舗2,商品09,3,182,546
104443,2025-12-01,店舗2,商品09,2,182,364
104607,2025-12-01,店舗2,商品09,1,182,182
104665,2025-12-01,店舗2,商品06,1,206,206
104665,2025-12-01,店舗2,商品06,2,206,412
104665,2025-12-01,店舗2,商品06,2,206,412
104665,2025-12-01,店舗2,商品06,2,206,412
104665,2025-12-01,店舗2,商品06,2,206,412
104665,2025-12-01,店舗2,商品06,2,206,412
104665,2025-12-01,店舗2,商品06,3,206,618
104665,2025-12-01,店舗2,商品06,1,206,206
104665,2025-12-01,店舗2,商品06,1,206,206
104665,2025-12-01,店舗2,商品06,1,206,206
104665,2025-12-01,店舗2,商品06,1,206,206
104665,2025-12-01,店舗2,商品06,1,206,206
105153,2025-12-01,店舗2,商品04,2,206,412
105244,2025-12-01,店舗2,商品08,2,206,412
100005,2025-12-02,店舗1,商品12,3,206,618
100005,2025-12-02,店舗1,商品12,6,206,1236
101271,2025-12-02,店舗1,商品12,4,206,824
102841,2025-12-02,店舗1,商品12,5,206,1030
103412,2025-12-02,店舗1,商品12,4,206,824
103596,2025-12-02,店舗1,商品12,5,206,1030
103747,2025-12-02,店舗1,商品12,4,206,824
104477,2025-12-02,店舗1,商品12,4,206,824
104634,2025-12-02,店舗1,商品02,1,315,315
104634,2025-12-02,店舗1,商品02,1,315,315
104634,2025-12-02,店舗1,商品02,1,315,315
104634,2025-12-02,店舗1,商品02,1,315,315
104634,2025-12-02,店舗1,商品02,1,315,315
105160,2025-12-02,店舗1,商品12,7,206,1442
100234,2025-12-02,店舗2,商品08,2,206,412
100667,2025-12-02,店舗2,商品09,3,182,546
100845,2025-12-02,店舗2,商品09,2,182,364
100845,2025-12-02,店舗2,商品09,1,182,182
100845,2025-12-02,店舗2,商品09,1,182,182
100845,2025-12-02,店舗2,商品09,3,182,546
100845,2025-12-02,店舗2,商品09,3,182,546
100845,2025-12-02,店舗2,商品09,3,182,546
101382,2025-12-02,店舗2,商品08,2,206,412
101382,2025-12-02,店舗2,商品08,1,206,206
101624,2025-12-02,店舗2,商品04,2,206,412
101731,2025-12-02,店舗2,商品08,2,206,412
103273,2025-12-02,店舗2,商品09,2,182,364
103301,2025-12-02,店舗2,商品07,3,182,546
103501,2025-12-02,店舗2,商品07,3,182,546
104023,2025-12-02,店舗2,商品04,2,206,412
104221,2025-12-02,店舗2,商品09,2,182,364
105100,2025-12-02,店舗2,商品08,3,206,618
105298,2025-12-02,店舗2,商品07,2,182,364
105965,2025-12-02,店舗2,商品04,3,206,618
100285,2025-12-03,店舗1,商品12,4,206,824
101195,2025-12-03,店舗1,商品12,6,206,1236
101232,2025-12-03,店舗1,商品12,7,206,1442
101633,2025-12-03,店舗1,商品11,3,630,1890
101633,2025-12-03,店舗1,商品12,5,206,1030
101637,2025-12-03,店舗1,商品12,6,206,1236
102912,2025-12-03,店舗1,商品12,5,206,1030
104450,2025-12-03,店舗1,商品04,4,206,824
105214,2025-12-03,店舗1,商品10,3,206,618
105544,2025-12-03,店舗1,商品12,6,206,1236
100360,2025-12-03,店舗2,商品07,1,182,182
100550,2025-12-03,店舗2,商品04,5,206,1030
100550,2025-12-03,店舗2,商品04,4,206,824
100830,2025-12-03,店舗2,商品09,3,182,546
100830,2025-12-03,店舗2,商品09,2,182,364
100887,2025-12-03,店舗2,商品06,1,206,206
101026,2025-12-03,店舗2,商品07,2,182,364
101516,2025-12-03,店舗2,商品06,3,206,618
101789,2025-12-03,店舗2,商品01,3,182,546
101992,2025-12-03,店舗2,商品08,2,206,412
103004,2025-12-03,店舗2,商品07,3,182,546
103199,2025-12-03,店舗2,商品08,2,206,412
103236,2025-12-03,店舗2,商品06,3,206,618
103511,2025-12-03,店舗2,商品09,3,182,546
103511,2025-12-03,店舗2,商品09,2,182,364
103511,2025-12-03,店舗2,商品09,3,182,546
103511,2025-12-03,店舗2,商品09,3,182,546
104066,2025-12-03,店舗2,商品04,3,206,618
104386,2025-12-03,店舗2,商品04,1,206,206
100302,2025-12-04,店舗1,商品12,5,206,1030
100836,2025-12-04,店舗1,商品12,3,206,618
101731,2025-12-04,店舗1,商品12,6,206,1236
101731,2025-12-04,店舗1,商品12,3,206,618
101731,2025-12-04,店舗1,商品12,2,206,412
101731,2025-12-04,店舗1,商品12,3,206,618
102489,2025-12-04,店舗1,商品12,3,206,618
102753,2025-12-04,店舗1,商品12,3,206,618
102753,2025-12-04,店舗1,商品12,3,206,618
103060,2025-12-04,店舗1,商品07,2,182,364
103060,2025-12-04,店舗1,商品12,3,206,618
103060,2025-12-04,店舗1,商品12,4,206,824
103626,2025-12-04,店舗1,商品12,4,206,824
103695,2025-12-04,店舗1,商品12,3,206,618
103695,2025-12-04,店舗1,商品12,3,206,618
105307,2025-12-04,店舗1,商品12,2,206,412
100076,2025-12-04,店舗2,商品05,4,206,824
100570,2025-12-04,店舗2,商品07,4,182,728
101293,2025-12-04,店舗2,商品01,2,182,364
101293,2025-12-04,店舗2,商品01,1,182,182
101293,2025-12-04,店舗2,商品01,2,182,364
101625,2025-12-04,店舗2,商品04,2,206,412
102636,2025-12-04,店舗2,商品03,1,446,446
102636,2025-12-04,店舗2,商品09,2,182,364
102717,2025-12-04,店舗2,商品04,3,206,618
102869,2025-12-04,店舗2,商品02,1,315,315
102869,2025-12-04,店舗2,商品05,2,206,412
103564,2025-12-04,店舗2,商品04,2,206,412
103682,2025-12-04,店舗2,商品04,5,206,1030
103682,2025-12-04,店舗2,商品09,2,182,364
103682,2025-12-04,店舗2,商品09,3,182,546
104009,2025-12-04,店舗2,商品06,2,206,412
104293,2025-12-04,店舗2,商品09,2,182,364
104389,2025-12-04,店舗2,商品08,2,206,412
104867,2025-12-04,店舗2,商品09,3,182,546
105010,2025-12-04,店舗2,商品08,2,206,412
100318,2025-12-05,店舗1,商品12,8,206,1648
100318,2025-12-05,店舗1,商品12,4,206,824
101625,2025-12-05,店舗1,商品12,5,206,1030
101925,2025-12-05,店舗1,商品12,5,206,1030
102371,2025-12-05,店舗1,商品12,7,206,1442
102439,2025-12-05,店舗1,商品12,2,206,412
102439,2025-12-05,店舗1,商品12,3,206,618
102439,2025-12-05,店舗1,商品12,6,206,1236
102505,2025-12-05,店舗1,商品12,5,206,1030
102513,2025-12-05,店舗1,商品12,3,206,618
102513,2025-12-05,店舗1,商品12,6,206,1236
103437,2025-12-05,店舗1,商品10,3,206,618
103491,2025-12-05,店舗1,商品12,7,206,1442
103874,2025-12-05,店舗1,商品12,4,206,824
105337,2025-12-05,店舗1,商品12,4,206,824
105884,2025-12-05,店舗1,商品12,4,206,824
100859,2025-12-05,店舗2,商品09,4,182,728
100859,2025-12-05,店舗2,商品09,2,182,364
101534,2025-12-05,店舗2,商品04,3,206,618
101606,2025-12-05,店舗2,商品04,6,206,1236
101753,2025-12-05,店舗2,商品09,2,182,364
101943,2025-12-05,店舗2,商品07,5,182,910
102371,2025-12-05,店舗2,商品07,3,182,546
102709,2025-12-05,店舗2,商品09,3,182,546
103168,2025-12-05,店舗2,商品07,4,182,728
103168,2025-12-05,店舗2,商品07,3,182,546
103433,2025-12-05,店舗2,商品07,2,182,364
104494,2025-12-05,店舗2,商品09,2,182,364
104852,2025-12-05,店舗2,商品10,3,206,618
104858,2025-12-05,店舗2,商品09,1,182,182
105129,2025-12-05,店舗2,商品05,3,206,618
105236,2025-12-05,店舗2,商品08,2,206,412
105498,2025-12-05,店舗2,商品09,3,182,546
100122,2025-12-06,店舗1,商品12,6,206,1236
100168,2025-12-06,店舗1,商品12,8,206,1648
100176,2025-12-06,店舗1,商品12,8,206,1648
100192,2025-12-06,店舗1,商品12,7,206,1442
100196,2025-12-06,店舗1,商品12,5,206,1030
100278,2025-12-06,店舗1,商品06,2,206,412
100831,2025-12-06,店舗1,商品12,6,206,1236
101363,2025-12-06,店舗1,商品12,6,206,1236
102262,2025-12-06,店舗1,商品12,7,206,1442
102337,2025-12-06,店舗1,商品12,4,206,824
102374,2025-12-06,店舗1,商品12,7,206,1442
102374,2025-12-06,店舗1,商品12,13,206,2678
102393,2025-12-06,店舗1,商品12,8,206,1648
102561,2025-12-06,店舗1,商品12,8,206,1648
102562,2025-12-06,店舗1,商品12,5,206,1030
102918,2025-12-06,店舗1,商品12,7,206,1442
102918,2025-12-06,店舗1,商品12,7,206,1442
102918,2025-12-06,店舗1,商品12,13,206,2678
103004,2025-12-06,店舗1,商品12,5,206,1030
103598,2025-12-06,店舗1,商品12,8,206,1648
103791,2025-12-06,店舗1,商品12,4,206,824
103993,2025-12-06,店舗1,商品12,6,206,1236
104640,2025-12-06,店舗1,商品12,8,206,1648
104916,2025-12-06,店舗1,商品12,5,206,1030
105004,2025-12-06,店舗1,商品12,11,206,2266
105164,2025-12-06,店舗1,商品12,8,206,1648
105214,2025-12-06,店舗1,商品10,4,206,824
105704,2025-12-06,店舗1,商品12,6,206,1236
105704,2025-12-06,店舗1,商品12,4,206,824
100127,2025-12-06,店舗2,商品09,2,182,364
100127,2025-12-06,店舗2,商品09,1,182,182
100667,2025-12-06,店舗2,商品07,2,182,364
102437,2025-12-06,店舗2,商品09,2,182,364
104251,2025-12-06,店舗2,商品10,3,206,618
104251,2025-12-06,店舗2,商品10,1,206,206
104800,2025-12-06,店舗2,商品09,1,182,182
100393,2025-12-07,店舗1,商品12,6,206,1236
100418,2025-12-07,店舗1,商品12,7,206,1442
100501,2025-12-07,店舗1,商品12,5,206,1030
100544,2025-12-07,店舗1,商品12,5,206,1030
100836,2025-12-07,店舗1,商品12,8,206,1648
100906,2025-12-07,店舗1,商品12,4,206,824
100906,2025-12-07,店舗1,商品12,5,206,1030
101375,2025-12-07,店舗1,商品12,8,206,1648
101389,2025-12-07,店舗1,商品12,5,206,1030
101687,2025-12-07,店舗1,商品12,7,206,1442
102083,2025-12-07,店舗1,商品12,6,206,1236
102083,2025-12-07,店舗1,商品12,5,206,1030
102397,2025-12-07,店舗1,商品12,7,206,1442
102397,2025-12-07,店舗1,商品12,7,206,1442
102744,2025-12-07,店舗1,商品12,6,206,1236
102918,2025-12-07,店舗1,商品12,12,206,2472
102918,2025-12-07,店舗1,商品12,9,206,1854
102918,2025-12-07,店舗1,商品12,8,206,1648
102918,2025-12-07,店舗1,商品12,10,206,2060
102958,2025-12-07,店舗1,商品12,8,206,1648
103257,2025-12-07,店舗1,商品12,7,206,1442
103295,2025-12-07,店舗1,商品12,6,206,1236
103315,2025-12-07,店舗1,商品12,4,206,824
103793,2025-12-07,店舗1,商品12,6,206,1236
104736,2025-12-07,店舗1,商品09,6,182,1092
105040,2025-12-07,店舗1,商品12,9,206,1854
105556,2025-12-07,店舗1,商品12,8,206,1648
105742,2025-12-07,店舗1,商品12,4,206,824
104087,2025-12-07,店舗2,商品08,2,206,412
104239,2025-12-07,店舗2,商品07,1,182,182
104285,2025-12-07,店舗2,商品09,1,182,182
105780,2025-12-07,店舗2,商品08,2,206,412
105780,2025-12-07,店舗2,商品09,2,182,364
100766,2025-12-08,店舗1,商品12,6,206,1236
100817,2025-12-08,店舗1,商品12,3,206,618
101516,2025-12-08,店舗1,商品12,3,206,618
101773,2025-12-08,店舗1,商品12,4,206,824
102279,2025-12-08,店舗1,商品06,5,206,1030
102279,2025-12-08,店舗1,商品06,5,206,1030
102371,2025-12-08,店舗1,商品12,4,206,824
102437,2025-12-08,店舗1,商品12,4,206,824
104745,2025-12-08,店舗1,商品12,4,206,824
104745,2025-12-08,店舗1,商品12,3,206,618
104745,2025-12-08,店舗1,商品12,4,206,824
100501,2025-12-08,店舗2,商品09,2,182,364
100564,2025-12-08,店舗2,商品09,1,182,182
101455,2025-12-08,店舗2,商品07,3,182,546
101825,2025-12-08,店舗2,商品07,2,182,364
102371,2025-12-08,店舗2,商品09,2,182,364
102918,2025-12-08,店舗2,商品04,6,206,1236
103304,2025-12-08,店舗2,商品08,2,206,412
104156,2025-12-08,店舗2,商品01,2,182,364
104293,2025-12-08,店舗2,商品07,2,182,364
104523,2025-12-08,店舗2,商品04,2,206,412
104523,2025-12-08,店舗2,商品04,2,206,412
104942,2025-12-08,店舗2,商品07,3,182,546
105005,2025-12-08,店舗2,商品09,3,182,546
105005,2025-12-08,店舗2,商品09,3,182,546
105005,2025-12-08,店舗2,商品09,3,182,546
105005,2025-12-08,店舗2,商品09,2,182,364
105005,2025-12-08,店舗2,商品09,3,182,546
105068,2025-12-08,店舗2,商品06,2,206,412
105813,2025-12-08,店舗2,商品05,4,206,824
100208,2025-12-09,店舗1,商品12,4,206,824
103098,2025-12-09,店舗1,商品12,6,206,1236
103193,2025-12-09,店舗1,商品12,3,206,618
103703,2025-12-09,店舗1,商品12,8,206,1648
103975,2025-12-09,店舗1,商品12,6,206,1236
105195,2025-12-09,店舗1,商品12,13,206,2678
105468,2025-12-09,店舗1,商品12,3,206,618
105556,2025-12-09,店舗1,商品12,4,206,824
105768,2025-12-09,店舗1,商品12,4,206,824
100725,2025-12-09,店舗2,商品01,2,182,364
100927,2025-12-09,店舗2,商品07,2,182,364
101841,2025-12-09,店舗2,商品08,3,206,618
102388,2025-12-09,店舗2,商品04,3,206,618
102388,2025-12-09,店舗2,商品04,2,206,412
102388,2025-12-09,店舗2,商品04,2,206,412
102388,2025-12-09,店舗2,商品04,2,206,412
102995,2025-12-09,店舗2,商品09,3,182,546
103084,2025-12-09,店舗2,商品03,1,446,446
103084,2025-12-09,店舗2,商品03,1,446,446
103084,2025-12-09,店舗2,商品03,2,446,892
103084,2025-12-09,店舗2,商品03,1,446,446
103501,2025-12-09,店舗2,商品08,4,206,824
103590,2025-12-09,店舗2,商品09,2,182,364
103590,2025-12-09,店舗2,商品09,2,182,364
103781,2025-12-09,店舗2,商品08,2,206,412
103797,2025-12-09,店舗2,商品09,2,182,364
103940,2025-12-09,店舗2,商品07,2,182,364
103995,2025-12-09,店舗2,商品06,2,206,412
104523,2025-12-09,店舗2,商品04,1,206,206
104523,2025-12-09,店舗2,商品04,2,206,412
105033,2025-12-09,店舗2,商品09,3,182,546
100982,2025-12-10,店舗1,商品12,6,206,1236
100996,2025-12-10,店舗1,商品12,3,206,618
101454,2025-12-10,店舗1,商品12,4,206,824
102331,2025-12-10,店舗1,商品12,9,206,1854
103425,2025-12-10,店舗1,商品12,2,206,412
103587,2025-12-10,店舗1,商品12,7,206,1442
103948,2025-12-10,店舗1,商品12,5,206,1030
105322,2025-12-10,店舗1,商品12,4,206,824
105633,2025-12-10,店舗1,商品12,5,206,1030
105633,2025-12-10,店舗1,商品12,4,206,824
105854,2025-12-10,店舗1,商品12,4,206,824
100587,2025-12-10,店舗2,商品07,3,182,546
100726,2025-12-10,店舗2,商品09,5,182,910
101992,2025-12-10,店舗2,商品08,3,206,618
102852,2025-12-10,店舗2,商品08,3,206,618
103303,2025-12-10,店舗2,商品04,2,206,412
103309,2025-12-10,店舗2,商品09,3,182,546
103409,2025-12-10,店舗2,商品07,2,182,364
103409,2025-12-10,店舗2,商品07,2,182,364
103409,2025-12-10,店舗2,商品07,3,182,546
103462,2025-12-10,店舗2,商品05,3,206,618
103719,2025-12-10,店舗2,商品09,2,182,364
104054,2025-12-10,店舗2,商品01,2,182,364
104312,2025-12-10,店舗2,商品09,2,182,364
104312,2025-12-10,店舗2,商品09,4,182,728
104739,2025-12-10,店舗2,商品03,1,446,446
104974,2025-12-10,店舗2,商品04,2,206,412
105206,2025-12-10,店舗2,商品08,4,206,824
100570,2025-12-11,店舗1,商品12,3,206,618
100985,2025-12-11,店舗1,商品01,3,182,546
101888,2025-12-11,店舗1,商品12,4,206,824
102771,2025-12-11,店舗1,商品12,2,206,412
102771,2025-12-11,店舗1,商品12,6,206,1236
102771,2025-12-11,店舗1,商品12,3,206,618
102771,2025-12-11,店舗1,商品12,5,206,1030
102771,2025-12-11,店舗1,商品12,3,206,618
102771,2025-12-11,店舗1,商品12,3,206,618
102771,2025-12-11,店舗1,商品12,2,206,412
103695,2025-12-11,店舗1,商品12,3,206,618
104258,2025-12-11,店舗1,商品11,1,630,630
104258,2025-12-11,店舗1,商品11,1,630,630
104523,2025-12-11,店舗1,商品12,2,206,412
104942,2025-12-11,店舗1,商品12,3,206,618
105539,2025-12-11,店舗1,商品12,4,206,824
105747,2025-12-11,店舗1,商品01,3,182,546
105747,2025-12-11,店舗1,商品01,3,182,546
100334,2025-12-11,店舗2,商品07,2,182,364
100529,2025-12-11,店舗2,商品04,2,206,412
101560,2025-12-11,店舗2,商品04,2,206,412
102015,2025-12-11,店舗2,商品07,2,182,364
103296,2025-12-11,店舗2,商品07,1,182,182
103557,2025-12-11,店舗2,商品06,2,206,412
104029,2025-12-11,店舗2,商品08,2,206,412
104114,2025-12-11,店舗2,商品09,4,182,728
104114,2025-12-11,店舗2,商品09,2,182,364
104114,2025-12-11,店舗2,商品09,2,182,364
104332,2025-12-11,店舗2,商品01,2,182,364
104332,2025-12-11,店舗2,商品01,2,182,364
104623,2025-12-11,店舗2,商品04,5,206,1030
105135,2025-12-11,店舗2,商品07,4,182,728
105529,2025-12-11,店舗2,商品08,2,206,412
105629,2025-12-11,店舗2,商品08,3,206,618
105965,2025-12-11,店舗2,商品04,7,206,1442
100282,2025-12-12,店舗1,商品12,4,206,824
101403,2025-12-12,店舗1,商品12,7,206,1442
101659,2025-12-12,店舗1,商品12,8,206,1648
102845,2025-12-12,店舗1,商品12,3,206,618
103082,2025-12-12,店舗1,商品12,10,206,2060
103394,2025-12-12,店舗1,商品12,5,206,1030
103394,2025-12-12,店舗1,商品12,5,206,1030
103404,2025-12-12,店舗1,商品12,3,206,618
103473,2025-12-12,店舗1,商品12,4,206,824
103791,2025-12-12,店舗1,商品12,8,206,1648
104169,2025-12-12,店舗1,商品12,5,206,1030
104403,2025-12-12,店舗1,商品12,4,206,824
104722,2025-12-12,店舗1,商品12,4,206,824
105326,2025-12-12,店舗1,商品12,9,206,1854
100311,2025-12-12,店舗2,商品01,4,182,728
100817,2025-12-12,店舗2,商品09,2,182,364
101731,2025-12-12,店舗2,商品07,3,182,546
101731,2025-12-12,店舗2,商品07,3,182,546
101789,2025-12-12,店舗2,商品09,3,182,546
102011,2025-12-12,店舗2,商品05,3,206,618
102011,2025-12-12,店舗2,商品08,4,206,824
102242,2025-12-12,店舗2,商品09,3,182,546
102448,2025-12-12,店舗2,商品04,3,206,618
103332,2025-12-12,店舗2,商品09,3,182,546
104488,2025-12-12,店舗2,商品05,3,206,618
104492,2025-12-12,店舗2,商品04,3,206,618
104492,2025-12-12,店舗2,商品04,3,206,618
104826,2025-12-12,店舗2,商品07,2,182,364
104905,2025-12-12,店舗2,商品08,3,206,618
105127,2025-12-12,店舗2,商品09,3,182,546
105472,2025-12-12,店舗2,商品04,1,206,206
105729,2025-12-12,店舗2,商品01,1,182,182
100501,2025-12-13,店舗1,商品12,6,206,1236
100510,2025-12-13,店舗1,商品12,7,206,1442
100570,2025-12-13,店舗1,商品12,5,206,1030
100587,2025-12-13,店舗1,商品12,3,206,618
100850,2025-12-13,店舗1,商品12,5,206,1030
101213,2025-12-13,店舗1,商品12,3,206,618
101330,2025-12-13,店舗1,商品12,3,206,618
101565,2025-12-13,店舗1,商品12,7,206,1442
101618,2025-12-13,店舗1,商品12,4,206,824
101755,2025-12-13,店舗1,商品12,7,206,1442
101755,2025-12-13,店舗1,商品12,3,206,618
101780,2025-12-13,店舗1,商品12,5,206,1030
102352,2025-12-13,店舗1,商品12,3,206,618
102439,2025-12-13,店舗1,商品12,7,206,1442
102439,2025-12-13,店舗1,商品12,8,206,1648
102511,2025-12-13,店舗1,商品12,6,206,1236
102593,2025-12-13,店舗1,商品12,3,206,618
102748,2025-12-13,店舗1,商品12,5,206,1030
102976,2025-12-13,店舗1,商品06,4,206,824
102976,2025-12-13,店舗1,商品06,5,206,1030
102976,2025-12-13,店舗1,商品06,4,206,824
103010,2025-12-13,店舗1,商品12,5,206,1030
103408,2025-12-13,店舗1,商品12,4,206,824
103408,2025-12-13,店舗1,商品12,4,206,824
103565,2025-12-13,店舗1,商品12,4,206,824
104029,2025-12-13,店舗1,商品12,6,206,1236
104029,2025-12-13,店舗1,商品12,4,206,824
104029,2025-12-13,店舗1,商品12,9,206,1854
104063,2025-12-13,店舗1,商品12,5,206,1030
104220,2025-12-13,店舗1,商品07,8,182,1456
104220,2025-12-13,店舗1,商品10,8,206,1648
104220,2025-12-13,店舗1,商品11,1,630,630
104220,2025-12-13,店舗1,商品12,6,206,1236
104703,2025-12-13,店舗1,商品11,1,630,630
105068,2025-12-13,店舗1,商品12,6,206,1236
105068,2025-12-13,店舗1,商品12,5,206,1030
105068,2025-12-13,店舗1,商品12,4,206,824
105068,2025-12-13,店舗1,商品12,7,206,1442
105068,2025-12-13,店舗1,商品12,7,206,1442
105068,2025-12-13,店舗1,商品12,4,206,824
105068,2025-12-13,店舗1,商品12,4,206,824
105247,2025-12-13,店舗1,商品12,7,206,1442
105868,2025-12-13,店舗1,商品12,4,206,824
100417,2025-12-13,店舗2,商品04,1,206,206
101692,2025-12-13,店舗2,商品09,2,182,364
101692,2025-12-13,店舗2,商品09,3,182,546
101692,2025-12-13,店舗2,商品09,1,182,182
103394,2025-12-13,店舗2,商品09,2,182,364
103629,2025-12-13,店舗2,商品09,1,182,182
103835,2025-12-13,店舗2,商品07,1,182,182
103835,2025-12-13,店舗2,商品08,1,206,206
100184,2025-12-14,店舗1,商品12,5,206,1030
100192,2025-12-14,店舗1,商品12,5,206,1030
100685,2025-12-14,店舗1,商品12,4,206,824
100735,2025-12-14,店舗1,商品12,3,206,618
100840,2025-12-14,店舗1,商品12,5,206,1030
102157,2025-12-14,店舗1,商品12,5,206,1030
102374,2025-12-14,店舗1,商品12,5,206,1030
102509,2025-12-14,店舗1,商品12,3,206,618
102522,2025-12-14,店舗1,商品12,5,206,1030
102648,2025-12-14,店舗1,商品01,8,182,1456
102665,2025-12-14,店舗1,商品12,5,206,1030
102665,2025-12-14,店舗1,商品12,6,206,1236
102709,2025-12-14,店舗1,商品12,9,206,1854
102709,2025-12-14,店舗1,商品12,5,206,1030
102709,2025-12-14,店舗1,商品12,4,206,824
102709,2025-12-14,店舗1,商品12,6,206,1236
102709,2025-12-14,店舗1,商品12,6,206,1236
102869,2025-12-14,店舗1,商品09,4,182,728
102992,2025-12-14,店舗1,商品12,5,206,1030
103162,2025-12-14,店舗1,商品12,6,206,1236
103303,2025-12-14,店舗1,商品12,9,206,1854
103491,2025-12-14,店舗1,商品12,9,206,1854
103724,2025-12-14,店舗1,商品12,4,206,824
103754,2025-12-14,店舗1,商品06,6,206,1236
104293,2025-12-14,店舗1,商品12,4,206,824
104450,2025-12-14,店舗1,商品06,8,206,1648
104450,2025-12-14,店舗1,商品06,4,206,824
104450,2025-12-14,店舗1,商品06,5,206,1030
104450,2025-12-14,店舗1,商品06,7,206,1442
104450,2025-12-14,店舗1,商品12,4,206,824
104731,2025-12-14,店舗1,商品12,7,206,1442
104892,2025-12-14,店舗1,商品12,9,206,1854
105068,2025-12-14,店舗1,商品12,12,206,2472
105171,2025-12-14,店舗1,商品12,5,206,1030
105742,2025-12-14,店舗1,商品12,9,206,1854
105854,2025-12-14,店舗1,商品12,7,206,1442
102636,2025-12-14,店舗2,商品08,2,206,412
103560,2025-12-14,店舗2,商品04,1,206,206
103560,2025-12-14,店舗2,商品07,1,182,182
104879,2025-12-14,店舗2,商品01,1,182,182
105117,2025-12-14,店舗2,商品07,2,182,364
100389,2025-12-15,店舗1,商品12,7,206,1442
101136,2025-12-15,店舗1,商品12,6,206,1236
102845,2025-12-15,店舗1,商品12,4,206,824
104009,2025-12-15,店舗1,商品12,5,206,1030
104009,2025-12-15,店舗1,商品12,3,206,618
104017,2025-12-15,店舗1,商品12,3,206,618
104068,2025-12-15,店舗1,商品12,2,206,412
104068,2025-12-15,店舗1,商品12,3,206,618
105109,2025-12-15,店舗1,商品12,6,206,1236
105358,2025-12-15,店舗1,商品12,3,206,618
105629,2025-12-15,店舗1,商品12,8,206,1648
100162,2025-12-15,店舗2,商品08,3,206,618
101183,2025-12-15,店舗2,商品07,2,182,364
101183,2025-12-15,店舗2,商品07,2,182,364
101183,2025-12-15,店舗2,商品07,2,182,364
101183,2025-12-15,店舗2,商品07,2,182,364
101183,2025-12-15,店舗2,商品07,5,182,910
101183,2025-12-15,店舗2,商品07,2,182,364
101781,2025-12-15,店舗2,商品10,3,206,618
101850,2025-12-15,店舗2,商品07,2,182,364
102211,2025-12-15,店舗2,商品07,2,182,364
102364,2025-12-15,店舗2,商品08,1,206,206
103168,2025-12-15,店舗2,商品07,4,182,728
103285,2025-12-15,店舗2,商品09,1,182,182
103285,2025-12-15,店舗2,商品09,1,182,182
103495,2025-12-15,店舗2,商品09,2,182,364
103958,2025-12-15,店舗2,商品04,2,206,412
104087,2025-12-15,店舗2,商品08,1,206,206
104097,2025-12-15,店舗2,商品07,2,182,364
105570,2025-12-15,店舗2,商品07,3,182,546
101177,2025-12-16,店舗1,商品12,4,206,824
104068,2025-12-16,店舗1,商品12,5,206,1030
104169,2025-12-16,店舗1,商品12,4,206,824
104598,2025-12-16,店舗1,商品12,6,206,1236
104598,2025-12-16,店舗1,商品12,4,206,824
104954,2025-12-16,店舗1,商品12,3,206,618
104954,2025-12-16,店舗1,商品12,5,206,1030
105000,2025-12-16,店舗1,商品12,4,206,824
105004,2025-12-16,店舗1,商品12,5,206,1030
105436,2025-12-16,店舗1,商品12,7,206,1442
105707,2025-12-16,店舗1,商品12,4,206,824
100461,2025-12-16,店舗2,商品04,2,206,412
100741,2025-12-16,店舗2,商品09,3,182,546
101820,2025-12-16,店舗2,商品08,2,206,412
102646,2025-12-16,店舗2,商品03,1,446,446
102852,2025-12-16,店舗2,商品08,1,206,206
103168,2025-12-16,店舗2,商品07,3,182,546
103168,2025-12-16,店舗2,商品07,1,182,182
103315,2025-12-16,店舗2,商品07,1,182,182
103315,2025-12-16,店舗2,商品07,3,182,546
103315,2025-12-16,店舗2,商品07,2,182,364
103315,2025-12-16,店舗2,商品07,2,182,364
103315,2025-12-16,店舗2,商品07,1,182,182
103315,2025-12-16,店舗2,商品07,2,182,364
103560,2025-12-16,店舗2,商品04,2,206,412
103807,2025-12-16,店舗2,商品03,1,446,446
104568,2025-12-16,店舗2,商品04,2,206,412
104570,2025-12-16,店舗2,商品06,2,206,412
105317,2025-12-16,店舗2,商品09,1,182,182
105317,2025-12-16,店舗2,商品09,1,182,182
105448,2025-12-16,店舗2,商品08,3,206,618
105539,2025-12-16,店舗2,商品09,3,182,546
105539,2025-12-16,店舗2,商品09,2,182,364
105539,2025-12-16,店舗2,商品09,4,182,728
105539,2025-12-16,店舗2,商品09,2,182,364
105539,2025-12-16,店舗2,商品09,3,182,546
100076,2025-12-17,店舗1,商品12,6,206,1236
100416,2025-12-17,店舗1,商品12,4,206,824
103053,2025-12-17,店舗1,商品12,6,206,1236
103819,2025-12-17,店舗1,商品12,7,206,1442
104821,2025-12-17,店舗1,商品12,8,206,1648
104915,2025-12-17,店舗1,商品12,8,206,1648
105461,2025-12-17,店舗1,商品12,4,206,824
105468,2025-12-17,店舗1,商品12,3,206,618
105498,2025-12-17,店舗1,商品12,4,206,824
105676,2025-12-17,店舗1,商品06,5,206,1030
101415,2025-12-17,店舗2,商品07,2,182,364
101937,2025-12-17,店舗2,商品06,5,206,1030
102188,2025-12-17,店舗2,商品08,4,206,824
102362,2025-12-17,店舗2,商品09,3,182,546
102397,2025-12-17,店舗2,商品07,2,182,364
102397,2025-12-17,店舗2,商品07,2,182,364
102665,2025-12-17,店舗2,商品07,2,182,364
103177,2025-12-17,店舗2,商品07,2,182,364
103529,2025-12-17,店舗2,商品06,3,206,618
104341,2025-12-17,店舗2,商品09,4,182,728
104623,2025-12-17,店舗2,商品04,2,206,412
104942,2025-12-17,店舗2,商品01,2,182,364
105310,2025-12-17,店舗2,商品07,4,182,728
105358,2025-12-17,店舗2,商品08,2,206,412
105395,2025-12-17,店舗2,商品04,4,206,824
105395,2025-12-17,店舗2,商品04,2,206,412
105395,2025-12-17,店舗2,商品04,3,206,618
100725,2025-12-18,店舗1,商品12,3,206,618
100784,2025-12-18,店舗1,商品12,3,206,618
100784,2025-12-18,店舗1,商品12,3,206,618
100784,2025-12-18,店舗1,商品12,3,206,618
101699,2025-12-18,店舗1,商品12,2,206,412
103159,2025-12-18,店舗1,商品12,5,206,1030
103304,2025-12-18,店舗1,商品12,6,206,1236
103552,2025-12-18,店舗1,商品12,7,206,1442
103563,2025-12-18,店舗1,商品12,5,206,1030
105376,2025-12-18,店舗1,商品11,1,630,630
105413,2025-12-18,店舗1,商品12,11,206,2266
105556,2025-12-18,店舗1,商品12,5,206,1030
105556,2025-12-18,店舗1,商品12,4,206,824
102666,2025-12-18,店舗2,商品01,2,182,364
103004,2025-12-18,店舗2,商品07,2,182,364
103461,2025-12-18,店舗2,商品07,3,182,546
103461,2025-12-18,店舗2,商品07,2,182,364
104018,2025-12-18,店舗2,商品01,3,182,546
104018,2025-12-18,店舗2,商品01,2,182,364
104075,2025-12-18,店舗2,商品09,3,182,546
104548,2025-12-18,店舗2,商品09,3,182,546
104623,2025-12-18,店舗2,商品04,4,206,824
104867,2025-12-18,店舗2,商品08,2,206,412
104867,2025-12-18,店舗2,商品08,2,206,412
104872,2025-12-18,店舗2,商品01,3,182,546
105010,2025-12-18,店舗2,商品04,3,206,618
105068,2025-12-18,店舗2,商品09,3,182,546
105068,2025-12-18,店舗2,商品09,2,182,364
105335,2025-12-18,店舗2,商品07,2,182,364
105970,2025-12-18,店舗2,商品09,3,182,546
100234,2025-12-19,店舗1,商品09,9,182,1638
100802,2025-12-19,店舗1,商品12,6,206,1236
102437,2025-12-19,店舗1,商品12,8,206,1648
103157,2025-12-19,店舗1,商品12,5,206,1030
103406,2025-12-19,店舗1,商品12,7,206,1442
103541,2025-12-19,店舗1,商品12,5,206,1030
103992,2025-12-19,店舗1,商品12,7,206,1442
104389,2025-12-19,店舗1,商品12,6,206,1236
104567,2025-12-19,店舗1,商品12,5,206,1030
104673,2025-12-19,店舗1,商品12,3,206,618
104948,2025-12-19,店舗1,商品12,6,206,1236
105568,2025-12-19,店舗1,商品12,7,206,1442
100170,2025-12-19,店舗2,商品04,3,206,618
101263,2025-12-19,店舗2,商品06,4,206,824
101482,2025-12-19,店舗2,商品06,3,206,618
101820,2025-12-19,店舗2,商品01,6,182,1092
101992,2025-12-19,店舗2,商品09,3,182,546
102030,2025-12-19,店舗2,商品09,3,182,546
102997,2025-12-19,店舗2,商品09,3,182,546
103053,2025-12-19,店舗2,商品07,4,182,728
103304,2025-12-19,店舗2,商品04,3,206,618
104097,2025-12-19,店舗2,商品07,4,182,728
104332,2025-12-19,店舗2,商品08,4,206,824
104441,2025-12-19,店舗2,商品04,4,206,824
105498,2025-12-19,店舗2,商品03,1,446,446
105859,2025-12-19,店舗2,商品07,4,182,728
100101,2025-12-20,店舗1,商品12,9,206,1854
100137,2025-12-20,店舗1,商品10,10,206,2060
100234,2025-12-20,店舗1,商品09,8,182,1456
100234,2025-12-20,店舗1,商品12,8,206,1648
100399,2025-12-20,店舗1,商品12,9,206,1854
100464,2025-12-20,店舗1,商品12,9,206,1854
100487,2025-12-20,店舗1,商品10,8,206,1648
100487,2025-12-20,店舗1,商品12,10,206,2060
100692,2025-12-20,店舗1,商品12,8,206,1648
100867,2025-12-20,店舗1,商品12,8,206,1648
100944,2025-12-20,店舗1,商品12,7,206,1442
101051,2025-12-20,店舗1,商品12,5,206,1030
101105,2025-12-20,店舗1,商品12,8,206,1648
101626,2025-12-20,店舗1,商品12,7,206,1442
101985,2025-12-20,店舗1,商品12,7,206,1442
102236,2025-12-20,店舗1,商品12,6,206,1236
102523,2025-12-20,店舗1,商品12,4,206,824
102684,2025-12-20,店舗1,商品12,9,206,1854
102711,2025-12-20,店舗1,商品12,6,206,1236
102711,2025-12-20,店舗1,商品12,8,206,1648
102879,2025-12-20,店舗1,商品09,8,182,1456
102899,2025-12-20,店舗1,商品12,9,206,1854
102899,2025-12-20,店舗1,商品12,7,206,1442
102899,2025-12-20,店舗1,商品12,7,206,1442
102928,2025-12-20,店舗1,商品12,9,206,1854
103031,2025-12-20,店舗1,商品12,7,206,1442
103048,2025-12-20,店舗1,商品12,7,206,1442
103049,2025-12-20,店舗1,商品12,10,206,2060
103098,2025-12-20,店舗1,商品04,8,206,1648
103730,2025-12-20,店舗1,商品09,5,182,910
103771,2025-12-20,店舗1,商品12,6,206,1236
103788,2025-12-20,店舗1,商品12,9,206,1854
103934,2025-12-20,店舗1,商品12,5,206,1030
104068,2025-12-20,店舗1,商品12,6,206,1236
104258,2025-12-20,店舗1,商品11,1,630,630
104258,2025-12-20,店舗1,商品11,1,630,630
104295,2025-12-20,店舗1,商品12,7,206,1442
104295,2025-12-20,店舗1,商品12,7,206,1442
104379,2025-12-20,店舗1,商品12,3,206,618
104379,2025-12-20,店舗1,商品12,5,206,1030
104667,2025-12-20,店舗1,商品12,6,206,1236
104852,2025-12-20,店舗1,商品12,8,206,1648
104852,2025-12-20,店舗1,商品12,6,206,1236
105322,2025-12-20,店舗1,商品12,6,206,1236
105533,2025-12-20,店舗1,商品12,10,206,2060
100165,2025-12-20,店舗2,商品08,1,206,206
100239,2025-12-20,店舗2,商品07,2,182,364
100239,2025-12-20,店舗2,商品07,2,182,364
100891,2025-12-20,店舗2,商品07,1,182,182
100891,2025-12-20,店舗2,商品09,3,182,546
102485,2025-12-20,店舗2,商品04,2,206,412
102684,2025-12-20,店舗2,商品09,2,182,364
102820,2025-12-20,店舗2,商品09,3,182,546
103098,2025-12-20,店舗2,商品07,2,182,364
100067,2025-12-21,店舗1,商品12,7,206,1442
100070,2025-12-21,店舗1,商品12,11,206,2266
100113,2025-12-21,店舗1,商品12,9,206,1854
100297,2025-12-21,店舗1,商品12,4,206,824
100533,2025-12-21,店舗1,商品12,9,206,1854
100542,2025-12-21,店舗1,商品12,8,206,1648
100664,2025-12-21,店舗1,商品12,5,206,1030
100664,2025-12-21,店舗1,商品12,3,206,618
100973,2025-12-21,店舗1,商品12,5,206,1030
101177,2025-12-21,店舗1,商品12,8,206,1648
101265,2025-12-21,店舗1,商品01,6,182,1092
101430,2025-12-21,店舗1,商品12,5,206,1030
101430,2025-12-21,店舗1,商品12,4,206,824
101430,2025-12-21,店舗1,商品12,5,206,1030
101430,2025-12-21,店舗1,商品12,5,206,1030
101446,2025-12-21,店舗1,商品12,11,206,2266
101670,2025-12-21,店舗1,商品12,5,206,1030
102433,2025-12-21,店舗1,商品12,8,206,1648
102447,2025-12-21,店舗1,商品12,13,206,2678
102485,2025-12-21,店舗1,商品12,4,206,824
103025,2025-12-21,店舗1,商品12,8,206,1648
103031,2025-12-21,店舗1,商品12,8,206,1648
103366,2025-12-21,店舗1,商品12,7,206,1442
103404,2025-12-21,店舗1,商品12,5,206,1030
103657,2025-12-21,店舗1,商品07,3,182,546
103657,2025-12-21,店舗1,商品07,7,182,1274
103657,2025-12-21,店舗1,商品07,7,182,1274
103657,2025-12-21,店舗1,商品07,6,182,1092
103835,2025-12-21,店舗1,商品12,8,206,1648
103892,2025-12-21,店舗1,商品12,11,206,2266
104075,2025-12-21,店舗1,商品12,6,206,1236
104091,2025-12-21,店舗1,商品12,9,206,1854
104120,2025-12-21,店舗1,商品06,10,206,2060
104169,2025-12-21,店舗1,商品12,9,206,1854
104219,2025-12-21,店舗1,商品12,5,206,1030
104521,2025-12-21,店舗1,商品12,16,206,3296
104800,2025-12-21,店舗1,商品12,8,206,1648
105109,2025-12-21,店舗1,商品12,3,206,618
105294,2025-12-21,店舗1,商品10,4,206,824
105294,2025-12-21,店舗1,商品10,6,206,1236
105816,2025-12-21,店舗1,商品12,6,206,1236
103557,2025-12-21,店舗2,商品09,1,182,182
104075,2025-12-21,店舗2,商品09,2,182,364
104075,2025-12-21,店舗2,商品09,2,182,364
104450,2025-12-21,店舗2,商品10,2,206,412
105063,2025-12-21,店舗2,商品08,3,206,618
105556,2025-12-21,店舗2,商品07,2,182,364
100409,2025-12-22,店舗1,商品12,6,206,1236
100685,2025-12-22,店舗1,商品12,6,206,1236
101980,2025-12-22,店舗1,商品07,3,182,546
102207,2025-12-22,店舗1,商品12,5,206,1030
102345,2025-12-22,店舗1,商品12,7,206,1442
102534,2025-12-22,店舗1,商品12,6,206,1236
102709,2025-12-22,店舗1,商品02,2,315,630
102709,2025-12-22,店舗1,商品02,2,315,630
102709,2025-12-22,店舗1,商品02,1,315,315
103082,2025-12-22,店舗1,商品12,6,206,1236
103082,2025-12-22,店舗1,商品12,4,206,824
103425,2025-12-22,店舗1,商品12,4,206,824
104018,2025-12-22,店舗1,商品12,8,206,1648
105322,2025-12-22,店舗1,商品12,4,206,824
105453,2025-12-22,店舗1,商品12,5,206,1030
100783,2025-12-22,店舗2,商品09,5,182,910
100921,2025-12-22,店舗2,商品09,2,182,364
100929,2025-12-22,店舗2,商品04,4,206,824
101237,2025-12-22,店舗2,商品07,4,182,728
101516,2025-12-22,店舗2,商品07,3,182,546
101687,2025-12-22,店舗2,商品08,3,206,618
102556,2025-12-22,店舗2,商品09,3,182,546
102556,2025-12-22,店舗2,商品09,2,182,364
102793,2025-12-22,店舗2,商品08,2,206,412
103120,2025-12-22,店舗2,商品09,3,182,546
103132,2025-12-22,店舗2,商品08,4,206,824
103183,2025-12-22,店舗2,商品09,3,182,546
103307,2025-12-22,店舗2,商品07,3,182,546
103307,2025-12-22,店舗2,商品07,4,182,728
103771,2025-12-22,店舗2,商品07,2,182,364
104097,2025-12-22,店舗2,商品09,3,182,546
104373,2025-12-22,店舗2,商品01,5,182,910
105461,2025-12-22,店舗2,商品07,4,182,728
105950,2025-12-22,店舗2,商品10,3,206,618
100550,2025-12-23,店舗1,商品12,5,206,1030
100981,2025-12-23,店舗1,商品12,5,206,1030
101265,2025-12-23,店舗1,商品07,4,182,728
101731,2025-12-23,店舗1,商品07,4,182,728
101731,2025-12-23,店舗1,商品07,5,182,910
102119,2025-12-23,店舗1,商品12,4,206,824
102680,2025-12-23,店舗1,商品12,5,206,1030
102757,2025-12-23,店舗1,商品12,4,206,824
103084,2025-12-23,店舗1,商品07,2,182,364
103084,2025-12-23,店舗1,商品12,2,206,412
103084,2025-12-23,店舗1,商品12,3,206,618
103084,2025-12-23,店舗1,商品12,6,206,1236
103477,2025-12-23,店舗1,商品12,8,206,1648
103626,2025-12-23,店舗1,商品12,3,206,618
104871,2025-12-23,店舗1,商品12,6,206,1236
100321,2025-12-23,店舗2,商品07,3,182,546
100400,2025-12-23,店舗2,商品08,2,206,412
100487,2025-12-23,店舗2,商品01,4,182,728
100487,2025-12-23,店舗2,商品01,2,182,364
100564,2025-12-23,店舗2,商品09,3,182,546
100886,2025-12-23,店舗2,商品04,3,206,618
101027,2025-12-23,店舗2,商品07,2,182,364
101027,2025-12-23,店舗2,商品07,1,182,182
101027,2025-12-23,店舗2,商品07,1,182,182
101027,2025-12-23,店舗2,商品07,3,182,546
101027,2025-12-23,店舗2,商品07,4,182,728
101606,2025-12-23,店舗2,商品08,3,206,618
103049,2025-12-23,店舗2,商品04,2,206,412
103264,2025-12-23,店舗2,商品04,2,206,412
103452,2025-12-23,店舗2,商品07,2,182,364
103452,2025-12-23,店舗2,商品08,3,206,618
103494,2025-12-23,店舗2,商品01,4,182,728
103494,2025-12-23,店舗2,商品01,3,182,546
104347,2025-12-23,店舗2,商品05,2,206,412
104703,2025-12-23,店舗2,商品06,2,206,412
105312,2025-12-23,店舗2,商品09,2,182,364
105367,2025-12-23,店舗2,商品04,2,206,412
105667,2025-12-23,店舗2,商品01,3,182,546
105667,2025-12-23,店舗2,商品01,2,182,364
105679,2025-12-23,店舗2,商品08,3,206,618
100415,2025-12-24,店舗1,商品12,3,206,618
100415,2025-12-24,店舗1,商品12,10,206,2060
101214,2025-12-24,店舗1,商品12,5,206,1030
101273,2025-12-24,店舗1,商品12,4,206,824
102627,2025-12-24,店舗1,商品12,3,206,618
103074,2025-12-24,店舗1,商品11,1,630,630
103173,2025-12-24,店舗1,商品09,5,182,910
103352,2025-12-24,店舗1,商品09,2,182,364
104892,2025-12-24,店舗1,商品12,5,206,1030
105106,2025-12-24,店舗1,商品12,7,206,1442
105206,2025-12-24,店舗1,商品12,3,206,618
105376,2025-12-24,店舗1,商品10,3,206,618
105376,2025-12-24,店舗1,商品10,5,206,1030
105590,2025-12-24,店舗1,商品12,6,206,1236
105590,2025-12-24,店舗1,商品12,3,206,618
105708,2025-12-24,店舗1,商品12,5,206,1030
105708,2025-12-24,店舗1,商品12,6,206,1236
100550,2025-12-24,店舗2,商品04,4,206,824
100769,2025-12-24,店舗2,商品08,2,206,412
101175,2025-12-24,店舗2,商品04,4,206,824
101885,2025-12-24,店舗2,商品05,3,206,618
102552,2025-12-24,店舗2,商品09,5,182,910
102552,2025-12-24,店舗2,商品09,5,182,910
102841,2025-12-24,店舗2,商品04,3,206,618
102918,2025-12-24,店舗2,商品06,3,206,618
103254,2025-12-24,店舗2,商品06,7,206,1442
103636,2025-12-24,店舗2,商品09,2,182,364
103755,2025-12-24,店舗2,商品09,4,182,728
104389,2025-12-24,店舗2,商品04,2,206,412
104790,2025-12-24,店舗2,商品06,3,206,618
104790,2025-12-24,店舗2,商品07,4,182,728
104940,2025-12-24,店舗2,商品05,2,206,412
105067,2025-12-24,店舗2,商品01,3,182,546
105436,2025-12-24,店舗2,商品09,1,182,182
105514,2025-12-24,店舗2,商品07,3,182,546
105612,2025-12-24,店舗2,商品09,4,182,728
105907,2025-12-24,店舗2,商品04,3,206,618
100349,2025-12-25,店舗1,商品12,5,206,1030
100360,2025-12-25,店舗1,商品07,6,182,1092
101403,2025-12-25,店舗1,商品12,5,206,1030
101751,2025-12-25,店舗1,商品12,4,206,824
101751,2025-12-25,店舗1,商品12,7,206,1442
102217,2025-12-25,店舗1,商品12,5,206,1030
102535,2025-12-25,店舗1,商品12,6,206,1236
102535,2025-12-25,店舗1,商品12,6,206,1236
102684,2025-12-25,店舗1,商品12,6,206,1236
102881,2025-12-25,店舗1,商品12,5,206,1030
102920,2025-12-25,店舗1,商品12,4,206,824
103493,2025-12-25,店舗1,商品12,4,206,824
104942,2025-12-25,店舗1,商品12,5,206,1030
105809,2025-12-25,店舗1,商品12,5,206,1030
100268,2025-12-25,店舗2,商品04,2,206,412
100268,2025-12-25,店舗2,商品07,2,182,364
100501,2025-12-25,店舗2,商品08,4,206,824
100587,2025-12-25,店舗2,商品01,2,182,364
101516,2025-12-25,店舗2,商品08,2,206,412
101519,2025-12-25,店舗2,商品08,2,206,412
101748,2025-12-25,店舗2,商品07,3,182,546
102030,2025-12-25,店舗2,商品09,1,182,182
102529,2025-12-25,店舗2,商品01,3,182,546
102529,2025-12-25,店舗2,商品01,4,182,728
102529,2025-12-25,店舗2,商品01,2,182,364
102529,2025-12-25,店舗2,商品01,4,182,728
102857,2025-12-25,店舗2,商品04,3,206,618
103168,2025-12-25,店舗2,商品07,3,182,546
103532,2025-12-25,店舗2,商品07,2,182,364
103682,2025-12-25,店舗2,商品09,2,182,364
103682,2025-12-25,店舗2,商品09,2,182,364
103781,2025-12-25,店舗2,商品09,4,182,728
104097,2025-12-25,店舗2,商品07,2,182,364
104266,2025-12-25,店舗2,商品08,2,206,412
105010,2025-12-25,店舗2,商品04,3,206,618
105097,2025-12-25,店舗2,商品09,4,182,728
105360,2025-12-25,店舗2,商品04,2,206,412
105360,2025-12-25,店舗2,商品04,5,206,1030
100095,2025-12-26,店舗1,商品12,4,206,824
100162,2025-12-26,店舗1,商品12,3,206,618
100798,2025-12-26,店舗1,商品12,9,206,1854
100798,2025-12-26,店舗1,商品12,6,206,1236
101562,2025-12-26,店舗1,商品10,7,206,1442
103465,2025-12-26,店舗1,商品12,9,206,1854
103489,2025-12-26,店舗1,商品12,5,206,1030
103629,2025-12-26,店舗1,商品12,4,206,824
103756,2025-12-26,店舗1,商品12,5,206,1030
105033,2025-12-26,店舗1,商品12,4,206,824
105268,2025-12-26,店舗1,商品12,4,206,824
105498,2025-12-26,店舗1,商品12,3,206,618
105688,2025-12-26,店舗1,商品12,5,206,1030
105688,2025-12-26,店舗1,商品12,4,206,824
100055,2025-12-26,店舗2,商品08,4,206,824
100303,2025-12-26,店舗2,商品09,3,182,546
100303,2025-12-26,店舗2,商品09,4,182,728
100382,2025-12-26,店舗2,商品09,1,182,182
100487,2025-12-26,店舗2,商品09,1,182,182
100623,2025-12-26,店舗2,商品07,2,182,364
100623,2025-12-26,店舗2,商品07,2,182,364
100623,2025-12-26,店舗2,商品08,2,206,412
100623,2025-12-26,店舗2,商品08,2,206,412
100623,2025-12-26,店舗2,商品09,2,182,364
101618,2025-12-26,店舗2,商品10,2,206,412
102295,2025-12-26,店舗2,商品04,3,206,618
102420,2025-12-26,店舗2,商品07,2,182,364
102422,2025-12-26,店舗2,商品08,2,206,412
104335,2025-12-26,店舗2,商品09,3,182,546
104337,2025-12-26,店舗2,商品09,3,182,546
104531,2025-12-26,店舗2,商品04,2,206,412
105253,2025-12-26,店舗2,商品07,4,182,728
105598,2025-12-26,店舗2,商品09,4,182,728
100004,2025-12-27,店舗1,商品12,6,206,1236
100027,2025-12-27,店舗1,商品12,7,206,1442
100499,2025-12-27,店舗1,商品12,8,206,1648
100648,2025-12-27,店舗1,商品12,6,206,1236
100677,2025-12-27,店舗1,商品12,6,206,1236
100957,2025-12-27,店舗1,商品12,13,206,2678
101216,2025-12-27,店舗1,商品12,6,206,1236
101216,2025-12-27,店舗1,商品12,11,206,2266
101408,2025-12-27,店舗1,商品12,11,206,2266
101475,2025-12-27,店舗1,商品12,6,206,1236
101888,2025-12-27,店舗1,商品12,5,206,1030
102065,2025-12-27,店舗1,商品12,5,206,1030
102291,2025-12-27,店舗1,商品12,8,206,1648
102666,2025-12-27,店舗1,商品12,9,206,1854
102869,2025-12-27,店舗1,商品11,2,630,1260
103049,2025-12-27,店舗1,商品12,10,206,2060
103121,2025-12-27,店舗1,商品12,9,206,1854
103193,2025-12-27,店舗1,商品12,8,206,1648
103316,2025-12-27,店舗1,商品12,6,206,1236
103316,2025-12-27,店舗1,商品12,9,206,1854
103406,2025-12-27,店舗1,商品07,13,182,2366
103820,2025-12-27,店舗1,商品07,6,182,1092
103933,2025-12-27,店舗1,商品12,10,206,2060
104293,2025-12-27,店舗1,商品12,6,206,1236
105104,2025-12-27,店舗1,商品12,6,206,1236
105729,2025-12-27,店舗1,商品03,3,446,1338
105745,2025-12-27,店舗1,商品12,6,206,1236
101482,2025-12-27,店舗2,商品06,1,206,206
101482,2025-12-27,店舗2,商品09,1,182,182
103285,2025-12-27,店舗2,商品08,1,206,206
105005,2025-12-27,店舗2,商品08,2,206,412
105005,2025-12-27,店舗2,商品08,1,206,206
105005,2025-12-27,店舗2,商品08,2,206,412
105231,2025-12-27,店舗2,商品09,2,182,364
105521,2025-12-27,店舗2,商品08,1,206,206
100213,2025-12-28,店舗1,商品12,6,206,1236
100426,2025-12-28,店舗1,商品12,3,206,618
100587,2025-12-28,店舗1,商品12,5,206,1030
100614,2025-12-28,店舗1,商品12,6,206,1236
100906,2025-12-28,店舗1,商品12,4,206,824
100957,2025-12-28,店舗1,商品12,9,206,1854
102083,2025-12-28,店舗1,商品12,11,206,2266
102175,2025-12-28,店舗1,商品12,8,206,1648
102374,2025-12-28,店舗1,商品12,7,206,1442
102437,2025-12-28,店舗1,商品12,6,206,1236
102446,2025-12-28,店舗1,商品12,9,206,1854
102446,2025-12-28,店舗1,商品12,13,206,2678
102446,2025-12-28,店舗1,商品12,6,206,1236
102446,2025-12-28,店舗1,商品12,4,206,824
102446,2025-12-28,店舗1,商品12,6,206,1236
102530,2025-12-28,店舗1,商品12,8,206,1648
102646,2025-12-28,店舗1,商品12,6,206,1236
102697,2025-12-28,店舗1,商品12,5,206,1030
102809,2025-12-28,店舗1,商品12,10,206,2060
102920,2025-12-28,店舗1,商品12,7,206,1442
103074,2025-12-28,店舗1,商品10,7,206,1442
103074,2025-12-28,店舗1,商品12,8,206,1648
103317,2025-12-28,店舗1,商品12,8,206,1648
103473,2025-12-28,店舗1,商品12,9,206,1854
103613,2025-12-28,店舗1,商品12,4,206,824
103701,2025-12-28,店舗1,商品12,6,206,1236
103949,2025-12-28,店舗1,商品12,7,206,1442
104041,2025-12-28,店舗1,商品12,9,206,1854
104550,2025-12-28,店舗1,商品12,7,206,1442
104589,2025-12-28,店舗1,商品12,7,206,1442
104631,2025-12-28,店舗1,商品12,7,206,1442
104631,2025-12-28,店舗1,商品12,6,206,1236
104797,2025-12-28,店舗1,商品12,6,206,1236
105204,2025-12-28,店舗1,商品12,6,206,1236
105395,2025-12-28,店舗1,商品12,5,206,1030
105477,2025-12-28,店舗1,商品12,11,206,2266
101570,2025-12-28,店舗2,商品08,1,206,206
102793,2025-12-28,店舗2,商品09,2,182,364
104120,2025-12-28,店舗2,商品09,2,182,364
100685,2025-12-29,店舗1,商品12,5,206,1030
100685,2025-12-29,店舗1,商品12,6,206,1236
101073,2025-12-29,店舗1,商品12,3,206,618
101548,2025-12-29,店舗1,商品12,5,206,1030
101687,2025-12-29,店舗1,商品10,4,206,824
101687,2025-12-29,店舗1,商品12,6,206,1236
102397,2025-12-29,店舗1,商品12,5,206,1030
102456,2025-12-29,店舗1,商品12,4,206,824
102456,2025-12-29,店舗1,商品12,3,206,618
103600,2025-12-29,店舗1,商品12,5,206,1030
105436,2025-12-29,店舗1,商品12,4,206,824
105939,2025-12-29,店舗1,商品12,3,206,618
100287,2025-12-29,店舗2,商品01,1,182,182
101433,2025-12-29,店舗2,商品04,2,206,412
101433,2025-12-29,店舗2,商品08,2,206,412
102667,2025-12-29,店舗2,商品09,2,182,364
102849,2025-12-29,店舗2,商品09,2,182,364
102849,2025-12-29,店舗2,商品09,3,182,546
103003,2025-12-29,店舗2,商品04,1,206,206
103272,2025-12-29,店舗2,商品07,3,182,546
103402,2025-12-29,店舗2,商品01,2,182,364
103467,2025-12-29,店舗2,商品07,1,182,182
103467,2025-12-29,店舗2,商品07,2,182,364
103467,2025-12-29,店舗2,商品07,3,182,546
103467,2025-12-29,店舗2,商品07,1,182,182
103467,2025-12-29,店舗2,商品07,1,182,182
103467,2025-12-29,店舗2,商品07,1,182,182
105541,2025-12-29,店舗2,商品08,1,206,206
100103,2025-12-30,店舗1,商品12,4,206,824
100103,2025-12-30,店舗1,商品12,7,206,1442
100511,2025-12-30,店舗1,商品12,4,206,824
102045,2025-12-30,店舗1,商品12,8,206,1648
102778,2025-12-30,店舗1,商品12,5,206,1030
102869,2025-12-30,店舗1,商品12,7,206,1442
102992,2025-12-30,店舗1,商品12,3,206,618
104350,2025-12-30,店舗1,商品12,5,206,1030
105598,2025-12-30,店舗1,商品10,4,206,824
105725,2025-12-30,店舗1,商品12,6,206,1236
105745,2025-12-30,店舗1,商品12,4,206,824
101301,2025-12-30,店舗2,商品08,2,206,412
101392,2025-12-30,店舗2,商品08,2,206,412
101392,2025-12-30,店舗2,商品08,2,206,412
101891,2025-12-30,店舗2,商品06,2,206,412
101891,2025-12-30,店舗2,商品06,3,206,618
102337,2025-12-30,店舗2,商品09,2,182,364
102852,2025-12-30,店舗2,商品08,2,206,412
103142,2025-12-30,店舗2,商品06,3,206,618
103394,2025-12-30,店舗2,商品07,3,182,546
105033,2025-12-30,店舗2,商品09,2,182,364
105228,2025-12-30,店舗2,商品07,3,182,546
105641,2025-12-30,店舗2,商品08,3,206,618
100268,2025-12-31,店舗1,商品12,5,206,1030
100280,2025-12-31,店舗1,商品12,3,206,618
100533,2025-12-31,店舗1,商品12,4,206,824
100802,2025-12-31,店舗1,商品12,6,206,1236
102303,2025-12-31,店舗1,商品12,11,206,2266
102488,2025-12-31,店舗1,商品04,5,206,1030
102488,2025-12-31,店舗1,商品12,6,206,1236
102510,2025-12-31,店舗1,商品12,4,206,824
103048,2025-12-31,店舗1,商品12,3,206,618
103461,2025-12-31,店舗1,商品12,3,206,618
103461,2025-12-31,店舗1,商品12,2,206,412
104373,2025-12-31,店舗1,商品09,6,182,1092
105376,2025-12-31,店舗1,商品10,4,206,824
100331,2025-12-31,店舗2,商品01,2,182,364
100371,2025-12-31,店舗2,商品06,2,206,412
101916,2025-12-31,店舗2,商品09,2,182,364
101999,2025-12-31,店舗2,商品06,3,206,618
102757,2025-12-31,店舗2,商品08,3,206,618
102757,2025-12-31,店舗2,商品08,2,206,412
102791,2025-12-31,店舗2,商品07,3,182,546
104396,2025-12-31,店舗2,商品09,2,182,364
104396,2025-12-31,店舗2,商品09,3,182,546
105000,2025-12-31,店舗2,商品07,3,182,546
105119,2025-12-31,店舗2,商品04,2,206,412
